,lse,Ead_NNP,ontop_element,site_info
0,0.831610695,-1.843065739,Ir,facet
1,1.222323433,-1.895982742,Ir,edge
2,0.665017143,-1.63086319,Ir,facet
3,1.627638832,-2.144318581,Ir,corner
4,1.355736748,-2.034860611,Ir,edge
5,1.168639675,-1.92971611,Ir,edge
6,0.621701256,-1.552405834,Ir,facet
7,0.819087044,-1.78016901,Ir,facet
8,1.430648342,-2.17589426,Ir,edge
9,1.366566673,-1.964545727,Ir,corner
10,0.972112671,-1.800865173,Ir,edge
11,0.877235428,-1.791938782,Ir,facet
12,0.839126602,-1.74203968,Ir,facet
13,1.514346615,-1.956599712,Ir,corner
14,1.24011375,-1.989235401,Ir,edge
15,0.871337906,-1.84804821,Ir,facet
16,0.760425583,-1.680762768,Ir,facet
17,0.70461084,-1.680864811,Ir,facet
18,1.639479176,-2.153528214,Ir,corner
19,0.653035179,-1.69539547,Ir,facet
20,1.126354233,-1.951489925,Ir,edge
21,1.514969364,-2.104555607,Ir,corner
22,1.691181675,-2.145943642,Ir,corner
23,1.256615654,-2.007418156,Ir,edge
24,1.423624531,-2.106668949,Ir,edge
25,1.301146999,-1.984298706,Ir,edge
26,0.944736496,-1.817000389,Ir,facet
27,0.442374287,-1.318565369,Pd,edge
28,0.08077961,-0.904501915,Pd,facet
29,0.063084183,-0.950709343,Pd,facet
30,0.100972233,-1.00910759,Pd,facet
31,0.276293812,-1.231749535,Pd,edge
32,0.26109129,-1.123755932,Pd,edge
33,0.029751835,-0.906509876,Pd,facet
34,0.078232822,-0.946194172,Pd,facet
35,0.277024803,-1.177301884,Pd,edge
36,0.355505047,-1.193910599,Pd,edge
37,0.042448101,-0.847873688,Pd,facet
38,0.042306957,-0.905434132,Pd,facet
39,0.340135632,-1.203672886,Pd,corner
40,0.045980988,-0.944129467,Pd,facet
41,0.292188225,-1.138031483,Pd,edge
42,0.553360996,-1.375358105,Pd,corner
43,0.178690014,-1.087576389,Pd,edge
44,0.029588757,-0.888949394,Pd,facet
45,0.063425121,-0.943227291,Pd,facet
46,0.459049282,-1.38481617,Pd,edge
47,0.03276926,-0.844935417,Pd,facet
48,0.050720272,-0.981042385,Pd,facet
49,0.31595665,-1.199140072,Pd,edge
50,0.115257797,-1.034073353,Pd,facet
51,0.024067936,-0.901256561,Pd,facet
52,0.103572426,-0.996822357,Pd,facet
53,0.548435745,-1.382077217,Pd,corner
54,0.090332264,-1.212615967,Pt,facet
55,0.514546627,-1.676928997,Pt,corner
56,0.224552864,-1.446575165,Pt,edge
57,0.433492893,-1.609507084,Pt,corner
58,0.060123676,-1.244532585,Pt,facet
59,0.284444088,-1.476383686,Pt,corner
60,0.055450195,-1.235270023,Pt,facet
61,0.057984108,-1.175321102,Pt,facet
62,0.362923378,-1.563416958,Pt,corner
63,0.295710796,-1.50476265,Pt,edge
64,0.209826225,-1.431612492,Pt,edge
65,0.481379265,-1.690655231,Pt,corner
66,0.132828468,-1.367058277,Pt,edge
67,0.398793453,-1.535181522,Pt,corner
68,0.05489468,-1.145103455,Pt,facet
69,0.072296375,-1.213319302,Pt,facet
70,0.001693481,-1.157410622,Pt,facet
71,0.000930065,-1.150382519,Pt,facet
72,0.018345112,-1.234031677,Pt,facet
73,0.12106871,-1.320532799,Pt,facet
74,-0.022860771,-1.169800282,Pt,facet
75,0.393529648,-1.530622005,Pt,edge
76,0.572729343,-1.702310562,Pt,corner
77,0.639087624,-1.673936844,Rh,edge
78,0.743944115,-1.640994549,Rh,corner
79,0.290874428,-1.280623913,Rh,facet
80,0.464235252,-1.527178764,Rh,facet
81,0.913432068,-1.755684853,Rh,corner
82,0.456802792,-1.534436226,Rh,facet
83,0.489126152,-1.548982143,Rh,facet
84,0.318365997,-1.323689461,Rh,facet
85,0.318173832,-1.336446762,Rh,facet
86,0.570715851,-1.5096488,Rh,edge
87,1.143751568,-1.931663036,Rh,corner
88,0.286258167,-1.345759869,Rh,facet
89,0.358877605,-1.391366482,Rh,facet
90,0.482726997,-1.424437523,Rh,edge
91,0.511300987,-1.485453606,Rh,edge
92,0.660115189,-1.705426693,Rh,edge
93,0.586359924,-1.469753265,Rh,edge
94,0.337387032,-1.34877634,Rh,facet
95,0.630362457,-1.663694859,Rh,edge
96,0.731709904,-1.644659042,Rh,corner
97,0.422256893,-1.582179546,Rh,facet
98,0.512661404,-1.704806805,Rh,facet
99,0.40324015,-1.459585667,Rh,facet
100,0.456610626,-1.504307747,Rh,facet
101,0.791806168,-1.775658607,Rh,edge
102,0.960117764,-1.764523506,Rh,corner
103,1.534653835,-2.163887024,Ru,edge
104,0.948758774,-1.902433395,Ru,facet
105,1.405903034,-2.003007412,Ru,edge
106,1.007315331,-1.917142391,Ru,facet
107,0.959219627,-1.907734871,Ru,facet
108,0.782531433,-1.676677704,Ru,facet
109,1.270568542,-2.02504158,Ru,edge
110,0.891638451,-1.759988785,Ru,facet
111,1.013341599,-1.946065903,Ru,facet
112,1.364850216,-2.04948616,Ru,edge
113,0.957046204,-1.873045444,Ru,facet
114,1.075770073,-1.992183208,Ru,facet
115,0.837687187,-1.787013531,Ru,facet
116,1.628078632,-2.319913864,Ru,facet
117,0.85646122,-1.806414127,Ru,facet
118,2.277896099,-2.468474865,Ru,corner
119,1.759353809,-2.221375465,Ru,corner
120,0.845978432,-1.809776783,Ru,facet
121,1.895367317,-2.206611156,Ru,corner
122,1.300384537,-1.999560356,Ir,edge
123,0.853340164,-1.826806068,Ir,facet
124,0.779027954,-1.654477596,Ir,facet
125,0.742485062,-1.642256737,Ir,facet
126,0.983617798,-1.840849876,Ir,facet
127,0.687954918,-1.588595867,Ir,facet
128,0.671802536,-1.676608562,Ir,facet
129,1.049683109,-1.852820873,Ir,edge
130,1.513858334,-2.084152699,Ir,corner
131,1.701534286,-2.158499718,Ir,corner
132,1.737958447,-2.173073769,Ir,corner
133,1.138728157,-1.816794872,Ir,edge
134,0.657047287,-1.612170696,Ir,facet
135,1.133970753,-1.931275368,Ir,edge
136,1.154171959,-1.912519455,Ir,edge
137,1.555263535,-2.08999157,Ir,corner
138,0.728626266,-1.693091869,Ir,facet
139,1.363336578,-1.976102352,Ir,corner
140,0.930964485,-1.809051991,Ir,facet
141,0.904546753,-1.877528191,Ir,facet
142,1.166709915,-1.986886501,Ir,edge
143,1.554095284,-2.224332333,Ir,edge
144,0.390115318,-1.277953148,Pd,edge
145,0.107977448,-0.968276978,Pd,facet
146,0.528621731,-1.413598061,Pd,corner
147,0.517482338,-1.489692211,Pd,edge
148,0.163692532,-1.15294075,Pd,facet
149,0.351781425,-1.299418926,Pd,edge
150,0.079038677,-1.007834435,Pd,facet
151,0.330811081,-1.219550133,Pd,edge
152,0.078177509,-0.96789217,Pd,facet
153,0.027283249,-0.873384953,Pd,facet
154,0.279223499,-1.171143532,Pd,edge
155,0.252490101,-1.144967556,Pd,edge
156,0.331095753,-1.148124218,Pd,edge
157,0.091924248,-0.949317932,Pd,facet
158,0.001796303,-0.878818989,Pd,facet
159,0.098864136,-0.994059563,Pd,facet
160,0.286462364,-1.18484211,Pd,edge
161,0.373512802,-1.27686882,Pd,edge
162,0.086515961,-1.04121685,Pd,facet
163,0.397233543,-1.323958397,Pd,edge
164,0.394706783,-1.247287273,Pd,corner
165,0.343182621,-1.274253368,Pd,corner
166,0.534303246,-1.401863575,Pd,corner
167,0.523210583,-1.454255104,Pd,corner
168,-0.057216888,-1.058274269,Pt,facet
169,0.321518654,-1.449198723,Pt,edge
170,0.216375584,-1.508785725,Pt,facet
171,0.481442207,-1.65225935,Pt,corner
172,0.924149269,-2.101928711,Pt,corner
173,0.305451149,-1.424350262,Pt,edge
174,0.006967777,-1.066225052,Pt,facet
175,-0.015076405,-1.174143314,Pt,facet
176,0.005364174,-1.086941719,Pt,facet
177,0.004847759,-1.107119083,Pt,facet
178,0.309398884,-1.496086121,Pt,edge
179,-0.069220787,-1.049185753,Pt,facet
180,0.248976463,-1.353013515,Pt,edge
181,0.130598301,-1.226565361,Pt,facet
182,0.191182369,-1.440363407,Pt,facet
183,0.078557724,-1.244102001,Pt,facet
184,0.005933517,-1.08825016,Pt,facet
185,0.12249493,-1.321482182,Pt,facet
186,0.193537945,-1.402630806,Pt,edge
187,0.269773716,-1.421103001,Pt,facet
188,0.379827255,-1.494759083,Pt,edge
189,0.015188927,-1.261620045,Pt,facet
190,-0.077553993,-1.075353146,Pt,facet
191,0.035527939,-1.249961376,Pt,facet
192,-0.029894119,-1.131046295,Pt,facet
193,0.406628365,-1.607647896,Pt,corner
194,0.212791676,-1.47280407,Pt,edge
195,0.37180447,-1.656821251,Pt,edge
196,0.705188221,-1.651339531,Rh,edge
197,0.431909985,-1.484326363,Rh,facet
198,0.473714298,-1.628087997,Rh,facet
199,0.354114479,-1.378602028,Rh,facet
200,0.861035294,-1.743040562,Rh,corner
201,0.433609909,-1.403169155,Rh,facet
202,0.595166153,-1.57474041,Rh,edge
203,0.408591694,-1.434514046,Rh,facet
204,0.489808029,-1.545725822,Rh,facet
205,0.598974651,-1.504253864,Rh,edge
206,0.358561462,-1.360577583,Rh,facet
207,0.417197174,-1.519977093,Rh,facet
208,0.360956139,-1.475605488,Rh,facet
209,0.901301331,-1.739008904,Rh,corner
210,0.600684113,-1.563652039,Rh,edge
211,0.637859291,-1.579545498,Rh,edge
212,0.78769297,-1.677693367,Rh,corner
213,0.327467388,-1.354134083,Rh,facet
214,0.813208527,-1.701088905,Rh,corner
215,0.376330322,-1.465533733,Rh,facet
216,0.717606491,-1.646284103,Rh,corner
217,0.336417622,-1.305495262,Rh,facet
218,0.338008827,-1.324219704,Rh,facet
219,0.395094341,-1.450275898,Rh,facet
220,0.388573593,-1.459285259,Rh,facet
221,0.857038445,-1.712708473,Rh,corner
222,0.331294006,-1.359292984,Rh,facet
223,0.987346344,-1.933844566,Ru,facet
224,1.904982738,-2.180657864,Ru,corner
225,1.246870689,-1.853783131,Ru,edge
226,1.411750488,-1.975399494,Ru,edge
227,1.531017475,-2.082026482,Ru,edge
228,1.92059248,-2.188856602,Ru,corner
229,1.515781097,-1.938034534,Ru,corner
230,0.909315758,-1.791895866,Ru,facet
231,1.994766407,-2.361335278,Ru,corner
232,1.402308159,-2.069745541,Ru,edge
233,1.272193604,-1.892846107,Ru,edge
234,0.869687729,-1.793395042,Ru,facet
235,1.365217857,-1.889984131,Ru,corner
236,1.254996948,-1.965144157,Ru,edge
237,0.852654152,-1.768169403,Ru,facet
238,1.100023918,-2.007016182,Ru,facet
239,1.115811996,-2.004016399,Ru,facet
240,0.890227966,-1.882809162,Ru,facet
241,0.908132248,-1.900247574,Ru,facet
242,1.046504669,-2.041248322,Ru,facet
243,1.116459541,-1.988837719,Ru,facet
244,0.574397102,-1.479137421,Ir,facet
245,1.34156324,-2.089412689,Ir,edge
246,0.699239746,-1.661586761,Ir,facet
247,0.57612516,-1.580998421,Ir,facet
248,1.233313576,-1.956214428,Ir,edge
249,1.322629467,-1.981806278,Ir,edge
250,1.899468914,-2.303081512,Ir,corner
251,1.857877747,-2.305058002,Ir,corner
252,1.343730465,-1.964412212,Ir,edge
253,1.674471394,-2.127016068,Ir,corner
254,0.740460411,-1.657428265,Ir,facet
255,1.05695726,-1.93862009,Ir,facet
256,0.689412132,-1.685683727,Ir,facet
257,0.710594193,-1.692117214,Ir,facet
258,1.6215439,-2.131688118,Ir,corner
259,0.838035599,-1.740394592,Ir,facet
260,1.366889492,-2.029961586,Ir,corner
261,0.770392433,-1.734605789,Ir,facet
262,0.757671371,-1.72579813,Ir,facet
263,0.729736343,-1.662640095,Ir,facet
264,1.968748585,-2.349707603,Ir,corner
265,0.888732925,-1.798652172,Ir,facet
266,0.040741978,-0.98638916,Pd,facet
267,0.518428383,-1.339790821,Pd,corner
268,0.121518669,-1.082206726,Pd,facet
269,0.413030205,-1.274811745,Pd,edge
270,0.091426907,-0.937809944,Pd,facet
271,0.021659908,-0.938302994,Pd,facet
272,0.197085438,-1.144073486,Pd,edge
273,0.082040844,-0.916139126,Pd,facet
274,0.071596203,-0.941653252,Pd,facet
275,0.175213394,-1.179563522,Pd,facet
276,0.15389019,-1.128215313,Pd,facet
277,0.092730103,-0.999698639,Pd,facet
278,0.074863968,-0.975167751,Pd,facet
279,0.118748722,-1.000920773,Pd,facet
280,0.290333805,-1.229819298,Pd,edge
281,0.313800392,-1.141328812,Pd,edge
282,0.368288097,-1.27870369,Pd,corner
283,0.333560047,-1.181140423,Pd,edge
284,0.224619923,-1.151857853,Pd,edge
285,0.077443657,-0.90785408,Pd,facet
286,0.064642487,-0.898081303,Pd,facet
287,0.105245171,-0.965507984,Pd,facet
288,0.048368511,-0.942253113,Pd,facet
289,0.543679295,-1.437988758,Pd,corner
290,0.217093224,-1.392777443,Pt,edge
291,0.543387169,-1.769434452,Pt,edge
292,0.02962994,-1.275404453,Pt,facet
293,0.564835781,-1.72454977,Pt,corner
294,0.024432892,-1.222140789,Pt,facet
295,0.19513678,-1.364050388,Pt,facet
296,0.018205875,-1.144271374,Pt,facet
297,-0.05414558,-1.071310997,Pt,facet
298,-0.020728832,-1.222784519,Pt,facet
299,0.144675488,-1.287414551,Pt,facet
300,0.086887592,-1.257989407,Pt,facet
301,0.195867294,-1.384724617,Pt,facet
302,0.356069798,-1.49867487,Pt,corner
303,0.260958904,-1.522106171,Pt,facet
304,0.511892551,-1.640088558,Pt,corner
305,0.315889114,-1.474686146,Pt,edge
306,-0.045532471,-1.079917908,Pt,facet
307,0.049822563,-1.193090439,Pt,facet
308,0.046085114,-1.121669292,Pt,facet
309,0.182714695,-1.305251122,Pt,facet
310,0.465803379,-1.588373184,Pt,edge
311,0.047024483,-1.166767597,Pt,facet
312,0.492686504,-1.656995296,Pt,edge
313,0.851704544,-1.787875652,Rh,edge
314,0.649339622,-1.577649593,Rh,edge
315,0.773743576,-1.634064198,Rh,corner
316,0.562074608,-1.563153744,Rh,edge
317,0.965147919,-1.754580021,Rh,corner
318,0.35024733,-1.413575649,Rh,facet
319,0.700473255,-1.64448452,Rh,edge
320,0.271866745,-1.347008228,Rh,facet
321,0.609517521,-1.628684998,Rh,edge
322,0.418440289,-1.520409584,Rh,facet
323,0.548500961,-1.595115185,Rh,edge
324,0.311751312,-1.312329769,Rh,facet
325,0.285860008,-1.325404167,Rh,facet
326,0.659198231,-1.582030296,Rh,edge
327,0.587178654,-1.583348751,Rh,edge
328,0.375479168,-1.413577557,Rh,facet
329,0.999625153,-1.777441502,Rh,corner
330,0.320659107,-1.319794655,Rh,facet
331,0.863805241,-1.708965778,Rh,corner
332,0.5221147,-1.470939159,Rh,edge
333,0.289334721,-1.309010983,Rh,facet
334,0.497018761,-1.627957821,Rh,facet
335,0.584493584,-1.524216652,Rh,edge
336,0.429088062,-1.395258904,Rh,facet
337,0.796789116,-1.64881134,Rh,corner
338,0.42237801,-1.466804981,Rh,facet
339,0.757783836,-1.637691021,Rh,corner
340,1.409809284,-2.081401825,Ru,edge
341,0.808845215,-1.727634907,Ru,facet
342,0.958892517,-1.82408905,Ru,facet
343,1.294411354,-1.95150423,Ru,edge
344,1.556317024,-1.992866993,Ru,corner
345,0.862471275,-1.808959484,Ru,facet
346,0.713889771,-1.693123817,Ru,facet
347,1.909329586,-2.191337585,Ru,corner
348,1.324894123,-2.027426243,Ru,edge
349,1.225889854,-1.893697262,Ru,edge
350,1.402608089,-1.909566879,Ru,corner
351,1.405431442,-2.047994614,Ru,edge
352,0.920823746,-1.874661922,Ru,facet
353,1.22820919,-1.791381359,Ru,edge
354,1.058412247,-1.85551548,Ru,facet
355,1.379779034,-2.018558502,Ru,edge
356,0.78014534,-1.636226654,Ru,facet
357,0.898608856,-1.761096954,Ru,facet
358,1.717746429,-2.065360069,Ru,corner
359,1.109031372,-2.071248055,Ru,facet
360,1.513852768,-2.018446922,Ru,edge
361,1.182640724,-1.848472118,Ru,edge
362,1.375231438,-1.929808617,Ru,corner
363,1.331555061,-1.976527214,Ru,edge
364,1.52476614,-2.100845814,Ru,edge
365,1.683669262,-2.039153099,Ru,corner
366,0.796098724,-1.742171764,Ir,facet
367,1.600563065,-2.08793211,Ir,corner
368,1.209013477,-2.005774498,Ir,edge
369,0.921966568,-1.788149834,Ir,facet
370,0.512232796,-1.513204098,Ir,facet
371,0.798091904,-1.800618649,Ir,facet
372,0.581236855,-1.572554111,Ir,facet
373,0.681023613,-1.605121613,Ir,facet
374,0.730306641,-1.668437004,Ir,facet
375,1.064682022,-1.814618111,Ir,edge
376,0.917020813,-1.768571854,Ir,edge
377,0.768327728,-1.659439564,Ir,facet
378,2.170179859,-2.492074966,Ir,corner
379,1.316102043,-1.990953445,Ir,edge
380,1.417649761,-1.980522156,Ir,corner
381,0.527221695,-1.503245831,Ir,facet
382,0.595718399,-1.616810799,Ir,facet
383,0.963453308,-1.866415501,Ir,facet
384,1.216353432,-1.939018726,Ir,edge
385,1.778146282,-2.231345654,Ir,corner
386,1.11439325,-1.840958118,Ir,facet
387,1.481062428,-2.053639889,Ir,corner
388,0.056545315,-0.853879929,Pd,facet
389,0.487897453,-1.351029873,Pd,corner
390,0.036486206,-0.928688049,Pd,facet
391,0.035793839,-0.885682106,Pd,facet
392,0.230883179,-1.093977928,Pd,edge
393,0.000146446,-0.826001644,Pd,facet
394,0.036965427,-0.982187748,Pd,facet
395,0.115719376,-1.054868221,Pd,facet
396,0.329245148,-1.246171951,Pd,edge
397,0.17299181,-1.119240284,Pd,edge
398,0.025563774,-0.877498627,Pd,facet
399,0.002714691,-0.850744247,Pd,facet
400,0.136813221,-1.058431625,Pd,facet
401,0.186063824,-1.146867275,Pd,facet
402,0.075364647,-1.008020401,Pd,facet
403,0.276887474,-1.198241234,Pd,edge
404,0.121619282,-0.934479237,Pd,facet
405,0.231243668,-1.127876759,Pd,edge
406,0.083584843,-0.983724117,Pd,facet
407,0.212057171,-1.176478863,Pd,facet
408,0.099360046,-1.003210545,Pd,facet
409,0.288345394,-1.125258446,Pd,edge
410,0.111856041,-0.975706577,Pd,facet
411,0.442402897,-1.240727425,Pd,corner
412,0.448606724,-1.617237091,Pt,corner
413,0.190939182,-1.375413895,Pt,edge
414,0.180434937,-1.416604519,Pt,edge
415,0.493161434,-1.694344997,Pt,corner
416,0.270833725,-1.51026535,Pt,edge
417,-0.011433369,-1.164148331,Pt,facet
418,0.259028191,-1.388885975,Pt,edge
419,0.099725002,-1.172569752,Pt,facet
420,-0.047209984,-1.087835789,Pt,facet
421,-0.013597256,-1.151959419,Pt,facet
422,0.575865501,-1.863266945,Pt,corner
423,-0.116945034,-1.007247448,Pt,facet
424,0.242708916,-1.388008595,Pt,edge
425,0.382210011,-1.514077187,Pt,edge
426,0.235277409,-1.451683044,Pt,edge
427,0.195346588,-1.384930134,Pt,edge
428,-0.050748116,-1.060052395,Pt,facet
429,0.45940184,-1.672347546,Pt,corner
430,0.399357075,-1.545289516,Pt,corner
431,0.068987602,-1.220469475,Pt,facet
432,0.077173943,-1.385334015,Pt,facet
433,-0.002022987,-1.148134708,Pt,facet
434,0.064919228,-1.232931614,Pt,facet
435,0.285674328,-1.432937145,Pt,edge
436,-0.023873573,-0.992704391,Pt,facet
437,0.192282433,-1.364744186,Pt,edge
438,0.187714333,-1.379306316,Pt,edge
439,0.750630325,-1.737116814,Rh,edge
440,0.503512329,-1.528259754,Rh,facet
441,0.696978516,-1.688398838,Rh,edge
442,0.375023312,-1.377357483,Rh,facet
443,0.353501266,-1.365367889,Rh,facet
444,0.363469547,-1.318082809,Rh,facet
445,0.244288868,-1.209023952,Rh,facet
446,0.733762211,-1.720656395,Rh,edge
447,0.759776062,-1.621008873,Rh,corner
448,0.578755325,-1.528220177,Rh,edge
449,0.749597496,-1.665533543,Rh,corner
450,0.33344931,-1.309325695,Rh,facet
451,0.580672211,-1.592947483,Rh,edge
452,0.372460312,-1.436224937,Rh,facet
453,0.360642857,-1.400178432,Rh,facet
454,0.443470901,-1.526256084,Rh,facet
455,0.354502148,-1.416304111,Rh,facet
456,0.511347717,-1.574298859,Rh,facet
457,0.488011784,-1.473782539,Rh,edge
458,0.554631657,-1.52852726,Rh,edge
459,1.409510307,-2.074234486,Ru,edge
460,1.219300919,-2.116153717,Ru,facet
461,0.898024254,-1.830763817,Ru,facet
462,1.570348911,-2.146725178,Ru,edge
463,0.908814125,-1.834943295,Ru,facet
464,1.681850605,-2.049560547,Ru,corner
465,1.439401798,-2.029881477,Ru,edge
466,1.516072445,-2.048675537,Ru,corner
467,1.246465378,-1.95733881,Ru,edge
468,0.847171478,-1.744082928,Ru,facet
469,0.873069458,-1.801152706,Ru,facet
470,1.20750206,-1.833882809,Ru,edge
471,1.500457935,-2.007811546,Ru,corner
472,1.105728798,-1.982339859,Ru,facet
473,2.065322094,-2.330180645,Ru,corner
474,1.501975231,-1.945003986,Ru,corner
475,1.269532852,-2.087740421,Ru,facet
476,1.392478161,-2.062108994,Ru,edge
477,1.662087612,-2.254411697,Ru,edge
478,1.492707901,-2.038598061,Ru,corner
479,0.802271538,-1.7955513,Ru,facet
480,0.936242752,-1.797562599,Ru,facet
481,1.786786251,-2.178441525,Ru,corner
482,0.933700256,-1.774246693,Ru,facet
483,1.897478752,-2.308430195,Ru,corner
484,0.864641838,-1.814733028,Ru,facet
485,0.937872581,-1.879236221,Ru,facet
486,1.842435532,-2.206296921,Ru,corner
487,1.869530373,-2.240123272,Ru,corner
488,0.854098335,-1.738435745,Ir,facet
489,1.696983353,-2.169396877,Ir,corner
490,0.818850533,-1.728363991,Ir,facet
491,1.109048859,-1.996666431,Ir,facet
492,0.738409058,-1.63770771,Ir,facet
493,0.654571548,-1.637806892,Ir,facet
494,1.648544327,-2.132702351,Ir,corner
495,0.992503181,-1.869282722,Ir,facet
496,1.058649555,-1.953500271,Ir,facet
497,1.050894753,-1.87065506,Ir,edge
498,1.07045652,-1.867427349,Ir,facet
499,1.371614948,-1.927948475,Ir,corner
500,1.465842262,-2.085862637,Ir,corner
501,0.730351463,-1.750507832,Ir,facet
502,0.80487825,-1.734194756,Ir,facet
503,0.6430998,-1.619942665,Ir,facet
504,1.46744062,-2.046438694,Ir,corner
505,0.631620422,-1.594165325,Ir,facet
506,0.639908806,-1.616740227,Ir,facet
507,0.598803535,-1.529891014,Ir,facet
508,1.366340176,-2.020712376,Ir,corner
509,1.038157955,-1.836948872,Ir,edge
510,1.201317802,-1.912343025,Ir,edge
511,1.56448175,-2.133852959,Ir,corner
512,1.271085278,-2.030522823,Ir,edge
513,0.145716248,-1.082676411,Pd,facet
514,0.090760765,-0.893513203,Pd,facet
515,0.475354729,-1.332913399,Pd,corner
516,0.075006542,-1.032217026,Pd,facet
517,0.308945236,-1.208352089,Pd,edge
518,0.276915131,-1.134093761,Pd,edge
519,0.189506111,-1.074726105,Pd,facet
520,0.143967209,-1.044219017,Pd,facet
521,0.483239231,-1.330830097,Pd,corner
522,0.013994274,-0.867804527,Pd,facet
523,0.143997726,-1.012414455,Pd,facet
524,0.142643986,-1.056208611,Pd,facet
525,0.201661644,-1.079580307,Pd,edge
526,0.055771408,-0.926165581,Pd,facet
527,0.589938221,-1.445839405,Pd,corner
528,0.407766399,-1.302838326,Pd,edge
529,0.394750175,-1.228132248,Pd,edge
530,0.501518307,-1.374005795,Pd,corner
531,0.033519802,-0.9343853,Pd,facet
532,-0.002068462,-0.857837677,Pd,facet
533,0.344455776,-1.241295815,Pd,edge
534,0.3691712,-1.233154297,Pd,corner
535,0.126394028,-1.275806427,Pt,facet
536,0.634019131,-1.720042706,Pt,corner
537,0.097327942,-1.319283485,Pt,facet
538,0.007216209,-1.074808598,Pt,facet
539,0.395088428,-1.617894173,Pt,corner
540,0.01846909,-1.119432926,Pt,facet
541,0.760690922,-1.805227757,Pt,corner
542,0.069103474,-1.259759426,Pt,facet
543,0.293845409,-1.555847168,Pt,edge
544,0.241779083,-1.367502213,Pt,edge
545,0.4487369,-1.63116169,Pt,corner
546,0.063173527,-1.246502876,Pt,facet
547,0.234356636,-1.409791946,Pt,edge
548,0.102862114,-1.147463799,Pt,facet
549,0.641861195,-1.734762192,Pt,corner
550,0.116707558,-1.352201939,Pt,facet
551,0.169918293,-1.441661358,Pt,edge
552,-0.055834061,-1.08356142,Pt,facet
553,-0.021431213,-1.085417747,Pt,facet
554,-0.007020241,-1.279470444,Pt,facet
555,0.047536129,-1.192732811,Pt,facet
556,0.149444813,-1.271410942,Pt,edge
557,0.032002205,-1.194073677,Pt,facet
558,0.203412766,-1.445807457,Pt,edge
559,-0.013742691,-1.11577034,Pt,facet
560,-0.05415321,-1.078597546,Pt,facet
561,0.506568188,-1.696609974,Pt,corner
562,0.558343357,-1.537810326,Rh,edge
563,0.837095684,-1.787519455,Rh,edge
564,0.394911713,-1.416173458,Rh,facet
565,0.944521851,-1.866259575,Rh,edge
566,0.912846512,-1.727415562,Rh,corner
567,0.313974327,-1.30793047,Rh,facet
568,0.917557663,-1.854131699,Rh,edge
569,0.35219664,-1.421653271,Rh,facet
570,0.287167973,-1.259248734,Rh,facet
571,0.404161877,-1.447637558,Rh,facet
572,0.642640537,-1.583464622,Rh,edge
573,0.841835922,-1.803831577,Rh,edge
574,0.381837791,-1.525971413,Rh,facet
575,0.504003948,-1.528073788,Rh,edge
576,0.529901451,-1.503624916,Rh,edge
577,0.850675529,-1.741220474,Rh,corner
578,0.835850662,-1.823641777,Rh,facet
579,0.485812611,-1.425479889,Rh,edge
580,0.382931656,-1.396559715,Rh,facet
581,0.39840073,-1.449995041,Rh,facet
582,0.344825214,-1.443805218,Rh,facet
583,0.466164536,-1.49550581,Rh,edge
584,0.530437416,-1.467675209,Rh,corner
585,0.407792038,-1.507234097,Rh,facet
586,1.496921711,-2.131622791,Ru,edge
587,1.295357399,-1.986559868,Ru,edge
588,1.036142998,-1.710317135,Ru,facet
589,1.306841068,-1.9648633,Ru,edge
590,1.392123871,-1.957557678,Ru,edge
591,1.38589447,-2.005524158,Ru,edge
592,1.129357986,-2.018590927,Ru,facet
593,1.026219063,-1.929627895,Ru,facet
594,1.373768978,-2.068589211,Ru,edge
595,1.14743679,-2.004040718,Ru,facet
596,1.000782661,-1.949056625,Ru,facet
597,1.322849922,-1.910139561,Ru,edge
598,0.907614403,-1.787390232,Ru,facet
599,1.281085663,-1.854100227,Ru,corner
600,1.880904369,-2.235174656,Ru,corner
601,0.955476456,-1.912250519,Ru,facet
602,2.106940441,-2.499073505,Ru,edge
603,1.13421505,-1.864803791,Ru,edge
604,1.115680389,-1.845643997,Ru,edge
605,0.718918495,-1.664204121,Ru,facet
606,0.777597122,-1.722678661,Ru,facet
607,0.733033829,-1.662724495,Ru,facet
608,2.086177521,-2.390868187,Ru,corner
609,0.933698349,-1.877081871,Ru,facet
610,0.909008041,-1.819899559,Ir,edge
611,0.576766983,-1.557879925,Ir,facet
612,1.132593647,-1.952723503,Ir,edge
613,1.363017574,-2.042919636,Ir,corner
614,1.829305187,-2.155356884,Ir,corner
615,0.945615784,-1.849174976,Ir,facet
616,1.292929188,-2.040150166,Ir,edge
617,0.775672928,-1.682713509,Ir,facet
618,0.686573044,-1.588160515,Ir,facet
619,1.103192345,-1.815354347,Ir,edge
620,0.484377876,-1.493949413,Ir,facet
621,0.959992424,-1.858319283,Ir,edge
622,0.786143318,-1.857758999,Ir,facet
623,1.31642963,-1.955455303,Ir,edge
624,0.933310524,-1.789011955,Ir,facet
625,1.130161777,-1.907227516,Ir,edge
626,1.06860067,-1.790333271,Ir,edge
627,0.825849548,-1.749069214,Ir,facet
628,1.650127903,-2.193224907,Ir,corner
629,1.543171898,-2.130172729,Ir,corner
630,1.770968929,-2.198225021,Ir,corner
631,0.602439896,-1.493052006,Ir,facet
632,0.767996803,-1.757530689,Ir,facet
633,0.796286598,-1.809680462,Ir,facet
634,0.754894272,-1.682992935,Ir,facet
635,0.654207245,-1.663043499,Ir,facet
636,0.054674206,-1.025903225,Pd,facet
637,0.453448353,-1.376908779,Pd,corner
638,0.216907558,-1.188866615,Pd,edge
639,0.00379282,-0.860966682,Pd,facet
640,0.203890858,-1.123829365,Pd,edge
641,0.057168064,-0.95647192,Pd,facet
642,0.053336678,-0.998857975,Pd,facet
643,0.280675468,-1.165410519,Pd,edge
644,0.027648029,-0.903726101,Pd,facet
645,0.092617092,-0.994513035,Pd,facet
646,0.041655598,-0.94396019,Pd,facet
647,0.259930668,-1.24509716,Pd,edge
648,0.549402294,-1.430413246,Pd,corner
649,0.034311352,-0.946761608,Pd,facet
650,0.248488483,-1.11720562,Pd,edge
651,0.379288731,-1.189229488,Pd,edge
652,0.401219902,-1.330653191,Pd,edge
653,0.470079956,-1.316243649,Pd,corner
654,0.050837097,-0.930761337,Pd,facet
655,0.00451189,-0.861138344,Pd,facet
656,0.243886528,-1.146471024,Pd,edge
657,0.08751255,-0.918809891,Pd,facet
658,0.352510033,-1.237116337,Pd,edge
659,0.246903954,-1.121760845,Pd,edge
660,0.442432461,-1.365623951,Pd,corner
661,0.282640991,-1.147441387,Pd,edge
662,-0.005770451,-1.206796646,Pt,facet
663,-0.052297359,-1.242353916,Pt,facet
664,0.25350737,-1.392510891,Pt,edge
665,0.136558765,-1.321175098,Pt,facet
666,0.472439999,-1.630273819,Pt,corner
667,0.367182964,-1.449270248,Pt,edge
668,0.045226807,-1.249958038,Pt,facet
669,-0.099688297,-1.045663357,Pt,facet
670,0.192510361,-1.422281742,Pt,facet
671,0.193679089,-1.331720352,Pt,facet
672,-0.004690891,-1.112063408,Pt,facet
673,0.452674145,-1.68253231,Pt,corner
674,0.353874439,-1.541123867,Pt,edge
675,0.163927311,-1.49349308,Pt,facet
676,0.416156048,-1.546759605,Pt,corner
677,0.044588322,-1.313844681,Pt,facet
678,0.108982319,-1.347873211,Pt,edge
679,0.460030312,-1.680981159,Pt,corner
680,-0.019830948,-1.203992367,Pt,facet
681,0.168474907,-1.388908863,Pt,edge
682,0.121688599,-1.245528221,Pt,facet
683,0.616831535,-1.715717793,Pt,corner
684,0.262428516,-1.379036427,Pt,edge
685,0.253583664,-1.573946953,Pt,facet
686,0.490509457,-1.47698164,Rh,edge
687,0.360776848,-1.393861771,Rh,facet
688,0.33951897,-1.408105373,Rh,facet
689,0.324772305,-1.367939472,Rh,facet
690,0.565946526,-1.581003189,Rh,edge
691,0.939989037,-1.806535721,Rh,corner
692,0.3592915,-1.39439249,Rh,facet
693,0.776349491,-1.730026722,Rh,edge
694,0.826004452,-1.68102932,Rh,corner
695,0.604062981,-1.620900631,Rh,edge
696,0.697778648,-1.632473469,Rh,corner
697,0.440120644,-1.607998371,Rh,facet
698,0.421459145,-1.494744301,Rh,facet
699,0.278687901,-1.271663189,Rh,facet
700,0.428900188,-1.49632597,Rh,facet
701,0.52370829,-1.562016964,Rh,facet
702,0.344836658,-1.430050373,Rh,facet
703,0.487407154,-1.540505886,Rh,facet
704,0.396220154,-1.500959396,Rh,facet
705,0.651425308,-1.634104729,Rh,corner
706,0.457302994,-1.493942738,Rh,facet
707,0.452507442,-1.52067709,Rh,facet
708,0.374783463,-1.402008057,Rh,facet
709,0.719084686,-1.628102779,Rh,edge
710,1.367260151,-2.075398922,Ru,edge
711,1.323988609,-1.905032158,Ru,corner
712,0.681511574,-1.590719223,Ru,facet
713,1.375547104,-2.044885635,Ru,edge
714,1.083594971,-2.034604549,Ru,facet
715,0.927398376,-1.883048058,Ru,facet
716,1.422014885,-1.959001541,Ru,corner
717,0.901564293,-1.792209148,Ru,facet
718,0.870303802,-1.751600266,Ru,facet
719,1.311737709,-2.055150986,Ru,edge
720,0.919942551,-1.849108219,Ru,facet
721,1.424925499,-2.081192493,Ru,edge
722,1.494403057,-2.091365814,Ru,edge
723,1.378736668,-1.943857193,Ru,edge
724,0.864339523,-1.824539661,Ru,facet
725,1.592586212,-2.125817299,Ru,corner
726,1.048569374,-1.988419056,Ru,facet
727,0.833739929,-1.735722065,Ru,facet
728,0.79967659,-1.705162048,Ru,facet
729,1.720328979,-2.027713299,Ru,corner
730,1.730532341,-2.209421158,Ru,corner
731,2.035614662,-2.264112949,Ru,corner
732,1.006906048,-1.920909882,Ir,facet
733,1.204364315,-1.920902252,Ir,edge
734,0.869979874,-1.700612068,Ir,facet
735,0.767313972,-1.79011488,Ir,facet
736,1.728973881,-2.200373173,Ir,corner
737,1.637269035,-2.268755436,Ir,edge
738,0.765080467,-1.676362991,Ir,facet
739,0.52760984,-1.494938374,Ir,facet
740,0.780503288,-1.823330402,Ir,facet
741,0.638618484,-1.626128197,Ir,facet
742,1.51184465,-2.144359589,Ir,corner
743,0.745046631,-1.763768673,Ir,facet
744,1.031423584,-1.862634182,Ir,edge
745,1.444633022,-2.017905235,Ir,corner
746,1.043320194,-1.844765186,Ir,edge
747,0.923422829,-1.851258755,Ir,facet
748,0.981860176,-1.798110962,Ir,edge
749,0.599371925,-1.531976223,Ir,facet
750,1.281314388,-1.911102772,Ir,corner
751,0.941460625,-1.884260654,Ir,facet
752,0.993781582,-1.851325512,Ir,facet
753,1.950878635,-2.293861866,Ir,corner
754,1.199522034,-1.928833008,Ir,edge
755,1.199320332,-2.046904564,Ir,facet
756,0.374785957,-1.250123501,Pd,edge
757,0.30486351,-1.225318432,Pd,edge
758,0.434502182,-1.379789352,Pd,corner
759,0.012734947,-0.855037212,Pd,facet
760,0.076516685,-0.909777164,Pd,facet
761,0.066970406,-0.925432205,Pd,facet
762,0.088640747,-0.96216774,Pd,facet
763,0.056661186,-0.867786884,Pd,facet
764,0.218317566,-1.181132793,Pd,edge
765,0.43955761,-1.253634453,Pd,corner
766,0.283117828,-1.155016422,Pd,edge
767,0.497380791,-1.360975742,Pd,corner
768,0.230594692,-1.106838226,Pd,edge
769,0.338352737,-1.230783939,Pd,edge
770,0.466767368,-1.312229633,Pd,corner
771,0.358509121,-1.22834444,Pd,edge
772,0.504816113,-1.375349998,Pd,corner
773,0.26735836,-1.172775269,Pd,edge
774,0.058986721,-0.877242565,Pd,facet
775,0.32431179,-1.254895687,Pd,edge
776,0.627219257,-1.524812222,Pd,corner
777,0.441953716,-1.332487106,Pd,corner
778,0.293238396,-1.522275925,Pt,edge
779,0.035928005,-1.252283096,Pt,facet
780,0.418660397,-1.582791328,Pt,edge
781,0.148699993,-1.367320061,Pt,edge
782,0.560096973,-1.748779297,Pt,corner
783,-0.019503838,-1.140766621,Pt,facet
784,-0.06368137,-1.036807537,Pt,facet
785,0.19213652,-1.358465195,Pt,edge
786,0.401396984,-1.569309711,Pt,corner
787,0.361851925,-1.633268833,Pt,edge
788,0.297235722,-1.487094879,Pt,edge
789,0.120417351,-1.3187747,Pt,facet
790,0.435525173,-1.664045334,Pt,corner
791,0.02657103,-1.165621758,Pt,facet
792,0.057883972,-1.258201122,Pt,facet
793,0.329661125,-1.476877689,Pt,edge
794,0.018307919,-1.235650539,Pt,facet
795,-0.054336792,-1.08156538,Pt,facet
796,0.056798214,-1.1865201,Pt,facet
797,0.013356918,-1.156290531,Pt,facet
798,0.035068745,-1.130927086,Pt,facet
799,0.250067944,-1.341996193,Pt,edge
800,0.038648838,-1.093933105,Pt,facet
801,0.297112698,-1.489139557,Pt,edge
802,0.340187973,-1.416219234,Rh,facet
803,0.651257462,-1.625080109,Rh,edge
804,1.016533798,-1.86709547,Rh,corner
805,0.458289093,-1.573551178,Rh,facet
806,0.584438271,-1.534751892,Rh,edge
807,0.723741001,-1.651903152,Rh,corner
808,0.476408428,-1.494278431,Rh,facet
809,0.942190117,-1.730943203,Rh,corner
810,0.677396244,-1.571443081,Rh,edge
811,0.566341347,-1.555964947,Rh,edge
812,0.338437027,-1.41923666,Rh,facet
813,0.342279858,-1.435402393,Rh,facet
814,0.26236195,-1.283756256,Rh,facet
815,0.548358864,-1.597518921,Rh,edge
816,0.466180748,-1.56825161,Rh,facet
817,0.437018341,-1.553255558,Rh,facet
818,0.262851662,-1.270160198,Rh,facet
819,0.506221718,-1.623169422,Rh,facet
820,0.830734676,-1.756333351,Rh,corner
821,0.342434353,-1.359313965,Rh,facet
822,0.374531693,-1.429414272,Rh,facet
823,0.550751633,-1.543831348,Rh,edge
824,0.419724888,-1.476243496,Rh,facet
825,0.428269333,-1.575354576,Rh,facet
826,0.671226448,-1.552554131,Rh,corner
827,0.718536072,-1.601598263,Ru,facet
828,1.027155571,-1.911879063,Ru,facet
829,1.096708946,-1.993932724,Ru,facet
830,1.356465988,-1.997065067,Ru,edge
831,1.030809097,-1.870174885,Ru,facet
832,1.130938225,-2.026860237,Ru,facet
833,1.655599289,-2.268951416,Ru,edge
834,0.962911301,-1.904864311,Ru,facet
835,0.898523026,-1.851397514,Ru,facet
836,1.108190231,-1.98420763,Ru,facet
837,1.335377865,-1.994833946,Ru,edge
838,1.565519028,-2.093073845,Ru,corner
839,0.857713394,-1.800401688,Ru,facet
840,1.426480465,-1.982718468,Ru,edge
841,1.067264252,-1.97860527,Ru,facet
842,1.213542633,-2.036924362,Ru,facet
843,1.869269066,-2.286047935,Ru,corner
844,1.377889805,-1.990476608,Ru,edge
845,0.872138672,-1.816142559,Ru,facet
846,0.99272316,-1.894260883,Ru,facet
847,0.795122795,-1.700311184,Ru,facet
848,0.781120949,-1.707194805,Ru,facet
849,0.906230621,-1.915956974,Ru,facet
850,0.930422478,-1.856541157,Ru,facet
851,1.542209797,-2.026557446,Ru,corner
852,1.447024994,-1.975711823,Ru,edge
853,1.644132786,-2.022034645,Ru,corner
854,0.655894295,-1.695122242,Ir,facet
855,1.114726559,-1.84431076,Ir,edge
856,0.645816818,-1.610081196,Ir,facet
857,1.562260643,-2.153954983,Ir,corner
858,1.241501347,-2.022779942,Ir,edge
859,1.399174229,-1.931874275,Ir,edge
860,1.491172329,-2.079030037,Ir,corner
861,0.773962036,-1.807899952,Ir,facet
862,0.794199005,-1.735656261,Ir,facet
863,0.785088554,-1.72951889,Ir,facet
864,0.686334625,-1.644684315,Ir,facet
865,1.110260025,-1.892808914,Ir,edge
866,1.177862659,-1.85933733,Ir,edge
867,0.649166122,-1.560266972,Ir,facet
868,0.687850967,-1.621281624,Ir,facet
869,0.653208748,-1.663309574,Ir,facet
870,0.632138268,-1.704718113,Ir,facet
871,1.169688717,-2.017724991,Ir,edge
872,1.570457474,-2.187617302,Ir,corner
873,1.011588112,-1.909458637,Ir,edge
874,1.463540092,-2.035252094,Ir,corner
875,0.260447083,-1.202117443,Pd,edge
876,0.056345043,-1.030132294,Pd,facet
877,0.416202602,-1.382236481,Pd,corner
878,0.305897293,-1.213270187,Pd,edge
879,0.086655674,-0.981535435,Pd,facet
880,0.07096487,-0.953994751,Pd,facet
881,0.336944637,-1.26433897,Pd,edge
882,0.101982651,-0.994366646,Pd,facet
883,0.500475464,-1.381446838,Pd,corner
884,0.308564243,-1.181324959,Pd,edge
885,0.276927052,-1.129653454,Pd,edge
886,0.091286716,-1.030283451,Pd,facet
887,0.404446659,-1.293063641,Pd,edge
888,0.386985836,-1.238028526,Pd,edge
889,0.386223373,-1.312313557,Pd,corner
890,0.294501362,-1.196341515,Pd,edge
891,0.049526272,-0.951593399,Pd,facet
892,0.10319191,-1.111927032,Pd,facet
893,0.293750343,-1.247195721,Pd,edge
894,0.530021248,-1.462043762,Pd,corner
895,0.032139835,-0.880760193,Pd,facet
896,0.054408131,-0.885650635,Pd,facet
897,-0.004136982,-0.80292511,Pd,facet
898,0.247838078,-1.208996296,Pd,edge
899,0.379293022,-1.281209946,Pd,corner
900,0.321638641,-1.189335823,Pd,corner
901,0.175681347,-1.466441154,Pt,edge
902,0.403616661,-1.550191879,Pt,corner
903,0.192616695,-1.358337879,Pt,edge
904,0.183223003,-1.408601761,Pt,edge
905,-0.025429493,-1.054342747,Pt,facet
906,-0.039988285,-1.021130085,Pt,facet
907,0.23415398,-1.428593636,Pt,edge
908,0.044503445,-1.08178091,Pt,facet
909,0.0939753,-1.296119213,Pt,facet
910,0.317552799,-1.550940037,Pt,edge
911,0.268663162,-1.422317982,Pt,edge
912,0.149265999,-1.228954315,Pt,facet
913,0.762618774,-1.910316467,Pt,corner
914,0.375434155,-1.447217464,Pt,edge
915,0.08752417,-1.262831688,Pt,facet
916,0.284391636,-1.48358202,Pt,edge
917,0.28026318,-1.499550343,Pt,edge
918,0.008301014,-1.137892723,Pt,facet
919,0.130612606,-1.181922436,Pt,facet
920,0.416937107,-1.613330841,Pt,corner
921,0.079266781,-1.188571453,Pt,facet
922,0.238043064,-1.385787487,Pt,edge
923,0.024347061,-1.185140133,Pt,facet
924,-0.131000763,-1.048207283,Pt,facet
925,-0.064987904,-1.103531837,Pt,facet
926,0.603614563,-1.804609776,Pt,corner
927,0.315441555,-1.345929146,Rh,facet
928,0.611603207,-1.55840826,Rh,corner
929,0.367944664,-1.486424923,Rh,facet
930,0.317624039,-1.308113575,Rh,facet
931,0.436290688,-1.529263973,Rh,facet
932,0.340627617,-1.304642677,Rh,facet
933,0.327764935,-1.371748447,Rh,facet
934,0.315913147,-1.334695816,Rh,facet
935,0.49029488,-1.629342079,Rh,facet
936,0.699724621,-1.597864628,Rh,corner
937,0.645367569,-1.57357645,Rh,edge
938,0.386926598,-1.36345005,Rh,facet
939,0.35193438,-1.452159405,Rh,facet
940,0.804572052,-1.68140173,Rh,corner
941,0.886798328,-1.79890871,Rh,corner
942,0.349438137,-1.366658211,Rh,facet
943,0.63330645,-1.688770771,Rh,facet
944,0.364242023,-1.545631886,Rh,facet
945,0.765375084,-1.668183804,Rh,corner
946,0.571341461,-1.548678398,Rh,edge
947,0.405786938,-1.459844589,Rh,facet
948,0.636088318,-1.53610611,Rh,corner
949,0.291823811,-1.357760429,Rh,facet
950,0.562408871,-1.490162849,Rh,edge
951,0.494035191,-1.564711571,Rh,edge
952,1.560675316,-2.2366786,Ru,edge
953,0.754892998,-1.66554451,Ru,facet
954,1.409554653,-2.037166595,Ru,edge
955,0.949072533,-1.904034138,Ru,facet
956,1.271501236,-1.908213139,Ru,edge
957,1.092597656,-2.00369072,Ru,facet
958,0.970400505,-1.910886765,Ru,facet
959,1.026487045,-1.937433243,Ru,facet
960,1.055148773,-1.861031055,Ru,facet
961,2.290062599,-2.522641182,Ru,corner
962,1.106081657,-1.929153919,Ru,facet
963,1.145463638,-1.803807735,Ru,edge
964,1.509730511,-1.992043018,Ru,corner
965,0.928170853,-1.867336273,Ru,facet
966,0.93230217,-1.803196907,Ru,facet
967,1.796698742,-2.110475063,Ru,corner
968,0.818884544,-1.753590107,Ru,facet
969,1.007091217,-1.971512318,Ru,facet
970,1.062184982,-1.981537819,Ru,facet
971,2.188281231,-2.385035992,Ru,corner
972,0.997903519,-1.910885334,Ru,facet
973,0.937526398,-1.838977814,Ru,facet
974,1.412186794,-2.105418205,Ru,edge
975,0.970531158,-1.828074455,Ru,facet
976,1.150002018,-1.870582104,Ir,edge
977,1.244623676,-1.909936905,Ir,edge
978,0.752377525,-1.756270885,Ir,facet
979,1.411880032,-2.016181469,Ir,corner
980,1.215421692,-2.004101753,Ir,edge
981,0.78810598,-1.73361969,Ir,facet
982,0.843098656,-1.700942039,Ir,facet
983,1.171737209,-1.907477379,Ir,edge
984,0.634049431,-1.576325417,Ir,facet
985,1.265738026,-2.072291374,Ir,edge
986,1.37603809,-1.999307156,Ir,corner
987,1.04137899,-1.872494698,Ir,edge
988,1.240092293,-1.876471043,Ir,edge
989,1.385562435,-2.071444988,Ir,edge
990,1.530258194,-2.011747837,Ir,corner
991,1.013444439,-1.917779922,Ir,facet
992,0.651674286,-1.601606369,Ir,facet
993,1.340110794,-1.979146481,Ir,corner
994,1.580750481,-2.086727142,Ir,corner
995,1.3143325,-2.127315998,Ir,edge
996,1.581069008,-2.127617836,Ir,corner
997,0.658524529,-1.597812653,Ir,facet
998,1.259781853,-1.948357105,Ir,edge
999,0.809855476,-1.768670559,Ir,facet
1000,1.584908501,-2.087084293,Ir,corner
1001,1.158690945,-1.819684029,Ir,edge
1002,1.37872459,-1.95167923,Ir,corner
1003,0.221254406,-1.10425663,Pd,edge
1004,0.045253811,-0.911594391,Pd,facet
1005,0.473384438,-1.374293804,Pd,corner
1006,0.071842251,-0.958559513,Pd,facet
1007,0.10913044,-0.940703869,Pd,facet
1008,0.07315546,-0.968584061,Pd,facet
1009,0.037170944,-0.90281868,Pd,facet
1010,0.428922234,-1.272062778,Pd,corner
1011,0.547918854,-1.437623978,Pd,corner
1012,0.307718811,-1.219239235,Pd,edge
1013,0.003768978,-0.811144829,Pd,facet
1014,0.278310356,-1.236355305,Pd,edge
1015,0.028013763,-0.810428619,Pd,facet
1016,0.032566605,-0.878555298,Pd,facet
1017,0.295717773,-1.172190189,Pd,edge
1018,0.088440952,-0.899872303,Pd,facet
1019,0.129110394,-1.048697948,Pd,facet
1020,0.106615601,-1.088266373,Pd,facet
1021,0.592337189,-1.443648338,Pd,corner
1022,0.142474232,-0.996665001,Pd,facet
1023,0.026277599,-0.884305477,Pd,facet
1024,0.245735226,-1.142636776,Pd,edge
1025,0.363114113,-1.602549076,Pt,edge
1026,0.404801601,-1.539005756,Pt,corner
1027,0.423567051,-1.611140251,Pt,corner
1028,0.017574543,-1.208965302,Pt,facet
1029,0.096104378,-1.316485882,Pt,facet
1030,-0.046335941,-1.073780537,Pt,facet
1031,0.021857494,-1.149055481,Pt,facet
1032,0.612643475,-1.752170563,Pt,corner
1033,0.469420189,-1.681619644,Pt,edge
1034,0.100125069,-1.276937962,Pt,facet
1035,0.136652702,-1.378779411,Pt,facet
1036,0.133595222,-1.347685814,Pt,facet
1037,0.269359821,-1.400029659,Pt,edge
1038,0.150902981,-1.404879093,Pt,edge
1039,0.024519676,-1.135005474,Pt,facet
1040,-0.027989155,-1.059564114,Pt,facet
1041,-0.059291607,-1.12699604,Pt,facet
1042,-0.026462799,-1.141523838,Pt,facet
1043,0.033571953,-1.267103195,Pt,facet
1044,0.057014221,-1.253424644,Pt,facet
1045,-0.028755432,-1.164991856,Pt,facet
1046,0.434632057,-1.56082058,Pt,corner
1047,0.33262009,-1.357449532,Rh,facet
1048,0.722537941,-1.548467159,Rh,corner
1049,0.633809513,-1.58831358,Rh,edge
1050,0.455111927,-1.491411209,Rh,facet
1051,0.614628262,-1.636225224,Rh,edge
1052,0.351694054,-1.407295704,Rh,facet
1053,0.366588539,-1.389159203,Rh,facet
1054,0.582790321,-1.583203316,Rh,edge
1055,0.348449177,-1.274318695,Rh,facet
1056,0.346768326,-1.308696747,Rh,facet
1057,0.649448341,-1.630587101,Rh,edge
1058,0.390777534,-1.492300034,Rh,facet
1059,0.419593758,-1.529481888,Rh,facet
1060,0.377202457,-1.447603703,Rh,facet
1061,0.258162445,-1.277008057,Rh,facet
1062,0.482347435,-1.531219959,Rh,facet
1063,0.676878876,-1.562746525,Rh,corner
1064,0.63044495,-1.58716774,Rh,edge
1065,0.301085896,-1.420457363,Rh,facet
1066,0.386604256,-1.40389204,Rh,facet
1067,0.299135155,-1.350117683,Rh,facet
1068,0.701087898,-1.685134411,Rh,edge
1069,0.425405449,-1.501730919,Rh,facet
1070,0.74204678,-1.668162346,Rh,edge
1071,0.723240322,-1.654547215,Rh,corner
1072,0.811020798,-1.754553318,Rh,edge
1073,0.379931873,-1.417860031,Rh,facet
1074,1.024761147,-1.800117493,Rh,corner
1075,0.845803909,-1.76789093,Ru,facet
1076,0.734849625,-1.61596489,Ru,facet
1077,0.801746063,-1.678719044,Ru,facet
1078,1.186421089,-1.856083393,Ru,edge
1079,1.504179649,-2.099594593,Ru,edge
1080,1.175409012,-1.871804714,Ru,edge
1081,1.344441586,-2.226697922,Ru,facet
1082,0.717061691,-1.559389591,Ru,facet
1083,1.414708309,-1.920804977,Ru,corner
1084,1.363721066,-2.046236038,Ru,edge
1085,0.845464401,-1.731012821,Ru,facet
1086,1.375162296,-2.036185265,Ru,edge
1087,0.956118279,-1.680227757,Ru,facet
1088,1.160858803,-1.915065765,Ru,edge
1089,0.839222603,-1.69499588,Ru,facet
1090,1.733094387,-2.109209061,Ru,corner
1091,1.398850613,-2.034840107,Ru,edge
1092,1.330726795,-1.884717464,Ru,corner
1093,1.107805901,-1.998461723,Ru,facet
1094,0.949664764,-1.859319687,Ru,facet
1095,0.808806114,-1.742331982,Ru,facet
1096,1.95763319,-2.267252922,Ru,corner
1097,1.096916847,-1.834214211,Ru,edge
1098,1.182015434,-1.931581974,Ir,edge
1099,1.557857052,-2.012029648,Ir,corner
1100,1.308037773,-2.006848335,Ir,edge
1101,1.013323799,-1.800544739,Ir,edge
1102,0.688313499,-1.685772896,Ir,facet
1103,0.808993355,-1.705410004,Ir,facet
1104,0.893801704,-1.774257183,Ir,facet
1105,0.880255714,-1.755975723,Ir,facet
1106,1.659635082,-2.234863758,Ir,corner
1107,0.870298401,-1.865983963,Ir,facet
1108,0.611441628,-1.550648212,Ir,facet
1109,0.707943932,-1.615077496,Ir,facet
1110,0.754595772,-1.700888634,Ir,facet
1111,1.38122274,-2.135159969,Ir,edge
1112,1.508340374,-2.238063812,Ir,edge
1113,1.709661499,-2.101988316,Ir,corner
1114,0.762361542,-1.664817333,Ir,facet
1115,1.153976456,-1.938488483,Ir,edge
1116,1.677258507,-2.215000153,Ir,corner
1117,0.965256229,-1.937711239,Ir,facet
1118,1.134210602,-1.859026909,Ir,edge
1119,0.980250374,-1.84945631,Ir,facet
1120,1.173923031,-1.926103592,Ir,edge
1121,0.788858429,-1.709974766,Ir,facet
1122,0.751133934,-1.657660961,Ir,facet
1123,1.645173088,-2.28218317,Ir,edge
1124,0.695704475,-1.656716824,Ir,facet
1125,1.030855671,-1.821171761,Ir,facet
1126,0.0493713,-0.852276325,Pd,facet
1127,0.058864651,-1.005743504,Pd,facet
1128,0.103597698,-1.024115086,Pd,facet
1129,0.194272575,-1.134754658,Pd,facet
1130,0.259468136,-1.137159824,Pd,edge
1131,0.042103825,-0.876186848,Pd,facet
1132,0.356085835,-1.252387524,Pd,edge
1133,0.087383327,-0.957314014,Pd,facet
1134,0.019057331,-0.819242477,Pd,facet
1135,0.364269314,-1.258949757,Pd,corner
1136,0.327470837,-1.320735455,Pd,edge
1137,0.382415352,-1.290452957,Pd,corner
1138,0.075051842,-0.985375881,Pd,facet
1139,0.560884056,-1.38444376,Pd,corner
1140,0.419992504,-1.312652588,Pd,edge
1141,0.086185513,-0.920723438,Pd,facet
1142,0.084598598,-0.929525375,Pd,facet
1143,0.154434261,-1.133250237,Pd,facet
1144,0.382230339,-1.292779446,Pd,edge
1145,0.455344257,-1.405749321,Pd,corner
1146,0.05776268,-0.889187813,Pd,facet
1147,0.565131245,-1.372750282,Pd,corner
1148,0.355904636,-1.26458931,Pd,corner
1149,-0.019892937,-1.016898155,Pt,facet
1150,0.032626385,-1.101918221,Pt,facet
1151,0.204187626,-1.433589458,Pt,edge
1152,-0.054774529,-0.995398521,Pt,facet
1153,0.160720581,-1.409977913,Pt,edge
1154,0.404210323,-1.578925133,Pt,corner
1155,0.122435802,-1.301780701,Pt,facet
1156,0.339897865,-1.484218597,Pt,corner
1157,0.105981583,-1.239178181,Pt,facet
1158,0.004974121,-1.16855526,Pt,facet
1159,0.037288898,-1.220168114,Pt,facet
1160,0.173327679,-1.469079494,Pt,edge
1161,-0.091648346,-1.01744175,Pt,facet
1162,0.187509293,-1.392242908,Pt,edge
1163,0.470242733,-1.629426003,Pt,corner
1164,0.417554134,-1.582897663,Pt,corner
1165,0.271507496,-1.44069767,Pt,edge
1166,-0.004243141,-1.083864212,Pt,facet
1167,0.45248341,-1.636493206,Pt,corner
1168,0.016829723,-1.247723103,Pt,facet
1169,0.024730915,-1.224437237,Pt,facet
1170,0.438704247,-1.559390068,Pt,corner
1171,0.349194283,-1.550987244,Pt,corner
1172,0.24127459,-1.471881866,Pt,edge
1173,0.679587311,-1.688987255,Rh,edge
1174,0.790056175,-1.665102482,Rh,corner
1175,0.350867695,-1.38314867,Rh,facet
1176,0.603391594,-1.591640472,Rh,edge
1177,0.606176323,-1.652004719,Rh,edge
1178,0.593357033,-1.625005245,Rh,edge
1179,0.347428745,-1.380972862,Rh,facet
1180,0.377933926,-1.384104252,Rh,facet
1181,0.343259758,-1.345570564,Rh,facet
1182,0.632857746,-1.636758804,Rh,edge
1183,0.961671776,-1.78805542,Rh,corner
1184,0.554037518,-1.538563251,Rh,edge
1185,0.377219147,-1.467768669,Rh,facet
1186,0.455418533,-1.579458237,Rh,facet
1187,0.285386032,-1.296188354,Rh,facet
1188,0.553805298,-1.615214825,Rh,edge
1189,0.38793034,-1.477659225,Rh,facet
1190,0.463682598,-1.536054134,Rh,facet
1191,0.457094616,-1.489345074,Rh,facet
1192,0.321613735,-1.34875679,Rh,facet
1193,0.70740313,-1.6507864,Rh,edge
1194,0.870471649,-1.768544674,Ru,facet
1195,1.601245575,-2.233368397,Ru,edge
1196,1.429244213,-1.957942963,Ru,corner
1197,1.54646986,-2.050204277,Ru,edge
1198,1.305686169,-2.026610851,Ru,edge
1199,1.375983887,-1.97003603,Ru,corner
1200,0.915042572,-1.814068794,Ru,facet
1201,0.797413521,-1.771819115,Ru,facet
1202,0.887988739,-1.765419483,Ru,facet
1203,1.329801254,-1.99914217,Ru,edge
1204,1.016001396,-1.916746616,Ru,facet
1205,0.860474281,-1.766762257,Ru,facet
1206,1.225880318,-1.953409672,Ru,edge
1207,1.210953407,-1.958154678,Ru,facet
1208,1.438558273,-1.926189423,Ru,corner
1209,1.013556175,-1.922775745,Ru,facet
1210,0.92819088,-1.777483463,Ru,facet
1211,1.04583519,-1.924293995,Ru,facet
1212,0.904797249,-1.836791515,Ru,facet
1213,0.735161476,-1.680963516,Ru,facet
1214,0.779668503,-1.721842289,Ru,facet
1215,1.126631432,-1.874946117,Ru,edge
1216,1.532174282,-1.963383675,Ru,corner
1217,1.235716515,-1.877934933,Ru,edge
1218,1.450874023,-2.091805458,Ru,edge
1219,1.729912453,-2.115832806,Ru,corner
1220,1.082875267,-1.849681854,Ir,edge
1221,0.936059013,-1.843457222,Ir,facet
1222,1.451372639,-1.913917065,Ir,corner
1223,1.747213856,-2.191980839,Ir,corner
1224,0.581369415,-1.588057518,Ir,facet
1225,0.924231544,-1.835861683,Ir,facet
1226,1.21367313,-1.972452641,Ir,edge
1227,1.154778496,-1.897247314,Ir,edge
1228,0.72692205,-1.669779301,Ir,facet
1229,1.50287439,-2.037755489,Ir,corner
1230,1.020010487,-1.897116661,Ir,edge
1231,1.411591545,-2.060571671,Ir,edge
1232,1.093962208,-1.907253742,Ir,edge
1233,0.667996422,-1.76247263,Ir,facet
1234,1.223245159,-1.945205212,Ir,edge
1235,0.588569656,-1.583332062,Ir,facet
1236,0.653062836,-1.6235075,Ir,facet
1237,0.612758652,-1.556215763,Ir,facet
1238,0.733900085,-1.682195663,Ir,facet
1239,0.687081352,-1.576770782,Ir,facet
1240,0.544699684,-1.522294998,Ir,facet
1241,0.757996574,-1.761283875,Ir,facet
1242,1.694360748,-2.169898033,Ir,corner
1243,0.387904701,-1.311018467,Pd,edge
1244,0.297029076,-1.267314911,Pd,edge
1245,0.080880699,-0.936415195,Pd,facet
1246,0.550475178,-1.423365593,Pd,corner
1247,0.122307358,-0.988103867,Pd,facet
1248,0.300160942,-1.24706459,Pd,edge
1249,0.15061861,-1.068356991,Pd,facet
1250,0.348738728,-1.285344601,Pd,edge
1251,0.627649841,-1.57736063,Pd,corner
1252,0.428559361,-1.377840042,Pd,edge
1253,0.085585651,-0.940237522,Pd,facet
1254,0.088087616,-0.868719101,Pd,facet
1255,0.062652645,-0.885354519,Pd,facet
1256,0.549349365,-1.43123436,Pd,corner
1257,0.306992111,-1.231895924,Pd,edge
1258,0.250330982,-1.122299194,Pd,edge
1259,0.336400089,-1.230978966,Pd,corner
1260,0.084430275,-1.01458025,Pd,facet
1261,-0.028653088,-0.82544899,Pd,facet
1262,0.482291279,-1.314154625,Pd,corner
1263,0.458490429,-1.332835674,Pd,corner
1264,0.191277561,-1.090244293,Pd,facet
1265,0.377496777,-1.368224621,Pd,edge
1266,0.481452522,-1.343899727,Pd,corner
1267,0.429894203,-1.647990704,Pt,corner
1268,0.103050941,-1.375115395,Pt,facet
1269,0.739799255,-1.87385416,Pt,corner
1270,0.554839844,-1.760351181,Pt,edge
1271,-0.016407734,-1.120100975,Pt,facet
1272,0.40860104,-1.567808151,Pt,corner
1273,0.028214687,-1.257756233,Pt,facet
1274,0.010768169,-1.16352129,Pt,facet
1275,-0.046802288,-1.070680618,Pt,facet
1276,-0.015516048,-1.039134026,Pt,facet
1277,-0.014337784,-1.044202328,Pt,facet
1278,0.258491749,-1.415445328,Pt,edge
1279,-0.05048967,-0.997496605,Pt,facet
1280,0.455845589,-1.624418259,Pt,corner
1281,-0.06733728,-1.06519413,Pt,facet
1282,0.157894367,-1.39733696,Pt,facet
1283,-0.056109196,-1.082546711,Pt,facet
1284,0.012624973,-1.110748291,Pt,facet
1285,0.469916576,-1.576294422,Pt,corner
1286,0.285556072,-1.510034084,Pt,edge
1287,0.267845863,-1.494402409,Pt,corner
1288,-0.036718613,-1.110907555,Pt,facet
1289,0.012685055,-1.175958633,Pt,facet
1290,0.558140034,-1.762579918,Pt,corner
1291,0.562541908,-1.563824177,Rh,edge
1292,0.443478531,-1.505653381,Rh,facet
1293,0.329541153,-1.374920845,Rh,facet
1294,0.436525291,-1.536050797,Rh,facet
1295,0.405179924,-1.493895054,Rh,facet
1296,0.360667652,-1.362671375,Rh,facet
1297,0.619581169,-1.605186462,Rh,edge
1298,0.602757401,-1.598759174,Rh,edge
1299,0.476960129,-1.549633026,Rh,edge
1300,0.586174435,-1.541604996,Rh,edge
1301,0.831336922,-1.758406162,Rh,corner
1302,0.461359447,-1.560249329,Rh,facet
1303,0.432713932,-1.516474247,Rh,facet
1304,0.574160046,-1.502973557,Rh,edge
1305,0.341271347,-1.402327061,Rh,facet
1306,0.321433968,-1.293239117,Rh,facet
1307,0.522480911,-1.517046928,Rh,edge
1308,0.337734169,-1.402107716,Rh,facet
1309,0.527797169,-1.538395405,Rh,edge
1310,0.405973381,-1.499647141,Rh,facet
1311,0.392923779,-1.444146156,Rh,facet
1312,0.418658203,-1.445201397,Rh,facet
1313,0.374761528,-1.448159695,Rh,facet
1314,0.690622276,-1.558076382,Rh,corner
1315,1.308171921,-2.178721428,Ru,facet
1316,1.570615463,-2.098339558,Ru,edge
1317,1.205492668,-2.076200962,Ru,facet
1318,0.813840561,-1.726626873,Ru,facet
1319,1.456661873,-2.015310764,Ru,edge
1320,1.058044128,-1.950217247,Ru,facet
1321,0.962476425,-1.856221199,Ru,facet
1322,0.65780323,-1.520449638,Ru,facet
1323,1.48573082,-2.145835876,Ru,edge
1324,0.819653206,-1.762480259,Ru,facet
1325,0.96770256,-1.861625195,Ru,facet
1326,1.245401077,-1.850317001,Ru,edge
1327,1.606394939,-1.993730545,Ru,corner
1328,1.31246727,-1.995236874,Ru,edge
1329,1.233132057,-2.188498974,Ru,facet
1330,1.533179455,-2.005064487,Ru,corner
1331,1.111941032,-1.885645866,Ru,facet
1332,1.8217346,-2.1798172,Ru,corner
1333,1.366762333,-2.042326927,Ru,edge
1334,0.828162842,-1.776173592,Ru,facet
1335,0.841397934,-1.780611992,Ru,facet
1336,0.91029995,-1.82983017,Ru,facet
1337,1.538613491,-2.046533108,Ru,corner
1338,1.826008492,-2.35927248,Ru,edge
1339,1.636041336,-2.228336811,Ru,edge
1340,1.573019676,-2.173138142,Ru,edge
1341,1.553683453,-2.152149677,Ru,edge
1342,0.896944061,-1.7972188,Ir,facet
1343,0.783601776,-1.648728371,Ir,facet
1344,1.011246696,-1.923870564,Ir,edge
1345,1.49982597,-2.139050007,Ir,corner
1346,0.588205353,-1.685999393,Ir,facet
1347,0.729290977,-1.778174877,Ir,facet
1348,0.703644768,-1.60020113,Ir,facet
1349,1.657891766,-2.144609928,Ir,corner
1350,0.974071995,-1.959196091,Ir,facet
1351,0.55380632,-1.541744709,Ir,facet
1352,0.71890451,-1.750413418,Ir,facet
1353,0.844749466,-1.812078953,Ir,facet
1354,0.815252319,-1.738239288,Ir,facet
1355,1.327637211,-1.94470787,Ir,edge
1356,0.985192791,-1.787851334,Ir,facet
1357,0.938516632,-1.766065598,Ir,edge
1358,1.365121857,-2.10072279,Ir,edge
1359,0.970626846,-1.808139801,Ir,edge
1360,0.552012459,-1.57437706,Ir,facet
1361,0.659420029,-1.662434101,Ir,facet
1362,1.586727158,-2.117116451,Ir,corner
1363,0.811740891,-1.726806164,Ir,facet
1364,0.784729973,-1.766532898,Ir,facet
1365,1.04015638,-1.955862522,Ir,facet
1366,0.660298363,-1.612499714,Ir,facet
1367,0.953022972,-1.870773315,Ir,facet
1368,1.258327976,-1.92987442,Ir,edge
1369,1.424491421,-2.152153969,Ir,edge
1370,0.091806469,-0.9793787,Pd,facet
1371,0.303890285,-1.159970284,Pd,edge
1372,0.462200699,-1.319623947,Pd,corner
1373,0.026463566,-0.869668484,Pd,facet
1374,0.154543934,-1.024382114,Pd,facet
1375,0.325737057,-1.250742435,Pd,edge
1376,0.084038792,-0.989268303,Pd,facet
1377,0.014380035,-0.853133202,Pd,facet
1378,0.09186512,-0.955472469,Pd,facet
1379,0.350852547,-1.275538921,Pd,edge
1380,0.723182259,-1.588298321,Pd,corner
1381,0.347883759,-1.280507088,Pd,edge
1382,0.091069279,-1.025476933,Pd,facet
1383,0.459206638,-1.342418671,Pd,corner
1384,0.135902939,-1.003605366,Pd,facet
1385,0.065385876,-0.908253193,Pd,facet
1386,0.302224693,-1.189367771,Pd,edge
1387,0.093546448,-0.97704792,Pd,facet
1388,0.121626434,-1.032291889,Pd,facet
1389,0.137437878,-1.070589066,Pd,facet
1390,0.549837646,-1.375703812,Pd,corner
1391,0.055920181,-0.981554985,Pd,facet
1392,0.330154953,-1.239171982,Pd,edge
1393,0.076020775,-0.955436707,Pd,facet
1394,0.52099472,-1.368720531,Pd,corner
1395,0.132624382,-1.284897804,Pt,edge
1396,0.328775162,-1.54261446,Pt,edge
1397,0.168142075,-1.360845089,Pt,edge
1398,0.005693668,-1.096783161,Pt,facet
1399,0.034167999,-1.21079874,Pt,facet
1400,0.40723061,-1.594556808,Pt,edge
1401,0.061314339,-1.249233723,Pt,facet
1402,-0.058005577,-1.049070835,Pt,facet
1403,0.575610394,-1.68941021,Pt,corner
1404,0.229507679,-1.416783333,Pt,edge
1405,0.040769333,-1.115736008,Pt,facet
1406,0.504159206,-1.598970413,Pt,corner
1407,0.023348564,-1.068172455,Pt,facet
1408,0.0663526,-1.273953438,Pt,facet
1409,0.10342049,-1.341808796,Pt,facet
1410,0.656509632,-1.812770367,Pt,corner
1411,0.549473995,-1.701357841,Pt,corner
1412,0.310431236,-1.559383392,Pt,corner
1413,-0.066448933,-1.013602734,Pt,facet
1414,0.176679844,-1.444002628,Pt,facet
1415,0.302659744,-1.477201939,Pt,corner
1416,-0.044214493,-1.085382938,Pt,facet
1417,-0.055728203,-1.132827282,Pt,facet
1418,0.384903664,-1.653524399,Pt,edge
1419,0.600579971,-1.776321411,Pt,corner
1420,0.336681313,-1.443738461,Rh,facet
1421,0.742542213,-1.642652512,Rh,edge
1422,0.596400208,-1.579815865,Rh,edge
1423,0.662900871,-1.664783955,Rh,edge
1424,0.644102997,-1.680885792,Rh,edge
1425,0.391311592,-1.48814106,Rh,facet
1426,0.329674667,-1.344795704,Rh,facet
1427,0.379088348,-1.448765755,Rh,facet
1428,0.374631828,-1.449132919,Rh,facet
1429,0.868018574,-1.738965988,Rh,corner
1430,0.663855022,-1.669539928,Rh,edge
1431,0.583317226,-1.608363628,Rh,edge
1432,0.92283482,-1.889061451,Rh,edge
1433,0.424565739,-1.433172703,Rh,edge
1434,0.481136269,-1.450314522,Rh,edge
1435,0.587637848,-1.560096264,Rh,edge
1436,0.331541008,-1.352283001,Rh,facet
1437,0.784173912,-1.778455734,Rh,edge
1438,0.314278072,-1.36882925,Rh,facet
1439,0.726818508,-1.632341385,Rh,corner
1440,0.856713242,-1.681074619,Rh,corner
1441,0.849898285,-1.829131126,Rh,edge
1442,0.712510056,-1.625469208,Rh,corner
1443,0.910564117,-1.738285542,Ru,facet
1444,1.635402851,-2.075130939,Ru,corner
1445,1.992998295,-2.267590046,Ru,corner
1446,1.327661209,-2.096920013,Ru,facet
1447,1.003447227,-1.9377141,Ru,facet
1448,1.344367199,-2.00103426,Ru,edge
1449,1.461965256,-2.079397678,Ru,edge
1450,1.836007767,-2.141087055,Ru,corner
1451,1.212621384,-1.847456932,Ru,edge
1452,0.883919411,-1.83267355,Ru,facet
1453,1.435017757,-1.988733292,Ru,corner
1454,0.926777534,-1.87648344,Ru,facet
1455,1.348345928,-1.934371471,Ru,corner
1456,1.684288197,-2.226166725,Ru,edge
1457,1.369463139,-2.12501049,Ru,facet
1458,0.792148285,-1.714588642,Ru,facet
1459,0.744418793,-1.665222168,Ru,facet
1460,0.901453667,-1.854067802,Ru,facet
1461,1.343969994,-2.039442539,Ru,edge
1462,1.006174736,-1.907673836,Ru,facet
1463,0.996771507,-1.898819447,Ru,facet
1464,0.731513039,-1.661170006,Ir,facet
1465,0.819829002,-1.688390732,Ir,facet
1466,1.984931961,-2.43686676,Ir,corner
1467,1.405888096,-2.132153511,Ir,edge
1468,0.772305504,-1.74852705,Ir,facet
1469,1.094410912,-1.874269485,Ir,edge
1470,1.532576576,-2.196764946,Ir,edge
1471,1.24045755,-1.902384758,Ir,corner
1472,0.913799301,-1.762468815,Ir,edge
1473,0.596741692,-1.613850117,Ir,facet
1474,1.675781742,-2.137469292,Ir,corner
1475,0.596828476,-1.580406189,Ir,facet
1476,1.359178558,-1.984706402,Ir,corner
1477,1.221731201,-1.946044922,Ir,edge
1478,1.344705597,-1.993502617,Ir,edge
1479,1.364640728,-1.958425999,Ir,corner
1480,1.813961044,-2.250235081,Ir,corner
1481,0.682938591,-1.63883543,Ir,facet
1482,0.575756088,-1.557753563,Ir,facet
1483,0.733901993,-1.590423584,Ir,facet
1484,1.796901241,-2.180510044,Ir,corner
1485,0.684108749,-1.633529186,Ir,facet
1486,0.741504684,-1.648009777,Ir,facet
1487,1.064533726,-1.836361408,Ir,edge
1488,1.280026451,-1.939325809,Ir,corner
1489,0.411491451,-1.338418484,Pd,edge
1490,0.058066425,-0.919835567,Pd,facet
1491,0.329828796,-1.15810442,Pd,edge
1492,0.346027431,-1.19260931,Pd,edge
1493,0.067511139,-0.879635811,Pd,facet
1494,0.100645123,-0.996821404,Pd,facet
1495,0.589401302,-1.431921482,Pd,corner
1496,0.242409763,-1.099447727,Pd,edge
1497,0.076316891,-0.885044575,Pd,facet
1498,0.341596184,-1.239636898,Pd,corner
1499,0.451553402,-1.246819496,Pd,corner
1500,0.359105644,-1.287983418,Pd,corner
1501,0.067108212,-0.990488529,Pd,facet
1502,0.247134266,-1.163775921,Pd,edge
1503,0.547047672,-1.440853119,Pd,corner
1504,0.442588863,-1.313553333,Pd,edge
1505,0.14119154,-1.1299119,Pd,facet
1506,0.362618504,-1.250414848,Pd,edge
1507,0.047102509,-0.918532372,Pd,facet
1508,0.012589035,-0.870583057,Pd,facet
1509,0.04798275,-0.924139977,Pd,facet
1510,0.520513115,-1.42196846,Pd,corner
1511,0.281247196,-1.16345787,Pd,edge
1512,0.555419201,-1.694774151,Pt,corner
1513,0.365797752,-1.511154175,Pt,edge
1514,0.118088001,-1.308066845,Pt,facet
1515,0.21712851,-1.355886459,Pt,edge
1516,-0.040772205,-1.075621128,Pt,facet
1517,-0.024693733,-1.152920723,Pt,facet
1518,0.135661835,-1.351328373,Pt,edge
1519,0.005731815,-1.219890594,Pt,facet
1520,-0.002501732,-1.056911469,Pt,facet
1521,0.127147907,-1.349983692,Pt,edge
1522,0.267620796,-1.559664249,Pt,edge
1523,0.177996868,-1.426076412,Pt,facet
1524,0.446228737,-1.677082062,Pt,edge
1525,-0.033065086,-1.098593712,Pt,facet
1526,0.281543011,-1.463156223,Pt,edge
1527,0.110596413,-1.291291714,Pt,facet
1528,-0.052990204,-1.056367874,Pt,facet
1529,0.088463539,-1.260228157,Pt,facet
1530,-0.011688,-1.075739861,Pt,facet
1531,0.253167862,-1.422686577,Pt,edge
1532,0.055646175,-1.250389099,Pt,facet
1533,0.222582096,-1.367269516,Pt,edge
1534,0.567925686,-1.731021881,Pt,corner
1535,0.014042133,-1.221953392,Pt,facet
1536,0.377518887,-1.558703423,Pt,corner
1537,0.274235481,-1.492157459,Pt,edge
1538,0.543148941,-1.486741066,Rh,edge
1539,0.344510502,-1.352235317,Rh,facet
1540,0.997941917,-1.852272511,Rh,corner
1541,0.562950558,-1.530495644,Rh,edge
1542,0.582003063,-1.592569351,Rh,edge
1543,0.321907467,-1.372979641,Rh,facet
1544,0.389788097,-1.465843201,Rh,facet
1545,0.363971657,-1.456646442,Rh,facet
1546,0.295406288,-1.286906242,Rh,facet
1547,0.577478355,-1.595019817,Rh,edge
1548,0.31367392,-1.365070343,Rh,facet
1549,0.373142189,-1.451611996,Rh,facet
1550,0.425677246,-1.548512936,Rh,facet
1551,0.369193977,-1.317563057,Rh,facet
1552,0.663369125,-1.534453392,Rh,corner
1553,0.322253174,-1.378444195,Rh,facet
1554,0.249760574,-1.253460884,Rh,facet
1555,0.433533138,-1.557504654,Rh,facet
1556,0.336586422,-1.409077168,Rh,facet
1557,0.81245417,-1.741185188,Rh,corner
1558,0.800858921,-1.689543247,Rh,corner
1559,1.215511017,-2.066106796,Ru,facet
1560,1.859769516,-2.244440556,Ru,corner
1561,1.597178631,-2.330530643,Ru,facet
1562,1.72604435,-2.342381954,Ru,edge
1563,1.317466908,-2.192911148,Ru,facet
1564,0.830461197,-1.71560955,Ru,facet
1565,1.014606171,-1.925569534,Ru,facet
1566,1.089043312,-1.999602318,Ru,facet
1567,0.895296745,-1.802404404,Ru,facet
1568,1.494328671,-2.00140667,Ru,corner
1569,0.787048988,-1.658748627,Ru,facet
1570,1.284704857,-1.967158318,Ru,edge
1571,0.746551208,-1.654592991,Ru,facet
1572,0.868418388,-1.775204659,Ru,facet
1573,1.197496109,-1.9944911,Ru,facet
1574,1.07901638,-1.996233463,Ru,facet
1575,1.384241276,-1.997567177,Ru,edge
1576,0.788076096,-1.796718121,Ru,facet
1577,1.176463776,-1.880869865,Ru,edge
1578,1.323805504,-1.991831303,Ru,edge
1579,1.627356224,-2.106205463,Ru,corner
1580,1.065088921,-2.005067348,Ru,facet
1581,0.903952293,-1.824578285,Ru,facet
1582,0.887780838,-1.801917553,Ru,facet
1583,1.194567375,-1.855068207,Ru,edge
1584,1.260599785,-1.997858047,Ru,edge
1585,1.040488892,-1.899555683,Ru,facet
1586,1.564475552,-2.082651615,Ir,edge
1587,1.421598927,-1.973417759,Ir,corner
1588,1.361510292,-2.089165688,Ir,edge
1589,0.749298111,-1.677163601,Ir,facet
1590,0.72904493,-1.681266785,Ir,facet
1591,1.063796535,-1.888323307,Ir,edge
1592,1.046900764,-1.919512749,Ir,edge
1593,0.910118118,-1.831022739,Ir,facet
1594,0.870304123,-1.796906948,Ir,facet
1595,1.624266163,-2.087246418,Ir,corner
1596,0.937391296,-1.83284235,Ir,facet
1597,0.899838463,-1.60815382,Ir,facet
1598,1.486618534,-2.086255074,Ir,corner
1599,1.717054382,-2.173545837,Ir,corner
1600,1.487843529,-2.027468681,Ir,corner
1601,1.573492542,-2.092856407,Ir,corner
1602,0.984089867,-1.7977705,Ir,edge
1603,1.00360252,-1.817439079,Ir,edge
1604,1.599268452,-2.113885403,Ir,corner
1605,1.093954102,-1.81436491,Ir,corner
1606,0.0854879,-0.929723263,Pd,facet
1607,0.091952858,-0.942128181,Pd,facet
1608,0.097649155,-0.961541653,Pd,facet
1609,0.22538763,-1.188789845,Pd,edge
1610,0.51464325,-1.368136406,Pd,corner
1611,0.030485687,-0.870899677,Pd,facet
1612,0.080467281,-0.907013893,Pd,facet
1613,0.306116161,-1.181174278,Pd,corner
1614,0.075843391,-0.92267704,Pd,facet
1615,0.07138401,-0.915446758,Pd,facet
1616,0.533625183,-1.365972519,Pd,corner
1617,0.340575275,-1.190659046,Pd,edge
1618,0.035974083,-0.973466396,Pd,facet
1619,0.008317051,-0.858037472,Pd,facet
1620,0.197253284,-1.110405445,Pd,edge
1621,0.127348003,-1.017874718,Pd,facet
1622,0.077016888,-0.983406544,Pd,facet
1623,0.078798351,-0.928870201,Pd,facet
1624,0.169945774,-1.070940018,Pd,facet
1625,0.122908649,-1.063815117,Pd,facet
1626,0.276434479,-1.162322521,Pd,edge
1627,0.018762646,-0.851741791,Pd,facet
1628,0.205402908,-1.078287601,Pd,edge
1629,0.347110504,-1.514460564,Pt,edge
1630,0.043661827,-1.155276775,Pt,facet
1631,0.559149498,-1.683256626,Pt,corner
1632,0.23206591,-1.415924072,Pt,edge
1633,0.144688362,-1.328691006,Pt,edge
1634,0.365939373,-1.561014652,Pt,edge
1635,0.040720219,-1.258889675,Pt,facet
1636,-0.004397636,-1.175242424,Pt,facet
1637,-0.028612858,-1.135556221,Pt,facet
1638,0.070963139,-1.183852673,Pt,facet
1639,0.309743637,-1.465502262,Pt,edge
1640,0.022501225,-1.199879169,Pt,facet
1641,-0.004520184,-1.119938374,Pt,facet
1642,-0.038665539,-1.02067852,Pt,facet
1643,0.512930149,-1.765921116,Pt,edge
1644,0.504453415,-1.739391327,Pt,corner
1645,0.423970455,-1.626366138,Pt,corner
1646,0.392665619,-1.592816353,Pt,edge
1647,0.062758202,-1.140886784,Pt,facet
1648,0.620483631,-1.722793579,Pt,corner
1649,0.36670422,-1.548009872,Pt,edge
1650,0.026860947,-1.230501652,Pt,facet
1651,0.021470779,-1.173223495,Pt,facet
1652,-0.043596512,-1.06815958,Pt,facet
1653,0.562365288,-1.735910416,Pt,corner
1654,0.004472965,-1.235954762,Pt,facet
1655,0.007495159,-1.181112766,Pt,facet
1656,0.546613926,-1.65978384,Pt,corner
1657,0.115352386,-1.303038597,Pt,edge
1658,0.051967854,-1.300906658,Pt,facet
1659,0.7287435,-1.615086555,Rh,edge
1660,0.423932976,-1.508156776,Rh,facet
1661,0.597398228,-1.55300951,Rh,edge
1662,0.378578609,-1.393770218,Rh,facet
1663,0.385155624,-1.467763901,Rh,facet
1664,0.293553776,-1.274366379,Rh,facet
1665,0.580552525,-1.571594238,Rh,edge
1666,0.838233894,-1.700681686,Rh,corner
1667,0.478189892,-1.594264507,Rh,facet
1668,0.409994072,-1.334196568,Rh,facet
1669,0.483264393,-1.489732265,Rh,edge
1670,0.617222256,-1.626601219,Rh,edge
1671,0.353042072,-1.421662807,Rh,facet
1672,0.519386238,-1.578523636,Rh,edge
1673,1.021268791,-1.863099098,Rh,corner
1674,0.865254826,-1.843504429,Rh,edge
1675,0.735755867,-1.595494747,Rh,corner
1676,0.519725269,-1.487699032,Rh,edge
1677,0.336802429,-1.373090267,Rh,facet
1678,0.332080788,-1.361183643,Rh,facet
1679,0.540734715,-1.537324905,Rh,edge
1680,0.374690002,-1.471293449,Rh,facet
1681,0.329983658,-1.345986843,Rh,facet
1682,0.335465378,-1.362486362,Rh,facet
1683,0.439273304,-1.511629105,Rh,facet
1684,2.355312996,-2.516887188,Ru,corner
1685,1.209381752,-1.975988388,Ru,facet
1686,1.825806313,-2.202656269,Ru,corner
1687,1.202327423,-2.133743763,Ru,facet
1688,1.199351959,-2.101772785,Ru,facet
1689,1.460198097,-2.135971546,Ru,edge
1690,0.815872841,-1.783038139,Ru,facet
1691,1.189185791,-2.060245991,Ru,facet
1692,1.818180733,-2.328281403,Ru,edge
1693,1.89146822,-2.347219944,Ru,corner
1694,1.223151855,-1.969787598,Ru,edge
1695,1.355337791,-2.039543629,Ru,edge
1696,1.606046371,-2.153271198,Ru,edge
1697,0.935591393,-1.842941761,Ru,facet
1698,1.694711857,-2.243304729,Ru,edge
1699,0.802101784,-1.715518475,Ru,facet
1700,1.377936058,-1.910616875,Ru,corner
1701,0.72990387,-1.651371479,Ru,facet
1702,0.707083397,-1.614293575,Ru,facet
1703,0.923207932,-1.913868427,Ru,facet
1704,0.930525475,-1.855220795,Ru,facet
1705,0.750177078,-1.678322792,Ru,facet
1706,0.801926308,-1.695264816,Ru,facet
1707,1.14396637,-1.902452946,Ru,edge
1708,1.007330433,-1.872237682,Ir,facet
1709,1.206199184,-1.886073589,Ir,edge
1710,0.571921364,-1.565347195,Ir,facet
1711,0.998830334,-1.798699856,Ir,edge
1712,1.590973392,-2.143857479,Ir,corner
1713,0.889575974,-1.889561653,Ir,facet
1714,1.508223549,-2.00908947,Ir,corner
1715,1.153021351,-1.89417696,Ir,edge
1716,1.552165047,-1.975782871,Ir,corner
1717,1.221529976,-1.88445425,Ir,edge
1718,0.776146904,-1.674253941,Ir,facet
1719,0.817917839,-1.706316471,Ir,facet
1720,0.8706875,-1.820036411,Ir,facet
1721,0.749477402,-1.714265823,Ir,facet
1722,1.524647728,-2.057012081,Ir,corner
1723,0.585175529,-1.5512743,Ir,facet
1724,0.625597969,-1.593655109,Ir,facet
1725,0.753937737,-1.643614769,Ir,facet
1726,1.357078091,-1.952046871,Ir,corner
1727,1.08262159,-1.891634464,Ir,edge
1728,1.39491655,-1.991409302,Ir,corner
1729,0.907389656,-1.801237106,Ir,facet
1730,0.408884583,-1.280486107,Pd,edge
1731,0.082251129,-0.937685013,Pd,facet
1732,0.092816887,-1.012545586,Pd,facet
1733,0.400162277,-1.270999908,Pd,edge
1734,0.071312008,-0.924434662,Pd,facet
1735,0.06925827,-0.982983112,Pd,facet
1736,0.042765198,-0.955991268,Pd,facet
1737,0.055248318,-0.906497002,Pd,facet
1738,0.121423302,-1.044043541,Pd,facet
1739,0.123736916,-0.982624531,Pd,facet
1740,0.129178581,-0.995984554,Pd,facet
1741,0.109517155,-0.982105255,Pd,facet
1742,0.099985657,-0.978085041,Pd,facet
1743,0.272097168,-1.190720081,Pd,edge
1744,0.527335701,-1.435556889,Pd,corner
1745,0.617418346,-1.424733639,Pd,corner
1746,0.154367981,-1.015975952,Pd,facet
1747,0.004892883,-0.79992485,Pd,facet
1748,0.017186699,-0.874951839,Pd,facet
1749,0.34494072,-1.266868591,Pd,edge
1750,0.033491669,-0.868025303,Pd,facet
1751,0.390040455,-1.301584244,Pd,corner
1752,0.11849522,-1.286720753,Pt,facet
1753,0.037703747,-1.17860651,Pt,facet
1754,0.347234005,-1.479009628,Pt,edge
1755,0.614143127,-1.736470222,Pt,edge
1756,-0.025680786,-1.135437965,Pt,facet
1757,0.178388828,-1.373842716,Pt,edge
1758,0.57421183,-1.701331139,Pt,corner
1759,0.34738707,-1.563797474,Pt,edge
1760,0.020627254,-1.153871536,Pt,facet
1761,0.276295418,-1.50872612,Pt,edge
1762,0.166663879,-1.328763008,Pt,edge
1763,0.287270302,-1.487892151,Pt,edge
1764,0.00610041,-1.042513371,Pt,facet
1765,0.045549625,-1.239739895,Pt,facet
1766,0.232024902,-1.36648798,Pt,edge
1767,0.021414513,-1.099908829,Pt,facet
1768,0.432448143,-1.649884224,Pt,corner
1769,0.169543499,-1.350122929,Pt,edge
1770,0.068536514,-1.238480568,Pt,facet
1771,0.249196762,-1.451293468,Pt,edge
1772,-0.101699596,-1.041069508,Pt,facet
1773,0.421662086,-1.636470318,Pt,corner
1774,-0.050426727,-1.024449825,Pt,facet
1775,0.218203777,-1.437957287,Pt,edge
1776,0.209530586,-1.427296162,Pt,edge
1777,0.519885773,-1.706121445,Pt,corner
1778,0.622462219,-1.58021307,Rh,edge
1779,0.358945793,-1.397960663,Rh,facet
1780,1.018862194,-1.831575394,Rh,corner
1781,0.641492313,-1.618877888,Rh,edge
1782,0.9374165,-1.763575554,Rh,corner
1783,0.581718391,-1.51290369,Rh,edge
1784,0.709825462,-1.566422939,Rh,corner
1785,0.451205677,-1.465026379,Rh,facet
1786,0.82514996,-1.685584545,Rh,corner
1787,0.631886906,-1.626552582,Rh,edge
1788,0.940003342,-1.797894955,Rh,corner
1789,0.380379623,-1.510084152,Rh,facet
1790,0.512688107,-1.507730961,Rh,edge
1791,0.334028667,-1.435884953,Rh,facet
1792,0.425059265,-1.4793787,Rh,facet
1793,0.470374054,-1.569309711,Rh,facet
1794,0.961778587,-1.770159721,Rh,corner
1795,0.875859207,-1.794329643,Rh,corner
1796,0.757296032,-1.707502365,Rh,edge
1797,0.32454533,-1.32243681,Rh,facet
1798,0.328327126,-1.243824005,Rh,facet
1799,0.620437092,-1.639648438,Rh,edge
1800,0.728794044,-1.580554485,Rh,corner
1801,0.784081406,-1.677156925,Rh,corner
1802,0.571519798,-1.498746395,Rh,edge
1803,0.379301971,-1.337587357,Rh,facet
1804,0.451039738,-1.442130089,Rh,edge
1805,0.686126179,-1.594502449,Rh,corner
1806,1.174815826,-2.051191807,Ru,facet
1807,0.974732094,-1.954640865,Ru,facet
1808,0.870288544,-1.845365524,Ru,facet
1809,0.740132027,-1.682385921,Ru,facet
1810,1.426016026,-2.09777689,Ru,edge
1811,1.065910034,-1.960622787,Ru,facet
1812,1.206669502,-2.092819214,Ru,facet
1813,2.187319927,-2.572925568,Ru,edge
1814,1.975032024,-2.39773941,Ru,edge
1815,1.203620605,-1.994745731,Ru,facet
1816,1.201662712,-1.956207752,Ru,edge
1817,1.273679428,-2.103363037,Ru,facet
1818,0.93988102,-1.712554455,Ru,facet
1819,0.95331543,-1.907188416,Ru,facet
1820,1.711054497,-2.140827179,Ru,corner
1821,0.801002197,-1.693632126,Ru,facet
1822,0.772947006,-1.679267883,Ru,facet
1823,0.995237045,-1.965025902,Ru,facet
1824,1.259339027,-2.125961781,Ru,facet
1825,0.853297882,-1.779773235,Ru,facet
1826,0.866907768,-1.763110161,Ru,facet
1827,1.407005959,-2.075825691,Ru,edge
1828,0.894021683,-1.770441055,Ru,facet
1829,1.301809006,-1.991884232,Ru,edge
1830,1.200551048,-1.894262791,Ir,edge
1831,1.278417126,-1.986713409,Ir,edge
1832,1.535974041,-2.114754677,Ir,edge
1833,1.300026909,-1.963870049,Ir,edge
1834,1.443838135,-2.095593929,Ir,edge
1835,0.809185043,-1.787942886,Ir,facet
1836,1.46699287,-2.115176678,Ir,corner
1837,1.122751728,-1.930704117,Ir,edge
1838,0.566475883,-1.521704674,Ir,facet
1839,0.749148384,-1.67986393,Ir,facet
1840,0.681664482,-1.677771091,Ir,facet
1841,1.035792843,-1.896648407,Ir,facet
1842,1.517326847,-2.092386723,Ir,corner
1843,1.076364532,-1.839598656,Ir,edge
1844,1.371785179,-2.088103771,Ir,edge
1845,1.62727882,-2.316366196,Ir,edge
1846,1.487628952,-2.03711319,Ir,corner
1847,0.577977196,-1.555997372,Ir,facet
1848,1.419898048,-1.993032932,Ir,edge
1849,1.366604343,-2.019512177,Ir,corner
1850,0.776473061,-1.611382961,Ir,facet
1851,0.76774408,-1.79527998,Ir,facet
1852,1.284323231,-2.027364731,Ir,edge
1853,0.977478996,-1.851930618,Ir,facet
1854,0.831526772,-1.845389366,Ir,facet
1855,1.918959633,-2.321896553,Ir,corner
1856,0.997253433,-1.971157551,Ir,facet
1857,1.507010475,-2.045885563,Ir,corner
1858,1.095650688,-1.901435852,Ir,edge
1859,1.394147888,-2.046597481,Ir,corner
1860,0.278147755,-1.162448883,Pd,edge
1861,0.050612984,-0.85845089,Pd,facet
1862,0.312720356,-1.161252499,Pd,edge
1863,0.135074673,-1.021300316,Pd,facet
1864,0.069747505,-0.938521385,Pd,facet
1865,0.026682434,-0.810442448,Pd,facet
1866,0.061980782,-0.900314331,Pd,facet
1867,0.026257572,-0.896325111,Pd,facet
1868,0.092982349,-0.908274651,Pd,facet
1869,0.459165154,-1.252532005,Pd,corner
1870,0.058155117,-0.890676022,Pd,facet
1871,0.136622963,-1.011893272,Pd,facet
1872,0.434745369,-1.292643547,Pd,corner
1873,0.027868805,-0.910599709,Pd,facet
1874,0.130833683,-0.971770763,Pd,facet
1875,0.446715412,-1.270673275,Pd,corner
1876,0.024409351,-0.897319794,Pd,facet
1877,0.029274998,-0.944896221,Pd,facet
1878,0.405192432,-1.275224209,Pd,edge
1879,0.099277077,-0.964630604,Pd,facet
1880,0.103612957,-1.013105392,Pd,facet
1881,0.287131367,-1.138425827,Pd,edge
1882,0.047502098,-0.893659592,Pd,facet
1883,0.410082397,-1.263811111,Pd,corner
1884,-0.005634075,-1.118259907,Pt,facet
1885,-0.031679398,-1.031209469,Pt,facet
1886,0.409252876,-1.577132702,Pt,edge
1887,0.382909054,-1.483291626,Pt,corner
1888,0.017910236,-1.061595917,Pt,facet
1889,0.34417271,-1.476420879,Pt,edge
1890,0.008204216,-1.065712452,Pt,facet
1891,0.416398758,-1.633087635,Pt,edge
1892,-0.00432468,-1.090894699,Pt,facet
1893,-0.023826843,-0.997782707,Pt,facet
1894,0.007138485,-1.099767208,Pt,facet
1895,0.064920658,-1.282160759,Pt,edge
1896,0.270199055,-1.450696468,Pt,edge
1897,0.050791973,-1.136891365,Pt,facet
1898,0.306599373,-1.465100288,Pt,edge
1899,0.391684765,-1.585269451,Pt,corner
1900,0.118554348,-1.344732285,Pt,edge
1901,0.415740723,-1.597821712,Pt,corner
1902,-0.064821487,-1.103199005,Pt,facet
1903,0.311356777,-1.532464504,Pt,edge
1904,0.596740002,-1.715917587,Pt,corner
1905,0.250400299,-1.46532774,Pt,edge
1906,0.35242886,-1.402747154,Rh,facet
1907,1.072760052,-1.885893822,Rh,corner
1908,0.430827564,-1.454794407,Rh,facet
1909,0.325812286,-1.279769897,Rh,facet
1910,0.810400909,-1.688049793,Rh,corner
1911,0.329050011,-1.326178074,Rh,facet
1912,0.36646933,-1.401666641,Rh,facet
1913,0.455740398,-1.455350399,Rh,edge
1914,0.226627296,-1.299384594,Rh,facet
1915,0.744787163,-1.638406754,Rh,corner
1916,0.550758785,-1.56912899,Rh,edge
1917,0.38408894,-1.405576706,Rh,facet
1918,0.608468956,-1.641626358,Rh,edge
1919,0.301844543,-1.338452339,Rh,facet
1920,0.399076885,-1.46341753,Rh,facet
1921,0.405379719,-1.43037796,Rh,edge
1922,0.562044567,-1.590969086,Rh,edge
1923,0.787920898,-1.628654957,Rh,corner
1924,0.379352039,-1.460031033,Rh,facet
1925,0.410982079,-1.479275703,Rh,facet
1926,0.345042175,-1.342467308,Rh,facet
1927,0.477553791,-1.506492615,Rh,facet
1928,0.369301266,-1.452884197,Rh,facet
1929,0.454463905,-1.506906509,Rh,facet
1930,0.435867256,-1.483090878,Rh,facet
1931,0.753805584,-1.684718132,Rh,edge
1932,1.009359306,-1.799088955,Rh,corner
1933,1.102908783,-1.945652962,Ru,facet
1934,1.819958382,-2.183265686,Ru,corner
1935,1.693462543,-2.060557365,Ru,corner
1936,1.093202286,-2.053311348,Ru,facet
1937,1.355208569,-2.039183617,Ru,edge
1938,0.99175518,-1.889828682,Ru,facet
1939,0.888595276,-1.768757343,Ru,facet
1940,1.60001009,-2.176513672,Ru,edge
1941,1.090245895,-1.97633028,Ru,facet
1942,1.704281502,-2.109885216,Ru,corner
1943,1.268812828,-2.019412994,Ru,edge
1944,1.231976204,-1.969828606,Ru,edge
1945,0.950623207,-1.75377655,Ru,facet
1946,1.749046974,-2.134979248,Ru,corner
1947,1.000469856,-1.896547318,Ru,facet
1948,0.988407784,-1.934093952,Ru,facet
1949,0.862067871,-1.800139904,Ru,facet
1950,1.707231216,-2.198850155,Ru,edge
1951,1.202239685,-1.91041851,Ru,facet
1952,1.198083893,-1.988027573,Ir,edge
1953,0.818976418,-1.720236301,Ir,facet
1954,0.821858421,-1.771811485,Ir,facet
1955,0.881308571,-1.873129368,Ir,facet
1956,1.228969112,-2.089128494,Ir,edge
1957,1.164256111,-1.917704105,Ir,edge
1958,1.386218086,-1.962600231,Ir,corner
1959,0.993084446,-1.92602396,Ir,facet
1960,1.059084908,-1.851421833,Ir,edge
1961,0.668007866,-1.622600555,Ir,facet
1962,0.647927299,-1.561621189,Ir,facet
1963,0.5750065,-1.519821167,Ir,facet
1964,0.697396294,-1.760017395,Ir,facet
1965,1.094168201,-1.887554646,Ir,edge
1966,1.113064304,-2.026035309,Ir,edge
1967,1.417111889,-1.996324539,Ir,corner
1968,0.965415493,-1.994612217,Ir,facet
1969,1.193338409,-2.007182121,Ir,edge
1970,0.035675583,-0.916470051,Pd,facet
1971,0.410662708,-1.254521847,Pd,corner
1972,0.103010712,-0.952272415,Pd,facet
1973,0.204918442,-1.11297369,Pd,edge
1974,0.289115009,-1.222900867,Pd,edge
1975,0.55550724,-1.413934231,Pd,corner
1976,0.010987816,-0.83257246,Pd,facet
1977,0.464759407,-1.416579723,Pd,edge
1978,0.137311516,-1.132246971,Pd,facet
1979,0.307403622,-1.248745441,Pd,edge
1980,0.152506886,-1.102852821,Pd,facet
1981,0.53663784,-1.397512436,Pd,corner
1982,0.547252235,-1.387434959,Pd,corner
1983,0.279450951,-1.208245754,Pd,edge
1984,0.039931831,-0.861094475,Pd,facet
1985,0.070710239,-0.943229675,Pd,facet
1986,0.75847393,-1.616327286,Pd,corner
1987,0.67950779,-1.505920887,Pd,corner
1988,0.352078018,-1.272826672,Pd,corner
1989,0.340356407,-1.226968765,Pd,corner
1990,0.044407902,-0.918345928,Pd,facet
1991,0.113734779,-0.972865582,Pd,facet
1992,0.074343262,-0.909970284,Pd,facet
1993,0.077082691,-0.993967533,Pd,facet
1994,0.021806297,-0.868213654,Pd,facet
1995,0.407587585,-1.263620377,Pd,corner
1996,0.39916235,-1.285806656,Pd,corner
1997,0.439583534,-1.587551117,Pt,edge
1998,0.407940144,-1.575423241,Pt,corner
1999,0.071165794,-1.255109787,Pt,facet
2000,0.242339844,-1.352116108,Pt,edge
2001,0.081742996,-1.217220783,Pt,facet
2002,-0.010602718,-1.230510712,Pt,facet
2003,0.103829617,-1.267327309,Pt,facet
2004,-0.009631401,-1.1350317,Pt,facet
2005,0.19430899,-1.387927532,Pt,edge
2006,0.119931931,-1.352391243,Pt,facet
2007,0.49632048,-1.71027565,Pt,edge
2008,0.173812145,-1.306248665,Pt,facet
2009,0.02026009,-1.128098965,Pt,facet
2010,0.294796223,-1.461103916,Pt,edge
2011,0.0783894,-1.311704159,Pt,facet
2012,0.219163174,-1.475047588,Pt,edge
2013,0.210671181,-1.445573807,Pt,edge
2014,0.529048676,-1.653470516,Pt,corner
2015,0.112458462,-1.191387653,Pt,facet
2016,0.370286697,-1.544077396,Pt,edge
2017,0.015496487,-1.155647755,Pt,facet
2018,-0.014230495,-1.180464745,Pt,facet
2019,0.379563564,-1.53151226,Pt,corner
2020,0.753148979,-1.733718395,Rh,edge
2021,0.435296959,-1.486999512,Rh,facet
2022,0.380989021,-1.382763386,Rh,facet
2023,0.421490139,-1.483603001,Rh,facet
2024,0.902862972,-1.740823269,Rh,corner
2025,0.474985546,-1.539288044,Rh,facet
2026,0.918085999,-1.890144825,Rh,edge
2027,0.479158348,-1.538937092,Rh,facet
2028,0.384125179,-1.389588356,Rh,facet
2029,0.39508099,-1.447816372,Rh,facet
2030,0.605658001,-1.576947212,Rh,edge
2031,0.729862637,-1.583372593,Rh,corner
2032,0.614462799,-1.562246799,Rh,edge
2033,0.758507198,-1.757874966,Rh,edge
2034,0.852294868,-1.752984047,Rh,corner
2035,0.483974403,-1.541809082,Rh,facet
2036,0.602608627,-1.609363556,Rh,edge
2037,0.762142128,-1.681083202,Rh,corner
2038,0.353776878,-1.374445438,Rh,facet
2039,0.364998764,-1.379284382,Rh,facet
2040,0.419310516,-1.410742283,Rh,facet
2041,0.387487358,-1.404676914,Rh,facet
2042,0.386311478,-1.410856247,Rh,facet
2043,0.808970398,-1.635923862,Rh,corner
2044,0.366821236,-1.377493382,Rh,facet
2045,0.299618668,-1.358062267,Rh,facet
2046,0.301858372,-1.284241199,Rh,facet
2047,0.343275494,-1.410900116,Rh,facet
2048,0.828123993,-1.779182434,Rh,edge
2049,0.625879234,-1.605960846,Rh,edge
2050,1.488535576,-2.119945049,Ru,edge
2051,1.161305122,-2.06412077,Ru,facet
2052,1.061836891,-1.849764824,Ru,facet
2053,2.064899139,-2.507008553,Ru,edge
2054,1.035568886,-1.828032017,Ru,facet
2055,1.567722015,-2.01299715,Ru,corner
2056,1.377215557,-2.046084881,Ru,edge
2057,0.958933525,-1.87271595,Ru,facet
2058,0.909917526,-1.926898479,Ru,facet
2059,1.181527786,-2.080613136,Ru,facet
2060,1.068545036,-2.013309956,Ru,facet
2061,0.815288239,-1.719158173,Ru,facet
2062,1.744574718,-2.343216896,Ru,edge
2063,1.567966633,-2.073086739,Ru,corner
2064,0.870065384,-1.749726772,Ru,facet
2065,0.813771896,-1.737138748,Ru,facet
2066,1.535664253,-2.019445419,Ru,edge
2067,1.510934048,-2.140057564,Ru,edge
2068,1.007032089,-1.855335712,Ru,facet
2069,1.847205811,-2.165869713,Ru,corner
2070,1.226010017,-1.87514925,Ru,edge
2071,1.578620605,-1.960108757,Ru,corner
2072,1.296043091,-2.035189152,Ru,edge
2073,0.937599831,-1.756507397,Ru,facet
2074,1.210988537,-2.043010712,Ir,edge
2075,0.597151772,-1.611084938,Ir,facet
2076,0.644690529,-1.678719521,Ir,facet
2077,1.49925758,-2.06328249,Ir,corner
2078,0.795819298,-1.664319038,Ir,facet
2079,1.164914623,-1.971234322,Ir,edge
2080,1.125941769,-1.890190601,Ir,edge
2081,0.766902939,-1.729598045,Ir,facet
2082,1.704492584,-2.325516224,Ir,edge
2083,1.100202576,-1.878257275,Ir,edge
2084,1.077576653,-1.908579826,Ir,facet
2085,1.64506723,-2.142452717,Ir,corner
2086,1.260783211,-2.021443844,Ir,edge
2087,1.432031647,-2.196587086,Ir,edge
2088,1.151318565,-1.901246071,Ir,edge
2089,1.341263309,-1.89513588,Ir,edge
2090,1.171862617,-1.967271805,Ir,edge
2091,0.753915802,-1.658874512,Ir,facet
2092,1.173013226,-1.905614376,Ir,edge
2093,1.548093334,-2.00316143,Ir,corner
2094,1.24807407,-1.902740479,Ir,edge
2095,0.038551865,-0.859926224,Pd,facet
2096,0.360243855,-1.221241474,Pd,corner
2097,0.195896206,-1.151592255,Pd,facet
2098,0.31390625,-1.226501465,Pd,edge
2099,0.319795189,-1.262003422,Pd,edge
2100,-0.006459179,-0.81786871,Pd,facet
2101,0.129063187,-0.991590023,Pd,facet
2102,0.000517426,-0.868102551,Pd,facet
2103,0.151647148,-1.12926054,Pd,facet
2104,0.068200169,-0.964524269,Pd,facet
2105,0.088867245,-1.036603451,Pd,facet
2106,0.513939438,-1.394951344,Pd,corner
2107,0.011731682,-0.86612606,Pd,facet
2108,0.522872505,-1.365271568,Pd,corner
2109,0.125213203,-1.073678493,Pd,facet
2110,0.289435921,-1.170631886,Pd,edge
2111,0.070710239,-0.915849209,Pd,facet
2112,0.466599045,-1.297533035,Pd,corner
2113,0.252902088,-1.142551422,Pd,edge
2114,0.036487637,-0.927960873,Pd,facet
2115,0.012834129,-0.831493855,Pd,facet
2116,0.152784882,-0.979362965,Pd,facet
2117,0.582087574,-1.394749641,Pd,corner
2118,0.361096615,-1.626770496,Pt,edge
2119,0.580521816,-1.769545078,Pt,corner
2120,0.078903908,-1.201779366,Pt,facet
2121,0.332005257,-1.537615299,Pt,edge
2122,-0.07605291,-1.111607552,Pt,facet
2123,0.504886383,-1.641198158,Pt,corner
2124,0.47760796,-1.670512199,Pt,edge
2125,-0.01946283,-1.094078541,Pt,facet
2126,-0.003269917,-1.064592838,Pt,facet
2127,0.017234558,-1.213497639,Pt,facet
2128,0.308350319,-1.522211075,Pt,edge
2129,0.248176331,-1.455239296,Pt,edge
2130,0.464385265,-1.600279331,Pt,corner
2131,0.014588112,-1.190299034,Pt,facet
2132,0.047301525,-1.177847862,Pt,facet
2133,0.501095528,-1.596282959,Pt,corner
2134,0.087158913,-1.260033131,Pt,facet
2135,0.058589214,-1.206914902,Pt,facet
2136,0.022481674,-1.157840729,Pt,facet
2137,0.074188465,-1.218224049,Pt,facet
2138,0.002909893,-1.135696411,Pt,facet
2139,-0.000709778,-1.150885582,Pt,facet
2140,0.465336079,-1.604480743,Pt,corner
2141,0.455113644,-1.627686977,Pt,edge
2142,0.347379917,-1.464766979,Pt,edge
2143,0.38290667,-1.505719185,Pt,corner
2144,0.680618233,-1.629322529,Rh,edge
2145,0.349281258,-1.365512848,Rh,facet
2146,0.49503035,-1.567138672,Rh,facet
2147,0.37414307,-1.356849194,Rh,facet
2148,0.750757164,-1.734113216,Rh,edge
2149,0.508925861,-1.480473518,Rh,edge
2150,0.923858589,-1.776913166,Rh,corner
2151,0.395157761,-1.414599419,Rh,facet
2152,0.705404228,-1.556854725,Rh,corner
2153,0.664180702,-1.678173542,Rh,edge
2154,0.63945002,-1.557230949,Rh,edge
2155,0.502474731,-1.590536118,Rh,facet
2156,0.35486216,-1.416257381,Rh,facet
2157,0.650122112,-1.570795536,Rh,corner
2158,0.385104126,-1.395021439,Rh,facet
2159,0.349041885,-1.369885921,Rh,facet
2160,0.307327217,-1.296043873,Rh,facet
2161,0.443387932,-1.403140545,Rh,facet
2162,0.73138327,-1.648068905,Rh,edge
2163,0.328051514,-1.366421223,Rh,facet
2164,0.464531845,-1.500108719,Rh,facet
2165,0.88563723,-1.722927094,Rh,corner
2166,1.171786003,-1.812254906,Ru,edge
2167,0.810861282,-1.769953251,Ru,facet
2168,1.411051445,-1.860549927,Ru,corner
2169,1.170441322,-1.753291607,Ru,edge
2170,0.957299881,-1.815167427,Ru,facet
2171,0.876395874,-1.821488857,Ru,facet
2172,1.387788944,-2.296811581,Ru,facet
2173,0.831323318,-1.748970509,Ru,facet
2174,1.244336777,-1.748531342,Ru,corner
2175,1.031333618,-1.867322922,Ru,facet
2176,1.345279388,-1.996240616,Ru,edge
2177,0.826186829,-1.781152248,Ru,facet
2178,1.519966774,-1.899693966,Ru,corner
2179,1.464600258,-2.067445278,Ru,edge
2180,0.73580616,-1.631822586,Ru,facet
2181,1.000350647,-1.951489925,Ru,facet
2182,1.530392342,-2.006167889,Ru,corner
2183,0.887734108,-1.753125668,Ru,facet
2184,1.599606686,-2.088615417,Ru,edge
2185,0.947496109,-1.804461956,Ru,facet
2186,1.39419096,-2.029386044,Ru,edge
2187,0.753530197,-1.649374008,Ru,facet
2188,0.869725876,-1.802929878,Ru,facet
2189,1.029116325,-1.89653635,Ru,facet
2190,1.658705883,-2.087905884,Ru,corner
2191,1.065365486,-2.000308037,Ru,facet
2192,1.476469212,-1.879826546,Ru,corner
2193,0.947507553,-1.765058041,Ru,facet
2194,0.741943054,-1.633683205,Ru,facet
2195,1.795385056,-2.346968651,Ru,edge
2196,1.144880787,-1.917542934,Ir,facet
2197,0.853093163,-1.824134827,Ir,facet
2198,0.613735214,-1.635818481,Ir,facet
2199,0.734057442,-1.703876972,Ir,facet
2200,1.37338163,-2.014373302,Ir,corner
2201,0.922322289,-1.924194336,Ir,facet
2202,1.387157932,-1.970259666,Ir,corner
2203,0.482613579,-1.472911835,Ir,facet
2204,0.690711037,-1.659174919,Ir,facet
2205,0.774415031,-1.728386402,Ir,facet
2206,0.564959541,-1.517490864,Ir,facet
2207,1.060683266,-1.874757767,Ir,edge
2208,1.100430981,-1.939028263,Ir,edge
2209,1.207342163,-2.096419334,Ir,facet
2210,1.595398918,-2.158041,Ir,corner
2211,0.707319275,-1.675326347,Ir,facet
2212,1.467372433,-1.996831894,Ir,corner
2213,1.48372604,-2.067726612,Ir,corner
2214,0.961915508,-1.828117847,Ir,facet
2215,0.704356209,-1.593511581,Ir,facet
2216,0.73964502,-1.636067867,Ir,facet
2217,0.827937141,-1.751636505,Ir,facet
2218,1.800306335,-2.177450657,Ir,corner
2219,1.411249653,-2.141541004,Ir,edge
2220,0.296309528,-1.160263062,Pd,edge
2221,0.241350708,-1.118790627,Pd,edge
2222,0.071567116,-0.97680521,Pd,facet
2223,0.4081884,-1.398468018,Pd,edge
2224,0.67686039,-1.562461853,Pd,corner
2225,0.121869621,-1.033535004,Pd,facet
2226,0.641860542,-1.526117802,Pd,corner
2227,0.36160284,-1.321202755,Pd,edge
2228,0.275596676,-1.128112316,Pd,edge
2229,0.005130348,-0.82811451,Pd,facet
2230,0.044996319,-0.934056282,Pd,facet
2231,0.041536865,-0.950808048,Pd,facet
2232,0.543949661,-1.416173935,Pd,corner
2233,0.300814686,-1.120105267,Pd,edge
2234,0.090731678,-0.946623802,Pd,facet
2235,0.084447918,-0.906812191,Pd,facet
2236,0.210706768,-1.08891058,Pd,edge
2237,0.104186592,-0.976263046,Pd,facet
2238,0.167525826,-1.079898834,Pd,facet
2239,0.141479549,-1.061225414,Pd,facet
2240,0.138749657,-1.013390541,Pd,facet
2241,0.089017448,-0.97082901,Pd,facet
2242,0.705470619,-1.515961647,Pd,corner
2243,0.492120323,-1.361225128,Pd,corner
2244,0.002787346,-1.139260292,Pt,facet
2245,0.711584324,-1.963528633,Pt,corner
2246,-0.051225906,-1.048635006,Pt,facet
2247,0.18249678,-1.364484787,Pt,edge
2248,-0.043439156,-1.160251617,Pt,facet
2249,0.123332733,-1.291484356,Pt,facet
2250,0.160128349,-1.337866783,Pt,edge
2251,0.048437351,-1.192811012,Pt,facet
2252,0.172017807,-1.335791588,Pt,edge
2253,0.06126141,-1.350958824,Pt,facet
2254,0.090395206,-1.189081669,Pt,facet
2255,0.04930138,-1.168335915,Pt,facet
2256,0.181166882,-1.290914059,Pt,facet
2257,-0.002761131,-1.068622112,Pt,facet
2258,-0.050760036,-1.040259838,Pt,facet
2259,0.627073521,-1.69633913,Pt,corner
2260,-0.012949234,-1.16881752,Pt,facet
2261,0.028992409,-1.135931015,Pt,facet
2262,0.306382412,-1.574043274,Pt,edge
2263,0.421635384,-1.584807396,Pt,corner
2264,0.469486469,-1.581421852,Pt,corner
2265,0.812383121,-1.683067322,Rh,corner
2266,0.684774822,-1.643743515,Rh,edge
2267,0.610317177,-1.647613525,Rh,edge
2268,0.449931091,-1.533054829,Rh,facet
2269,0.525613731,-1.539838314,Rh,edge
2270,0.380548424,-1.469265938,Rh,facet
2271,0.385183281,-1.475181103,Rh,facet
2272,0.277586884,-1.26102066,Rh,facet
2273,0.629295296,-1.573863506,Rh,corner
2274,0.695403046,-1.633560181,Rh,edge
2275,0.451993889,-1.491334915,Rh,facet
2276,0.596935219,-1.557305336,Rh,edge
2277,0.37290234,-1.291297913,Rh,facet
2278,0.662112183,-1.597011089,Rh,edge
2279,0.806712097,-1.641560555,Rh,corner
2280,0.665240234,-1.631659508,Rh,edge
2281,0.757883018,-1.726696968,Rh,edge
2282,0.947543568,-1.754688263,Rh,corner
2283,0.683217949,-1.60647583,Rh,edge
2284,1.186748928,-2.063525677,Rh,edge
2285,0.412661976,-1.408857346,Rh,facet
2286,0.834945625,-1.65641737,Rh,corner
2287,0.401248878,-1.493494034,Rh,facet
2288,0.53538937,-1.530067921,Rh,edge
2289,0.407827324,-1.468815327,Rh,facet
2290,0.774203247,-1.761144638,Rh,edge
2291,1.083299332,-1.761943817,Ru,edge
2292,0.995340996,-1.901791096,Ru,facet
2293,0.839367561,-1.753574371,Ru,facet
2294,0.981451683,-1.853077412,Ru,facet
2295,1.487733059,-1.967535973,Ru,corner
2296,1.457493954,-2.038053036,Ru,edge
2297,1.18274086,-2.157314777,Ru,facet
2298,1.115723305,-2.025627136,Ru,facet
2299,0.859433823,-1.719799042,Ru,facet
2300,1.097410851,-1.81419611,Ru,edge
2301,0.826148682,-1.722288132,Ru,facet
2302,1.194181137,-1.8694067,Ru,edge
2303,1.139971428,-1.856651783,Ru,edge
2304,0.817512207,-1.766222,Ru,facet
2305,1.508688622,-2.048936844,Ru,edge
2306,1.119428329,-2.051772118,Ru,facet
2307,1.514501266,-1.944051266,Ru,corner
2308,1.45139473,-1.889014244,Ru,corner
2309,1.491034679,-2.060612679,Ru,edge
2310,1.003518753,-1.709847927,Ru,facet
2311,1.312265091,-1.933320999,Ru,edge
2312,1.211603813,-2.076781273,Ru,facet
2313,1.872987442,-2.225722313,Ru,corner
2314,1.458319359,-2.056572437,Ru,edge
2315,0.917578392,-1.842896461,Ru,facet
2316,1.398106747,-2.076430321,Ru,edge
2317,1.179024391,-1.941918373,Ru,facet
2318,1.379073158,-2.003462315,Ir,corner
2319,0.701650635,-1.666348457,Ir,facet
2320,1.216339127,-1.982374668,Ir,edge
2321,0.76456739,-1.735487938,Ir,facet
2322,0.694931046,-1.682262897,Ir,facet
2323,0.654531494,-1.549234867,Ir,facet
2324,0.757047668,-1.657196045,Ir,facet
2325,0.67344381,-1.637985229,Ir,facet
2326,1.265892521,-1.968213081,Ir,edge
2327,0.905018822,-1.769673824,Ir,facet
2328,1.0046549,-1.975585937,Ir,facet
2329,1.087737576,-1.943130493,Ir,edge
2330,1.601152435,-2.097744942,Ir,corner
2331,1.560886875,-2.112129688,Ir,corner
2332,0.778822914,-1.670544147,Ir,facet
2333,1.110095516,-2.030352116,Ir,facet
2334,1.704878822,-2.167689323,Ir,corner
2335,1.078805939,-1.919243336,Ir,facet
2336,1.212795273,-1.898163319,Ir,edge
2337,0.269842205,-1.191700459,Pd,edge
2338,0.386023102,-1.331027985,Pd,edge
2339,0.385129986,-1.27094841,Pd,edge
2340,0.61507946,-1.508065701,Pd,corner
2341,-0.004060688,-0.831016541,Pd,facet
2342,0.211315212,-1.126245022,Pd,edge
2343,0.00439888,-0.820344448,Pd,facet
2344,0.359721718,-1.268862247,Pd,edge
2345,0.119561253,-1.088484287,Pd,facet
2346,0.293582497,-1.297992229,Pd,edge
2347,0.426819859,-1.353752136,Pd,corner
2348,0.489991245,-1.387172699,Pd,corner
2349,0.243648586,-1.143523693,Pd,edge
2350,0.029526291,-0.878015518,Pd,facet
2351,0.078376827,-0.960196495,Pd,facet
2352,0.016940174,-0.939614296,Pd,facet
2353,0.368175564,-1.292360783,Pd,corner
2354,0.454286633,-1.387446404,Pd,edge
2355,0.198969898,-1.215070724,Pd,facet
2356,0.401095924,-1.30353117,Pd,edge
2357,0.081077156,-0.919656754,Pd,facet
2358,0.14215332,-1.070930481,Pd,facet
2359,0.048791943,-0.906057358,Pd,facet
2360,0.047596035,-0.902965069,Pd,facet
2361,0.717393456,-1.556179523,Pd,corner
2362,0.254376945,-1.141207695,Pd,edge
2363,0.286882935,-1.196522236,Pd,edge
2364,0.300311798,-1.467055798,Pt,edge
2365,-0.010134464,-1.052530289,Pt,facet
2366,0.708002323,-1.814136028,Pt,corner
2367,0.399658436,-1.540017128,Pt,edge
2368,0.115208382,-1.23760128,Pt,facet
2369,0.084916824,-1.189078808,Pt,facet
2370,0.238412613,-1.524118423,Pt,facet
2371,0.607909435,-1.808598042,Pt,corner
2372,-0.01964212,-1.191231251,Pt,facet
2373,0.421915764,-1.567972183,Pt,edge
2374,0.089680904,-1.178311348,Pt,facet
2375,0.05069136,-1.165518761,Pt,facet
2376,0.341163868,-1.585820198,Pt,edge
2377,0.043778175,-1.140427589,Pt,facet
2378,0.067224735,-1.179965973,Pt,facet
2379,-0.042586571,-1.049556255,Pt,facet
2380,0.191191429,-1.412231922,Pt,edge
2381,-0.034839397,-1.125083447,Pt,facet
2382,0.273039097,-1.535815716,Pt,edge
2383,0.184633488,-1.425448895,Pt,edge
2384,-0.076256519,-1.089507103,Pt,facet
2385,0.003531689,-1.235111713,Pt,facet
2386,0.353477711,-1.595174789,Pt,corner
2387,0.203889603,-1.472747803,Pt,edge
2388,-0.033567673,-1.119716644,Pt,facet
2389,0.024275536,-1.222646713,Pt,facet
2390,0.056461567,-1.160746098,Pt,facet
2391,0.034362549,-1.22334671,Pt,facet
2392,-0.025034195,-1.119548321,Pt,facet
2393,0.007276291,-1.153516769,Pt,facet
2394,0.61525082,-1.806341648,Pt,corner
2395,0.491265053,-1.618498325,Pt,corner
2396,0.618433899,-1.564682484,Rh,edge
2397,0.383062786,-1.441964626,Rh,facet
2398,0.428301281,-1.530680656,Rh,facet
2399,0.427379078,-1.567942619,Rh,facet
2400,0.852722115,-1.698824406,Rh,corner
2401,0.449845737,-1.582980156,Rh,facet
2402,0.588348812,-1.575870037,Rh,edge
2403,0.333864635,-1.373064041,Rh,facet
2404,0.764951653,-1.682633877,Rh,corner
2405,0.289313263,-1.376746178,Rh,facet
2406,0.540994591,-1.500031948,Rh,edge
2407,0.926913685,-1.801846504,Rh,corner
2408,0.323973125,-1.408682346,Rh,facet
2409,0.913631863,-1.834398746,Rh,corner
2410,0.359209484,-1.34907341,Rh,facet
2411,0.356479591,-1.428575993,Rh,facet
2412,0.344993538,-1.393000126,Rh,facet
2413,0.333040184,-1.378445625,Rh,facet
2414,0.461245007,-1.548303127,Rh,facet
2415,0.380279488,-1.384066105,Rh,facet
2416,0.787949509,-1.684873104,Rh,edge
2417,0.649210876,-1.671940327,Rh,edge
2418,0.860695786,-1.693005562,Rh,corner
2419,1.201729469,-1.850347042,Ru,edge
2420,1.040399246,-1.888143539,Ru,facet
2421,1.06700676,-2.002846241,Ru,facet
2422,1.455185108,-1.935514927,Ru,corner
2423,1.16615551,-1.843160152,Ru,edge
2424,0.8315522,-1.718135834,Ru,facet
2425,0.837245636,-1.692481995,Ru,facet
2426,1.578373604,-2.041725636,Ru,corner
2427,1.409207993,-2.130707264,Ru,edge
2428,1.027886086,-1.79967165,Ru,facet
2429,1.414857559,-2.048040867,Ru,edge
2430,1.299803429,-1.932334423,Ru,edge
2431,0.989354782,-1.946502686,Ru,facet
2432,1.607555561,-2.038172722,Ru,corner
2433,1.451801949,-1.922780037,Ru,corner
2434,1.381210022,-1.949919701,Ru,edge
2435,0.781107597,-1.661610603,Ru,facet
2436,1.022328072,-1.930469513,Ru,facet
2437,1.34540432,-1.845280647,Ru,corner
2438,1.339593582,-2.000917912,Ru,edge
2439,1.399192982,-2.054296017,Ru,edge
