,Ead_NNP,Ead_reg,ontop_element,struct_no,site_info
0,-1.920909882,-1.855053143,Ir,8,facet
1,-1.920902252,-1.943916689,Ir,8,edge
2,-1.700612068,-1.788827588,Ir,8,facet
3,-1.79011488,-1.720213557,Ir,8,facet
4,-2.200373173,-2.179655241,Ir,8,corner
5,-2.268755436,-2.140591222,Ir,8,edge
6,-1.676362991,-1.71844087,Ir,8,facet
7,-1.494938374,-1.512414603,Ir,8,facet
8,-1.823330402,-1.730420462,Ir,8,facet
9,-1.626128197,-1.60083517,Ir,8,facet
10,-2.144359589,-2.088708401,Ir,8,corner
11,-1.763768673,-1.701968119,Ir,8,facet
12,-1.862634182,-1.865801295,Ir,8,edge
13,-2.017905235,-2.058845665,Ir,8,corner
14,-1.844765186,-1.871001892,Ir,8,edge
15,-1.851258755,-1.816743639,Ir,8,facet
16,-1.798110962,-1.843943101,Ir,8,edge
17,-1.531976223,-1.562978939,Ir,8,facet
18,-1.911102772,-1.980909943,Ir,8,corner
19,-1.884260654,-1.825409515,Ir,8,facet
20,-1.851325512,-1.849255251,Ir,8,facet
21,-2.293861866,-2.33682963,Ir,8,corner
22,-1.928833008,-1.941626168,Ir,8,edge
23,-2.046904564,-1.941530882,Ir,8,facet
24,-1.250123501,-1.249306814,Pd,8,edge
25,-1.225318432,-1.189499905,Pd,8,edge
26,-1.379789352,-1.315912233,Pd,8,corner
27,-0.855037212,-0.882664926,Pd,8,facet
28,-0.909777164,-0.957853555,Pd,8,facet
29,-0.925432205,-0.947007766,Pd,8,facet
30,-0.96216774,-0.973940018,Pd,8,facet
31,-0.867786884,-0.937091047,Pd,8,facet
32,-1.181132793,-1.139674581,Pd,8,edge
33,-1.253634453,-1.321633223,Pd,8,corner
34,-1.155016422,-1.176235663,Pd,8,edge
35,-1.360975742,-1.381215488,Pd,8,corner
36,-1.106838226,-1.147481709,Pd,8,edge
37,-1.230783939,-1.214691089,Pd,8,edge
38,-1.312229633,-1.351400706,Pd,8,corner
39,-1.22834444,-1.232980673,Pd,8,edge
40,-1.375349998,-1.387572704,Pd,8,corner
41,-1.172775269,-1.167606216,Pd,8,edge
42,-0.877242565,-0.939183557,Pd,8,facet
43,-1.254895687,-1.203342943,Pd,8,edge
44,-1.524812222,-1.441661505,Pd,8,corner
45,-1.332487106,-1.324330445,Pd,8,corner
46,-1.522275925,-1.476680634,Pt,8,edge
47,-1.252283096,-1.195197328,Pt,8,facet
48,-1.582791328,-1.592403813,Pt,8,edge
49,-1.367320061,-1.338468956,Pt,8,edge
50,-1.748779297,-1.724984122,Pt,8,corner
51,-1.140766621,-1.131127588,Pt,8,facet
52,-1.036807537,-1.086798839,Pt,8,facet
53,-1.358465195,-1.384977893,Pt,8,edge
54,-1.569309711,-1.5754493,Pt,8,corner
55,-1.633268833,-1.53782767,Pt,8,edge
56,-1.487094879,-1.480148001,Pt,8,edge
57,-1.3187747,-1.304795958,Pt,8,facet
58,-1.664045334,-1.609174978,Pt,8,corner
59,-1.165621758,-1.183432357,Pt,8,facet
60,-1.258201122,-1.223701188,Pt,8,facet
61,-1.476877689,-1.508598292,Pt,8,edge
62,-1.235650539,-1.173315128,Pt,8,facet
63,-1.08156538,-1.096623922,Pt,8,facet
64,-1.1865201,-1.222272371,Pt,8,facet
65,-1.156290531,-1.167393693,Pt,8,facet
66,-1.130927086,-1.194104938,Pt,8,facet
67,-1.341996193,-1.439091833,Pt,8,edge
68,-1.093933105,-1.198670676,Pt,8,facet
69,-1.489139557,-1.480041215,Pt,8,edge
70,-1.416219234,-1.370846323,Rh,8,facet
71,-1.625080109,-1.604744517,Rh,8,edge
72,-1.86709547,-1.780316924,Rh,8,corner
73,-1.573551178,-1.511133498,Rh,8,facet
74,-1.534751892,-1.567763766,Rh,8,edge
75,-1.651903152,-1.656634561,Rh,8,corner
76,-1.494278431,-1.521515109,Rh,8,facet
77,-1.730943203,-1.785845446,Rh,8,corner
78,-1.571443081,-1.62233031,Rh,8,edge
79,-1.555964947,-1.559673064,Rh,8,edge
80,-1.41923666,-1.36796469,Rh,8,facet
81,-1.435402393,-1.374292429,Rh,8,facet
82,-1.283756256,-1.290480558,Rh,8,facet
83,-1.597518921,-1.552208729,Rh,8,edge
84,-1.56825161,-1.515897998,Rh,8,facet
85,-1.553255558,-1.49597854,Rh,8,facet
86,-1.270160198,-1.290595733,Rh,8,facet
87,-1.623169422,-1.535320064,Rh,8,facet
88,-1.756333351,-1.736783173,Rh,8,corner
89,-1.359313965,-1.374546976,Rh,8,facet
90,-1.429414272,-1.425319976,Rh,8,facet
91,-1.543831348,-1.553177265,Rh,8,edge
92,-1.476243496,-1.480642459,Rh,8,facet
93,-1.575354576,-1.488592503,Rh,8,facet
94,-1.552554131,-1.618040562,Rh,8,corner
95,-1.601598263,-1.66201877,Ru,8,facet
96,-1.911879063,-1.917503559,Ru,8,facet
97,-1.993932724,-1.938210275,Ru,8,facet
98,-1.997065067,-1.993789301,Ru,8,edge
99,-1.870174885,-1.918929911,Ru,8,facet
100,-2.026860237,-1.945025625,Ru,8,facet
101,-2.268951416,-2.119624706,Ru,8,edge
102,-1.904864311,-1.88362957,Ru,8,facet
103,-1.851397514,-1.829740249,Ru,8,facet
104,-1.98420763,-1.940652857,Ru,8,facet
105,-1.994833946,-1.987352299,Ru,8,edge
106,-2.093073845,-2.078241442,Ru,8,corner
107,-1.800401688,-1.785770579,Ru,8,facet
108,-1.982718468,-2.018457951,Ru,8,edge
109,-1.97860527,-1.930902673,Ru,8,facet
110,-2.036924362,-1.959182409,Ru,8,facet
111,-2.286047935,-2.215347056,Ru,8,corner
112,-1.990476608,-2.000817144,Ru,8,edge
113,-1.816142559,-1.801982218,Ru,8,facet
114,-1.894260883,-1.901579854,Ru,8,facet
115,-1.700311184,-1.714179726,Ru,8,facet
116,-1.707194805,-1.700005914,Ru,8,facet
117,-1.915956974,-1.837282034,Ru,8,facet
118,-1.856541157,-1.859066773,Ru,8,facet
119,-2.026557446,-2.067620225,Ru,8,corner
120,-1.975711823,-2.026553195,Ru,8,edge
121,-2.022034645,-2.114390137,Ru,8,corner
122,-1.695122242,-1.618108079,Ir,9,facet
123,-1.84431076,-1.902544935,Ir,9,edge
124,-1.610081196,-1.608023279,Ir,9,facet
125,-2.153954983,-2.109997664,Ir,9,corner
126,-2.022779942,-1.961653519,Ir,9,edge
127,-1.931874275,-2.037716819,Ir,9,edge
128,-2.079030037,-2.07971051,Ir,9,corner
129,-1.807899952,-1.725414067,Ir,9,facet
130,-1.735656261,-1.740551461,Ir,9,facet
131,-1.72951889,-1.733864872,Ir,9,facet
132,-1.644684315,-1.648234121,Ir,9,facet
133,-1.892808914,-1.900541659,Ir,9,edge
134,-1.85933733,-1.931453656,Ir,9,edge
135,-1.560266972,-1.611374437,Ir,9,facet
136,-1.621281624,-1.649707307,Ir,9,facet
137,-1.663309574,-1.615420786,Ir,9,facet
138,-1.704718113,-1.594395861,Ir,9,facet
139,-2.017724991,-1.927647407,Ir,9,edge
140,-2.187617302,-2.113383434,Ir,9,corner
141,-1.909458637,-1.857112032,Ir,9,edge
142,-2.035252094,-2.067422365,Ir,9,corner
143,-1.202117443,-1.163942852,Pd,9,edge
144,-1.030132294,-0.936812133,Pd,9,facet
145,-1.382236481,-1.295030348,Pd,9,corner
146,-1.213270187,-1.190184133,Pd,9,edge
147,-0.981535435,-0.971145583,Pd,9,facet
148,-0.953994751,-0.951341831,Pd,9,facet
149,-1.26433897,-1.21350051,Pd,9,edge
150,-0.994366646,-0.993989588,Pd,9,facet
151,-1.381446838,-1.383912389,Pd,9,corner
152,-1.181324959,-1.191974808,Pd,9,edge
153,-1.129653454,-1.172778038,Pd,9,edge
154,-1.030283451,-0.977750981,Pd,9,facet
155,-1.293063641,-1.281669513,Pd,9,edge
156,-1.238028526,-1.262290092,Pd,9,edge
157,-1.312313557,-1.261462956,Pd,9,corner
158,-1.196341515,-1.182928552,Pd,9,edge
159,-0.951593399,-0.931045567,Pd,9,facet
160,-1.111927032,-0.995892235,Pd,9,facet
161,-1.247195721,-1.182471312,Pd,9,edge
162,-1.462043762,-1.405339024,Pd,9,corner
163,-0.880760193,-0.915736089,Pd,9,facet
164,-0.885650635,-0.935129427,Pd,9,facet
165,-0.80292511,-0.859077503,Pd,9,facet
166,-1.208996296,-1.157235048,Pd,9,edge
167,-1.281209946,-1.25403758,Pd,9,corner
168,-1.189335823,-1.201313883,Pd,9,corner
169,-1.466441154,-1.368082705,Pt,9,edge
170,-1.550191879,-1.577613873,Pt,9,corner
171,-1.358337879,-1.385458645,Pt,9,edge
172,-1.408601761,-1.375929667,Pt,9,edge
173,-1.054342747,-1.125125049,Pt,9,facet
174,-1.021130085,-1.110794984,Pt,9,facet
175,-1.428593636,-1.424862895,Pt,9,edge
176,-1.08178091,-1.206211235,Pt,9,facet
177,-1.296119213,-1.271210736,Pt,9,facet
178,-1.550940037,-1.497885778,Pt,9,edge
179,-1.422317982,-1.45537919,Pt,9,edge
180,-1.228954315,-1.339115626,Pt,9,facet
181,-1.910316467,-1.789493408,Pt,9,corner
182,-1.447217464,-1.550536111,Pt,9,edge
183,-1.262831688,-1.262793472,Pt,9,facet
184,-1.48358202,-1.469017592,Pt,9,edge
185,-1.499550343,-1.465442521,Pt,9,edge
186,-1.137892723,-1.161464742,Pt,9,facet
187,-1.181922436,-1.317233696,Pt,9,facet
188,-1.613330841,-1.590700024,Pt,9,corner
189,-1.188571453,-1.25193998,Pt,9,facet
190,-1.385787487,-1.428372905,Pt,9,edge
191,-1.185140133,-1.180682215,Pt,9,facet
192,-1.048207283,-1.011116235,Pt,9,facet
193,-1.103531837,-1.08535546,Pt,9,facet
194,-1.804609776,-1.75312523,Pt,9,corner
195,-1.345929146,-1.331740171,Rh,9,facet
196,-1.55840826,-1.581362792,Rh,9,corner
197,-1.486424923,-1.415462505,Rh,9,facet
198,-1.308113575,-1.334945167,Rh,9,facet
199,-1.529263973,-1.495391964,Rh,9,facet
200,-1.304642677,-1.3715704,Rh,9,facet
201,-1.371748447,-1.350620176,Rh,9,facet
202,-1.334695816,-1.332426555,Rh,9,facet
203,-1.629342079,-1.528328598,Rh,9,facet
204,-1.597864628,-1.638463712,Rh,9,corner
205,-1.57357645,-1.601008189,Rh,9,edge
206,-1.36345005,-1.442722733,Rh,9,facet
207,-1.452159405,-1.390131283,Rh,9,facet
208,-1.68140173,-1.718545781,Rh,9,corner
209,-1.79890871,-1.768622571,Rh,9,corner
210,-1.366658211,-1.386057804,Rh,9,facet
211,-1.688770771,-1.593638441,Rh,9,facet
212,-1.545631886,-1.409758964,Rh,9,facet
213,-1.668183804,-1.688963934,Rh,9,corner
214,-1.548678398,-1.561841452,Rh,9,edge
215,-1.459844589,-1.465997292,Rh,9,facet
216,-1.53610611,-1.595304079,Rh,9,corner
217,-1.357760429,-1.303469015,Rh,9,facet
218,-1.490162849,-1.55799939,Rh,9,edge
219,-1.564711571,-1.530036104,Rh,9,edge
220,-2.2366786,-2.076024854,Ru,9,edge
221,-1.66554451,-1.678246116,Ru,9,facet
222,-2.037166595,-2.0120599,Ru,9,edge
223,-1.904034138,-1.873825804,Ru,9,facet
224,-1.908213139,-1.970800644,Ru,9,edge
225,-2.00369072,-1.937287182,Ru,9,facet
226,-1.910886765,-1.888536763,Ru,9,facet
227,-1.937433243,-1.917237541,Ru,9,facet
228,-1.861031055,-1.927340107,Ru,9,facet
229,-2.522641182,-2.459714035,Ru,9,corner
230,-1.929153919,-1.940218085,Ru,9,facet
231,-1.803807735,-1.947593793,Ru,9,edge
232,-1.992043018,-2.053091848,Ru,9,corner
233,-1.867336273,-1.857163938,Ru,9,facet
234,-1.803196907,-1.860635365,Ru,9,facet
235,-2.110475063,-2.182121239,Ru,9,corner
236,-1.753590107,-1.740643918,Ru,9,facet
237,-1.971512318,-1.908800497,Ru,9,facet
238,-1.981537819,-1.929454263,Ru,9,facet
239,-2.385035992,-2.543430917,Ru,9,corner
240,-1.910885334,-1.904284283,Ru,9,facet
241,-1.838977814,-1.864899519,Ru,9,facet
242,-2.105418205,-2.013037872,Ru,9,edge
243,-1.828074455,-1.888619937,Ru,9,facet
244,-1.870582104,-1.918557471,Ir,10,edge
245,-1.909936905,-1.963156526,Ir,10,edge
246,-1.756270885,-1.708114917,Ir,10,facet
247,-2.016181469,-2.043688487,Ir,10,corner
248,-2.004101753,-1.949167748,Ir,10,edge
249,-1.73361969,-1.736102537,Ir,10,facet
250,-1.700942039,-1.773079328,Ir,10,facet
251,-1.907477379,-1.928599559,Ir,10,edge
252,-1.576325417,-1.596290763,Ir,10,facet
253,-2.072291374,-1.973355967,Ir,10,edge
254,-1.999307156,-2.026731571,Ir,10,corner
255,-1.872494698,-1.870153283,Ir,10,edge
256,-1.876471043,-1.960975749,Ir,10,edge
257,-2.071444988,-2.031269859,Ir,10,edge
258,-2.011747837,-2.096585983,Ir,10,corner
259,-1.917779922,-1.857927252,Ir,10,facet
260,-1.601606369,-1.613884923,Ir,10,facet
261,-1.979146481,-2.0094529,Ir,10,corner
262,-2.086727142,-2.117611746,Ir,10,corner
263,-2.127315998,-1.996953445,Ir,10,edge
264,-2.127617836,-2.117742223,Ir,10,corner
265,-1.597812653,-1.620738337,Ir,10,facet
266,-1.948357105,-1.970473229,Ir,10,edge
267,-1.768670559,-1.751565375,Ir,10,facet
268,-2.087084293,-2.119313387,Ir,10,corner
269,-1.819684029,-1.922555788,Ir,10,edge
270,-1.95167923,-2.028013786,Ir,10,corner
271,-1.10425663,-1.141629527,Pd,10,edge
272,-0.911594391,-0.927561134,Pd,10,facet
273,-1.374293804,-1.358253995,Pd,10,corner
274,-0.958559513,-0.952333141,Pd,10,facet
275,-0.940703869,-1.005367939,Pd,10,facet
276,-0.968584061,-0.953843458,Pd,10,facet
277,-0.90281868,-0.920679877,Pd,10,facet
278,-1.272062778,-1.309561815,Pd,10,corner
279,-1.437623978,-1.413207158,Pd,10,corner
280,-1.219239235,-1.191403136,Pd,10,edge
281,-0.811144829,-0.855192149,Pd,10,facet
282,-1.236355305,-1.173541497,Pd,10,edge
283,-0.810428619,-0.910961018,Pd,10,facet
284,-0.878555298,-0.916187589,Pd,10,facet
285,-1.172190189,-1.183674301,Pd,10,edge
286,-0.899872303,-0.973656181,Pd,10,facet
287,-1.048697948,-1.037700009,Pd,10,facet
288,-1.088266373,-1.001331829,Pd,10,facet
289,-1.443648338,-1.441661505,Pd,10,corner
290,-0.996665001,-1.058450785,Pd,10,facet
291,-0.884305477,-0.908687641,Pd,10,facet
292,-1.142636776,-1.156095094,Pd,10,edge
293,-1.602549076,-1.538998931,Pt,10,edge
294,-1.539005756,-1.578771402,Pt,10,corner
295,-1.611140251,-1.597266458,Pt,10,corner
296,-1.208965302,-1.172431058,Pt,10,facet
297,-1.316485882,-1.273973436,Pt,10,facet
298,-1.073780537,-1.104592205,Pt,10,facet
299,-1.149055481,-1.177626851,Pt,10,facet
300,-1.752170563,-1.757653538,Pt,10,corner
301,-1.681619644,-1.64302505,Pt,10,edge
302,-1.276937962,-1.279166969,Pt,10,facet
303,-1.378779411,-1.324446441,Pt,10,facet
304,-1.347685814,-1.320810278,Pt,10,facet
305,-1.400029659,-1.455984892,Pt,10,edge
306,-1.404879093,-1.340979725,Pt,10,edge
307,-1.135005474,-1.180894981,Pt,10,facet
308,-1.059564114,-1.122570759,Pt,10,facet
309,-1.12699604,-1.09151006,Pt,10,facet
310,-1.141523838,-1.124091394,Pt,10,facet
311,-1.267103195,-1.192207489,Pt,10,facet
312,-1.253424644,-1.222556529,Pt,10,facet
313,-1.164991856,-1.121809986,Pt,10,facet
314,-1.56082058,-1.60828336,Pt,10,corner
315,-1.357449532,-1.358445084,Rh,10,facet
316,-1.548467159,-1.655709916,Rh,10,corner
317,-1.58831358,-1.593938114,Rh,10,edge
318,-1.491411209,-1.509095693,Rh,10,facet
319,-1.636225224,-1.582997044,Rh,10,edge
320,-1.407295704,-1.389740095,Rh,10,facet
321,-1.389159203,-1.413386268,Rh,10,facet
322,-1.583203316,-1.566997757,Rh,10,edge
323,-1.274318695,-1.384438386,Rh,10,facet
324,-1.308696747,-1.381680195,Rh,10,facet
325,-1.630587101,-1.603587503,Rh,10,edge
326,-1.492300034,-1.44779794,Rh,10,facet
327,-1.529481888,-1.480514521,Rh,10,facet
328,-1.447603703,-1.429201757,Rh,10,facet
329,-1.277008057,-1.289041262,Rh,10,facet
330,-1.531219959,-1.5245301,Rh,10,facet
331,-1.562746525,-1.621967541,Rh,10,corner
332,-1.58716774,-1.591946802,Rh,10,edge
333,-1.420457363,-1.312894216,Rh,10,facet
334,-1.40389204,-1.442290562,Rh,10,facet
335,-1.350117683,-1.310704132,Rh,10,facet
336,-1.685134411,-1.639475765,Rh,10,edge
337,-1.501730919,-1.486011507,Rh,10,facet
338,-1.668162346,-1.670814864,Rh,10,edge
339,-1.654547215,-1.656249607,Rh,10,corner
340,-1.754553318,-1.72318653,Rh,10,edge
341,-1.417860031,-1.433095861,Rh,10,facet
342,-1.800117493,-1.777941745,Rh,10,corner
343,-1.76789093,-1.772023781,Ru,10,facet
344,-1.61596489,-1.667233937,Ru,10,facet
345,-1.678719044,-1.721316931,Ru,10,facet
346,-1.856083393,-1.954485795,Ru,10,edge
347,-2.099594593,-2.050651799,Ru,10,edge
348,-1.871804714,-1.952640276,Ru,10,edge
349,-2.226697922,-1.990059615,Ru,10,facet
350,-1.559389591,-1.661669967,Ru,10,facet
351,-1.920804977,-2.013980709,Ru,10,corner
352,-2.046236038,-1.996114948,Ru,10,edge
353,-1.731012821,-1.771628699,Ru,10,facet
354,-2.036185265,-1.99989569,Ru,10,edge
355,-1.680227757,-1.878937945,Ru,10,facet
356,-1.915065765,-1.950209235,Ru,10,edge
357,-1.69499588,-1.764346164,Ru,10,facet
358,-2.109209061,-2.154302484,Ru,10,corner
359,-2.034840107,-2.008149777,Ru,10,edge
360,-1.884717464,-1.985997977,Ru,10,corner
361,-1.998461723,-1.940574043,Ru,10,facet
362,-1.859319687,-1.874265229,Ru,10,facet
363,-1.742331982,-1.729154544,Ru,10,facet
364,-2.267252922,-2.265879932,Ru,10,corner
365,-1.834214211,-1.938256233,Ru,10,edge
366,-1.931581974,-1.93339445,Ir,11,edge
367,-2.012029648,-2.108171162,Ir,11,corner
368,-2.006848335,-1.993895066,Ir,11,edge
369,-1.800544739,-1.857874289,Ir,11,edge
370,-1.685772896,-1.650155979,Ir,11,facet
371,-1.705410004,-1.750974231,Ir,11,facet
372,-1.774257183,-1.80175381,Ir,11,facet
373,-1.755975723,-1.794511327,Ir,11,facet
374,-2.234863758,-2.14973685,Ir,11,corner
375,-1.865983963,-1.789006385,Ir,11,facet
376,-1.550648212,-1.574245503,Ir,11,facet
377,-1.615077496,-1.668858155,Ir,11,facet
378,-1.700888634,-1.709947911,Ir,11,facet
379,-2.135159969,-2.029204637,Ir,11,edge
380,-2.238063812,-2.087194777,Ir,11,edge
381,-2.101988316,-2.170957584,Ir,11,corner
382,-1.664817333,-1.716265589,Ir,11,facet
383,-1.938488483,-1.920383673,Ir,11,edge
384,-2.215000153,-2.157053758,Ir,11,corner
385,-1.937711239,-1.836443363,Ir,11,facet
386,-1.859026909,-1.911346198,Ir,11,edge
387,-1.84945631,-1.843221623,Ir,11,facet
388,-1.926103592,-1.929616833,Ir,11,edge
389,-1.709974766,-1.736656971,Ir,11,facet
390,-1.657660961,-1.707081809,Ir,11,facet
391,-2.28218317,-2.143810794,Ir,11,edge
392,-1.656716824,-1.657278652,Ir,11,facet
393,-1.821171761,-1.865552966,Ir,11,facet
394,-0.852276325,-0.930918509,Pd,11,facet
395,-1.005743504,-0.939071842,Pd,11,facet
396,-1.024115086,-0.996533052,Pd,11,facet
397,-1.134754658,-1.120926639,Pd,11,facet
398,-1.137159824,-1.163425563,Pd,11,edge
399,-0.876186848,-0.924965709,Pd,11,facet
400,-1.252387524,-1.230662708,Pd,11,edge
401,-0.957314014,-0.972163229,Pd,11,facet
402,-0.819242477,-0.896946667,Pd,11,facet
403,-1.258949757,-1.238612472,Pd,11,corner
404,-1.320735455,-1.2057947,Pd,11,edge
405,-1.290452957,-1.257361483,Pd,11,corner
406,-0.985375881,-0.956080545,Pd,11,facet
407,-1.38444376,-1.416137377,Pd,11,corner
408,-1.312652588,-1.299360368,Pd,11,edge
409,-0.920723438,-0.97049226,Pd,11,facet
410,-0.929525375,-0.968312144,Pd,11,facet
411,-1.133250237,-1.075681913,Pd,11,facet
412,-1.292779446,-1.257163516,Pd,11,edge
413,-1.405749321,-1.339168649,Pd,11,corner
414,-0.889187813,-0.938072952,Pd,11,facet
415,-1.372750282,-1.416772589,Pd,11,corner
416,-1.26458931,-1.23049064,Pd,11,corner
417,-1.016898155,-1.130729204,Pt,11,facet
418,-1.101918221,-1.19101249,Pt,11,facet
419,-1.433589458,-1.396848974,Pt,11,edge
420,-0.995398521,-1.096179099,Pt,11,facet
421,-1.409977913,-1.351966781,Pt,11,edge
422,-1.578925133,-1.57819363,Pt,11,corner
423,-1.301780701,-1.307283699,Pt,11,facet
424,-1.484218597,-1.517765523,Pt,11,corner
425,-1.239178181,-1.286670053,Pt,11,facet
426,-1.16855526,-1.157631275,Pt,11,facet
427,-1.220168114,-1.196931952,Pt,11,facet
428,-1.469079494,-1.365596454,Pt,11,edge
429,-1.01744175,-1.048594762,Pt,11,facet
430,-1.392242908,-1.380310495,Pt,11,edge
431,-1.629426003,-1.643841432,Pt,11,corner
432,-1.582897663,-1.591309814,Pt,11,corner
433,-1.44069767,-1.457850817,Pt,11,edge
434,-1.083864212,-1.14730166,Pt,11,facet
435,-1.636493206,-1.626133682,Pt,11,corner
436,-1.247723103,-1.171535627,Pt,11,facet
437,-1.224437237,-1.181155514,Pt,11,facet
438,-1.559390068,-1.612350779,Pt,11,corner
439,-1.550987244,-1.526190625,Pt,11,corner
440,-1.471881866,-1.431272212,Pt,11,edge
441,-1.688987255,-1.623872659,Rh,11,edge
442,-1.665102482,-1.707822559,Rh,11,corner
443,-1.38314867,-1.388393319,Rh,11,facet
444,-1.591640472,-1.5770506,Rh,11,edge
445,-1.652004719,-1.57849278,Rh,11,edge
446,-1.625005245,-1.572021661,Rh,11,edge
447,-1.380972862,-1.382764693,Rh,11,facet
448,-1.384104252,-1.430252693,Rh,11,facet
449,-1.345570564,-1.375906817,Rh,11,facet
450,-1.636758804,-1.593371723,Rh,11,edge
451,-1.78805542,-1.787657189,Rh,11,corner
452,-1.538563251,-1.554517879,Rh,11,edge
453,-1.467768669,-1.429225795,Rh,11,facet
454,-1.579458237,-1.509295515,Rh,11,facet
455,-1.296188354,-1.298496005,Rh,11,facet
456,-1.615214825,-1.554422702,Rh,11,edge
457,-1.477659225,-1.444061239,Rh,11,facet
458,-1.536054134,-1.514433474,Rh,11,facet
459,-1.489345074,-1.510375823,Rh,11,facet
460,-1.34875679,-1.340975458,Rh,11,facet
461,-1.6507864,-1.644198201,Rh,11,edge
462,-1.768544674,-1.800140165,Ru,11,facet
463,-2.233368397,-2.09467438,Ru,11,edge
464,-1.957942963,-2.019526622,Ru,11,corner
465,-2.050204277,-2.069551817,Ru,11,edge
466,-2.026610851,-1.979114091,Ru,11,edge
467,-1.97003603,-2.000172445,Ru,11,corner
468,-1.814068794,-1.845555645,Ru,11,facet
469,-1.771819115,-1.716621452,Ru,11,facet
470,-1.765419483,-1.818997329,Ru,11,facet
471,-1.99914217,-1.985731306,Ru,11,edge
472,-1.916746616,-1.912853753,Ru,11,facet
473,-1.766762257,-1.788917007,Ru,11,facet
474,-1.953409672,-1.961440404,Ru,11,edge
475,-1.958154678,-1.958719946,Ru,11,facet
476,-1.926189423,-2.02317539,Ru,11,corner
477,-1.922775745,-1.911772353,Ru,11,facet
478,-1.777483463,-1.857180977,Ru,11,facet
479,-1.924293995,-1.924333842,Ru,11,facet
480,-1.836791515,-1.835900663,Ru,11,facet
481,-1.680963516,-1.667364226,Ru,11,facet
482,-1.721842289,-1.698621283,Ru,11,facet
483,-1.874946117,-1.944236069,Ru,11,edge
484,-1.963383675,-2.063090969,Ru,11,corner
485,-1.877934933,-1.963313647,Ru,11,edge
486,-2.091805458,-2.028107197,Ru,11,edge
487,-2.115832806,-2.152902953,Ru,11,corner
488,-1.849681854,-1.888363712,Ir,12,edge
489,-1.843457222,-1.822845426,Ir,12,facet
490,-1.913917065,-2.061918185,Ir,12,corner
491,-2.191980839,-2.188254749,Ir,12,corner
492,-1.588057518,-1.547218477,Ir,12,facet
493,-1.835861683,-1.817138816,Ir,12,facet
494,-1.972452641,-1.948335527,Ir,12,edge
495,-1.897247314,-1.920752749,Ir,12,edge
496,-1.669779301,-1.68619655,Ir,12,facet
497,-2.037755489,-2.084824377,Ir,12,corner
498,-1.897116661,-1.860806719,Ir,12,edge
499,-2.060571671,-2.04355343,Ir,12,edge
500,-1.907253742,-1.893273787,Ir,12,edge
501,-1.76247263,-1.630182832,Ir,12,facet
502,-1.945205212,-1.952899331,Ir,12,edge
503,-1.583332062,-1.553345619,Ir,12,facet
504,-1.6235075,-1.615274748,Ir,12,facet
505,-1.556215763,-1.575500967,Ir,12,facet
506,-1.682195663,-1.692363676,Ir,12,facet
507,-1.576770782,-1.648960029,Ir,12,facet
508,-1.522294998,-1.521012216,Ir,12,facet
509,-1.761283875,-1.71273362,Ir,12,facet
510,-2.169898033,-2.164302778,Ir,12,corner
511,-1.311018467,-1.2632894,Pd,12,edge
512,-1.267314911,-1.184485532,Pd,12,edge
513,-0.936415195,-0.963362583,Pd,12,facet
514,-1.423365593,-1.413953695,Pd,12,corner
515,-0.988103867,-1.026747285,Pd,12,facet
516,-1.24706459,-1.186454786,Pd,12,edge
517,-1.068356991,-1.070347647,Pd,12,facet
518,-1.285344601,-1.223829437,Pd,12,edge
519,-1.57736063,-1.441661505,Pd,12,corner
520,-1.377840042,-1.309147901,Pd,12,edge
521,-0.940237522,-0.969663587,Pd,12,facet
522,-0.868719101,-0.97315561,Pd,12,facet
523,-0.885354519,-0.942644603,Pd,12,facet
524,-1.43123436,-1.413636376,Pd,12,corner
525,-1.231895924,-1.190914745,Pd,12,edge
526,-1.122299194,-1.158575305,Pd,12,edge
527,-1.230978966,-1.213043216,Pd,12,corner
528,-1.01458025,-0.968083206,Pd,12,facet
529,-0.82544899,-0.859077503,Pd,12,facet
530,-1.314154625,-1.367155986,Pd,12,corner
531,-1.332835674,-1.342582854,Pd,12,corner
532,-1.090244293,-1.118186776,Pd,12,facet
533,-1.368224621,-1.252142345,Pd,12,edge
534,-1.343899727,-1.366334983,Pd,12,corner
535,-1.647990704,-1.603558722,Pt,12,corner
536,-1.375115395,-1.282925127,Pt,12,facet
537,-1.87385416,-1.783155912,Pt,12,corner
538,-1.760351181,-1.7209466,Pt,12,edge
539,-1.120100975,-1.134320683,Pt,12,facet
540,-1.567808151,-1.582492028,Pt,12,corner
541,-1.257756233,-1.185476948,Pt,12,facet
542,-1.16352129,-1.164342625,Pt,12,facet
543,-1.070680618,-1.104134,Pt,12,facet
544,-1.039134026,-1.135248172,Pt,12,facet
545,-1.044202328,-1.136479326,Pt,12,facet
546,-1.415445328,-1.446503842,Pt,12,edge
547,-0.997496605,-1.100488227,Pt,12,facet
548,-1.624418259,-1.629495429,Pt,12,corner
549,-1.06519413,-1.082704502,Pt,12,facet
550,-1.39733696,-1.348837717,Pt,12,facet
551,-1.082546711,-1.094815195,Pt,12,facet
552,-1.110748291,-1.166527822,Pt,12,facet
553,-1.576294422,-1.643517779,Pt,12,corner
554,-1.510034084,-1.470025839,Pt,12,edge
555,-1.494402409,-1.454668303,Pt,12,corner
556,-1.110907555,-1.113983871,Pt,12,facet
557,-1.175958633,-1.166598803,Pt,12,facet
558,-1.762579918,-1.723495515,Pt,12,corner
559,-1.563824177,-1.558055582,Rh,12,edge
560,-1.505653381,-1.500976837,Rh,12,facet
561,-1.374920845,-1.353465529,Rh,12,facet
562,-1.536050797,-1.495581618,Rh,12,facet
563,-1.493895054,-1.46531053,Rh,12,facet
564,-1.362671375,-1.404154781,Rh,12,facet
565,-1.605186462,-1.58572642,Rh,12,edge
566,-1.598759174,-1.576725026,Rh,12,edge
567,-1.549633026,-1.521802244,Rh,12,edge
568,-1.541604996,-1.568577627,Rh,12,edge
569,-1.758406162,-1.737182671,Rh,12,corner
570,-1.560249329,-1.513035844,Rh,12,facet
571,-1.516474247,-1.492436592,Rh,12,facet
572,-1.502973557,-1.563085186,Rh,12,edge
573,-1.402327061,-1.372630826,Rh,12,facet
574,-1.293239117,-1.340699451,Rh,12,facet
575,-1.517046928,-1.541931989,Rh,12,edge
576,-1.402107716,-1.36680931,Rh,12,facet
577,-1.538395405,-1.544039572,Rh,12,edge
578,-1.499647141,-1.466207398,Rh,12,facet
579,-1.444146156,-1.450555414,Rh,12,facet
580,-1.445201397,-1.479596431,Rh,12,facet
581,-1.448159695,-1.425656737,Rh,12,facet
582,-1.558076382,-1.631780788,Rh,12,corner
583,-2.178721428,-1.979766846,Ru,12,facet
584,-2.098339558,-2.080577845,Ru,12,edge
585,-2.076200962,-1.957755997,Ru,12,facet
586,-1.726626873,-1.734857455,Ru,12,facet
587,-2.015310764,-2.030464874,Ru,12,edge
588,-1.950217247,-1.928225737,Ru,12,facet
589,-1.856221199,-1.883336128,Ru,12,facet
590,-1.520449638,-1.607319579,Ru,12,facet
591,-2.145835876,-2.042654035,Ru,12,edge
592,-1.762480259,-1.741530924,Ru,12,facet
593,-1.861625195,-1.886800678,Ru,12,facet
594,-1.850317001,-1.965230027,Ru,12,edge
595,-1.993730545,-2.097047657,Ru,12,corner
596,-1.995236874,-1.980910614,Ru,12,edge
597,-2.188498974,-1.962814624,Ru,12,facet
598,-2.005064487,-2.06354319,Ru,12,corner
599,-1.885645866,-1.941412252,Ru,12,facet
600,-2.1798172,-2.193217255,Ru,12,corner
601,-2.042326927,-1.997106502,Ru,12,edge
602,-1.776173592,-1.751416018,Ru,12,facet
603,-1.780611992,-1.766887612,Ru,12,facet
604,-1.82983017,-1.841149891,Ru,12,facet
605,-2.046533108,-2.065993578,Ru,12,corner
606,-2.35927248,-2.195137865,Ru,12,edge
607,-2.228336811,-2.110684135,Ru,12,edge
608,-2.173138142,-2.081681329,Ru,12,edge
609,-2.152149677,-2.07283319,Ru,12,edge
610,-1.7972188,-1.803396249,Ir,13,facet
611,-1.648728371,-1.732753856,Ir,13,facet
612,-1.923870564,-1.856962034,Ir,13,edge
613,-2.139050007,-2.083497353,Ir,13,corner
614,-1.685999393,-1.553029539,Ir,13,facet
615,-1.778174877,-1.688303245,Ir,13,facet
616,-1.60020113,-1.664823625,Ir,13,facet
617,-2.144609928,-2.149019421,Ir,13,corner
618,-1.959196091,-1.840442019,Ir,13,facet
619,-1.541744709,-1.526610003,Ir,13,facet
620,-1.750413418,-1.678969482,Ir,13,facet
621,-1.812078953,-1.774086162,Ir,13,facet
622,-1.738239288,-1.75522626,Ir,13,facet
623,-1.94470787,-2.003411367,Ir,13,edge
624,-1.787851334,-1.845433358,Ir,13,facet
625,-1.766065598,-1.824015111,Ir,13,edge
626,-2.10072279,-2.021505708,Ir,13,edge
627,-1.808139801,-1.838884201,Ir,13,edge
628,-1.57437706,-1.525454429,Ir,13,facet
629,-1.662434101,-1.621633302,Ir,13,facet
630,-2.117116451,-2.12005662,Ir,13,corner
631,-1.726806164,-1.752852069,Ir,13,facet
632,-1.766532898,-1.733597428,Ir,13,facet
633,-1.955862522,-1.869618845,Ir,13,facet
634,-1.612499714,-1.622510788,Ir,13,facet
635,-1.870773315,-1.830819856,Ir,13,facet
636,-1.92987442,-1.969770165,Ir,13,edge
637,-2.152153969,-2.049567106,Ir,13,edge
638,-0.9793787,-0.978510519,Pd,13,facet
639,-1.159970284,-1.188860715,Pd,13,edge
640,-1.319623947,-1.346566658,Pd,13,corner
641,-0.869668484,-0.908939759,Pd,13,facet
642,-1.024382114,-1.075832829,Pd,13,facet
643,-1.250742435,-1.204441848,Pd,13,edge
644,-0.989268303,-0.967552487,Pd,13,facet
645,-0.853133202,-0.886802632,Pd,13,facet
646,-0.955472469,-0.978596446,Pd,13,facet
647,-1.275538921,-1.225764859,Pd,13,edge
648,-1.588298321,-1.441661505,Pd,13,corner
649,-1.280507088,-1.223053764,Pd,13,edge
650,-1.025476933,-0.977434265,Pd,13,facet
651,-1.342418671,-1.343355569,Pd,13,corner
652,-1.003605366,-1.048408199,Pd,13,facet
653,-0.908253193,-0.945368705,Pd,13,facet
654,-1.189367771,-1.187777776,Pd,13,edge
655,-0.97704792,-0.981077901,Pd,13,facet
656,-1.032291889,-1.025643146,Pd,13,facet
657,-1.070589066,-1.050785128,Pd,13,facet
658,-1.375703812,-1.413776195,Pd,13,corner
659,-0.981554985,-0.93643926,Pd,13,facet
660,-1.239171982,-1.207924037,Pd,13,edge
661,-0.955436707,-0.957248956,Pd,13,facet
662,-1.368720531,-1.399751493,Pd,13,corner
663,-1.284897804,-1.319649272,Pt,13,edge
664,-1.54261446,-1.507809924,Pt,13,edge
665,-1.360845089,-1.360054579,Pt,13,edge
666,-1.096783161,-1.158455728,Pt,13,facet
667,-1.21079874,-1.192962241,Pt,13,facet
668,-1.594556808,-1.58114846,Pt,13,edge
669,-1.249233723,-1.228222639,Pt,13,facet
670,-1.049070835,-1.092855432,Pt,13,facet
671,-1.68941021,-1.736147228,Pt,13,corner
672,-1.416783333,-1.420637136,Pt,13,edge
673,-1.115736008,-1.201391865,Pt,13,facet
674,-1.598970413,-1.676803448,Pt,13,corner
675,-1.068172455,-1.179453787,Pt,13,facet
676,-1.273953438,-1.234877288,Pt,13,facet
677,-1.341808796,-1.283398449,Pt,13,facet
678,-1.812770367,-1.772903423,Pt,13,corner
679,-1.701357841,-1.71670232,Pt,13,corner
680,-1.559383392,-1.491640451,Pt,13,corner
681,-1.013602734,-1.083715707,Pt,13,facet
682,-1.444002628,-1.369132025,Pt,13,facet
683,-1.477201939,-1.484861782,Pt,13,corner
684,-1.085382938,-1.106670833,Pt,13,facet
685,-1.132827282,-1.095205752,Pt,13,facet
686,-1.653524399,-1.559531641,Pt,13,edge
687,-1.776321411,-1.751496858,Pt,13,corner
688,-1.443738461,-1.365080581,Rh,13,facet
689,-1.642652512,-1.671200553,Rh,13,edge
690,-1.579815865,-1.573519447,Rh,13,edge
691,-1.664783955,-1.61238359,Rh,13,edge
692,-1.680885792,-1.600217579,Rh,13,edge
693,-1.48814106,-1.448488878,Rh,13,facet
694,-1.344795704,-1.353680289,Rh,13,facet
695,-1.448765755,-1.431900414,Rh,13,facet
696,-1.449132919,-1.425466759,Rh,13,facet
697,-1.738965988,-1.759302993,Rh,13,corner
698,-1.669539928,-1.613023926,Rh,13,edge
699,-1.608363628,-1.567241994,Rh,13,edge
700,-1.889061451,-1.78175283,Rh,13,edge
701,-1.433172703,-1.485238937,Rh,13,edge
702,-1.450314522,-1.523928413,Rh,13,edge
703,-1.560096264,-1.569269172,Rh,13,edge
704,-1.352283001,-1.356693845,Rh,13,facet
705,-1.778455734,-1.703386535,Rh,13,edge
706,-1.36882925,-1.330062027,Rh,13,facet
707,-1.632341385,-1.659005,Rh,13,corner
708,-1.681074619,-1.752990907,Rh,13,corner
709,-1.829131126,-1.748955731,Rh,13,edge
710,-1.625469208,-1.648054775,Rh,13,corner
711,-1.738285542,-1.841398202,Ru,13,facet
712,-2.075130939,-2.110391323,Ru,13,corner
713,-2.267590046,-2.292449738,Ru,13,corner
714,-2.096920013,-1.985118309,Ru,13,facet
715,-1.9377141,-1.907051289,Ru,13,facet
716,-2.00103426,-1.990037031,Ru,13,edge
717,-2.079397678,-2.032646546,Ru,13,edge
718,-2.141087055,-2.199673054,Ru,13,corner
719,-1.847456932,-1.959017446,Ru,13,edge
720,-1.83267355,-1.814721005,Ru,13,facet
721,-1.988733292,-2.021779937,Ru,13,corner
722,-1.87648344,-1.855973447,Ru,13,facet
723,-1.934371471,-1.991253467,Ru,13,corner
724,-2.226166725,-2.132612469,Ru,13,edge
725,-2.12501049,-1.997995238,Ru,13,facet
726,-1.714588642,-1.71105565,Ru,13,facet
727,-1.665222168,-1.671822824,Ru,13,facet
728,-1.854067802,-1.832640572,Ru,13,facet
729,-2.039442539,-1.989916538,Ru,13,edge
730,-1.907673836,-1.908365672,Ru,13,facet
731,-1.898819447,-1.903703233,Ru,13,facet
732,-1.661170006,-1.690267176,Ir,14,facet
733,-1.688390732,-1.758277957,Ir,14,facet
734,-2.43686676,-2.375137471,Ir,14,corner
735,-2.132153511,-2.040878174,Ir,14,edge
736,-1.74852705,-1.724128849,Ir,14,facet
737,-1.874269485,-1.893473052,Ir,14,edge
738,-2.196764946,-2.097569038,Ir,14,edge
739,-1.902384758,-1.961151411,Ir,14,corner
740,-1.762468815,-1.811987784,Ir,14,edge
741,-1.613850117,-1.560589577,Ir,14,facet
742,-2.137469292,-2.156435441,Ir,14,corner
743,-1.580406189,-1.560667992,Ir,14,facet
744,-1.984706402,-2.01865076,Ir,14,corner
745,-1.946044922,-1.952176215,Ir,14,edge
746,-1.993502617,-2.011674034,Ir,14,edge
747,-1.958425999,-2.021274832,Ir,14,corner
748,-2.250235081,-2.224358512,Ir,14,corner
749,-1.63883543,-1.644922536,Ir,14,facet
750,-1.557753563,-1.542630958,Ir,14,facet
751,-1.590423584,-1.692365346,Ir,14,facet
752,-2.180510044,-2.214288996,Ir,14,corner
753,-1.633529186,-1.646065449,Ir,14,facet
754,-1.648009777,-1.698949661,Ir,14,facet
755,-1.836361408,-1.880289847,Ir,14,edge
756,-1.939325809,-1.980284681,Ir,14,corner
757,-1.338418484,-1.289658688,Pd,14,edge
758,-0.919835567,-0.938346587,Pd,14,facet
759,-1.15810442,-1.207663023,Pd,14,edge
760,-1.19260931,-1.221383895,Pd,14,edge
761,-0.879635811,-0.947577417,Pd,14,facet
762,-0.996821404,-0.991898205,Pd,14,facet
763,-1.431921482,-1.43765304,Pd,14,corner
764,-1.099447727,-1.154270653,Pd,14,edge
765,-0.885044575,-0.957609436,Pd,14,facet
766,-1.239636898,-1.21747777,Pd,14,corner
767,-1.246819496,-1.335014786,Pd,14,corner
768,-1.287983418,-1.233556011,Pd,14,corner
769,-0.990488529,-0.94715244,Pd,14,facet
770,-1.163775921,-1.156854561,Pd,14,edge
771,-1.440853119,-1.412931296,Pd,14,corner
772,-1.313553333,-1.325043629,Pd,14,edge
773,-1.1299119,-1.056519022,Pd,14,facet
774,-1.250414848,-1.236981299,Pd,14,edge
775,-0.918532372,-0.929066972,Pd,14,facet
776,-0.870583057,-0.882282841,Pd,14,facet
777,-0.924139977,-0.92978392,Pd,14,facet
778,-1.42196846,-1.39942673,Pd,14,corner
779,-1.16345787,-1.175179322,Pd,14,edge
780,-1.694774151,-1.721397521,Pt,14,corner
781,-1.511154175,-1.541495863,Pt,14,edge
782,-1.308066845,-1.301910092,Pt,14,facet
783,-1.355886459,-1.409182052,Pt,14,edge
784,-1.075621128,-1.110030787,Pt,14,facet
785,-1.152920723,-1.125863254,Pt,14,facet
786,-1.351328373,-1.323271411,Pt,14,edge
787,-1.219890594,-1.158499509,Pt,14,facet
788,-1.056911469,-1.149220136,Pt,14,facet
789,-1.349983692,-1.313043177,Pt,14,edge
790,-1.559664249,-1.454472481,Pt,14,edge
791,-1.426076412,-1.370511183,Pt,14,facet
792,-1.677082062,-1.619876116,Pt,14,edge
793,-1.098593712,-1.117559376,Pt,14,facet
794,-1.463156223,-1.466550934,Pt,14,edge
795,-1.291291714,-1.292524953,Pt,14,facet
796,-1.056367874,-1.097985225,Pt,14,facet
797,-1.260228157,-1.264023052,Pt,14,facet
798,-1.075739861,-1.139271848,Pt,14,facet
799,-1.422686577,-1.441827307,Pt,14,edge
800,-1.250389099,-1.220757751,Pt,14,facet
801,-1.367269516,-1.414266132,Pt,14,edge
802,-1.731021881,-1.730762671,Pt,14,corner
803,-1.221953392,-1.16820655,Pt,14,facet
804,-1.558703423,-1.552507082,Pt,14,corner
805,-1.492157459,-1.460218378,Pt,14,edge
806,-1.486741066,-1.550118595,Rh,14,edge
807,-1.352235317,-1.377966636,Rh,14,facet
808,-1.852272511,-1.784697729,Rh,14,corner
809,-1.530495644,-1.558228371,Rh,14,edge
810,-1.592569351,-1.566634022,Rh,14,edge
811,-1.372979641,-1.341427246,Rh,14,facet
812,-1.465843201,-1.44650951,Rh,14,facet
813,-1.456646442,-1.409338296,Rh,14,facet
814,-1.286906242,-1.306814307,Rh,14,facet
815,-1.595019817,-1.56457042,Rh,14,edge
816,-1.365070343,-1.329199484,Rh,14,facet
817,-1.451611996,-1.423273395,Rh,14,facet
818,-1.548512936,-1.486260027,Rh,14,facet
819,-1.317563057,-1.417361619,Rh,14,facet
820,-1.534453392,-1.612697574,Rh,14,corner
821,-1.378444195,-1.341960236,Rh,14,facet
822,-1.253460884,-1.278246995,Rh,14,facet
823,-1.557504654,-1.493124177,Rh,14,facet
824,-1.409077168,-1.36492491,Rh,14,facet
825,-1.741185188,-1.724206292,Rh,14,corner
826,-1.689543247,-1.715836973,Rh,14,corner
827,-2.066106796,-1.959536472,Ru,14,facet
828,-2.244440556,-2.21075794,Ru,14,corner
829,-2.330530643,-2.092799949,Ru,14,facet
830,-2.342381954,-2.151199235,Ru,14,edge
831,-2.192911148,-1.98226726,Ru,14,facet
832,-1.71560955,-1.75409996,Ru,14,facet
833,-1.925569534,-1.912239531,Ru,14,facet
834,-1.999602318,-1.936466326,Ru,14,facet
835,-1.802404404,-1.826502012,Ru,14,facet
836,-2.00140667,-2.046358735,Ru,14,corner
837,-1.658748627,-1.705834621,Ru,14,facet
838,-1.967158318,-1.973867792,Ru,14,edge
839,-1.654592991,-1.673013149,Ru,14,facet
840,-1.775204659,-1.797859084,Ru,14,facet
841,-1.9944911,-1.956369026,Ru,14,facet
842,-1.996233463,-1.934026074,Ru,14,facet
843,-1.997567177,-2.002992489,Ru,14,edge
844,-1.796718121,-1.7068717,Ru,14,facet
845,-1.880869865,-1.952816408,Ru,14,edge
846,-1.991831303,-1.984026572,Ru,14,edge
847,-2.106205463,-2.106696974,Ru,14,corner
848,-2.005067348,-1.930290039,Ru,14,facet
849,-1.824578285,-1.835081782,Ru,14,facet
850,-1.801917553,-1.818780499,Ru,14,facet
851,-1.855068207,-1.955867314,Ru,14,edge
852,-1.997858047,-1.968397688,Ru,14,edge
853,-1.899555683,-1.922493089,Ru,14,facet
854,-2.082651615,-2.110914306,Ir,15,edge
855,-1.973417759,-2.048223311,Ir,15,corner
856,-2.089165688,-2.019771604,Ir,15,edge
857,-1.677163601,-1.705549508,Ir,15,facet
858,-1.681266785,-1.688085054,Ir,15,facet
859,-1.888323307,-1.879966376,Ir,15,edge
860,-1.919512749,-1.87256745,Ir,15,edge
861,-1.831022739,-1.810141164,Ir,15,facet
862,-1.796906948,-1.789009596,Ir,15,facet
863,-2.087246418,-2.135311366,Ir,15,corner
864,-1.83284235,-1.823480165,Ir,15,facet
865,-1.60815382,-1.804897263,Ir,15,facet
866,-2.086255074,-2.077705973,Ir,15,corner
867,-2.173545837,-2.174243563,Ir,15,corner
868,-2.027468681,-2.078246004,Ir,15,corner
869,-2.092856407,-2.114632763,Ir,15,corner
870,-1.7977705,-1.844940645,Ir,15,edge
871,-1.817439079,-1.853597785,Ir,15,edge
872,-2.113885403,-2.125167313,Ir,15,corner
873,-1.81436491,-1.893270187,Ir,15,corner
874,-0.929723263,-0.969529073,Pd,15,facet
875,-0.942128181,-0.978725069,Pd,15,facet
876,-0.961541653,-0.987269696,Pd,15,facet
877,-1.188789845,-1.144283189,Pd,15,edge
878,-1.368136406,-1.395270775,Pd,15,corner
879,-0.870899677,-0.913916373,Pd,15,facet
880,-0.907013893,-0.962826451,Pd,15,facet
881,-1.181174278,-1.190329697,Pd,15,corner
882,-0.92267704,-0.957033777,Pd,15,facet
883,-0.915446758,-0.951813621,Pd,15,facet
884,-1.365972519,-1.407284923,Pd,15,corner
885,-1.190659046,-1.216593994,Pd,15,edge
886,-0.973466396,-0.919570218,Pd,15,facet
887,-0.858037472,-0.87001294,Pd,15,facet
888,-1.110405445,-1.123555735,Pd,15,edge
889,-1.017874718,-1.034879758,Pd,15,facet
890,-0.983406544,-0.958467881,Pd,15,facet
891,-0.928870201,-0.960692113,Pd,15,facet
892,-1.070940018,-1.095606946,Pd,15,facet
893,-1.063815117,-1.027721439,Pd,15,facet
894,-1.162322521,-1.172507326,Pd,15,edge
895,-0.851741791,-0.896373625,Pd,15,facet
896,-1.078287601,-1.130274213,Pd,15,edge
897,-1.514460564,-1.524293441,Pt,15,edge
898,-1.155276775,-1.205122142,Pt,15,facet
899,-1.683256626,-1.724265546,Pt,15,corner
900,-1.415924072,-1.422968353,Pt,15,edge
901,-1.328691006,-1.333854228,Pt,15,edge
902,-1.561014652,-1.541627881,Pt,15,edge
903,-1.258889675,-1.201328704,Pt,15,facet
904,-1.175242424,-1.1471322,Pt,15,facet
905,-1.135556221,-1.121951409,Pt,15,facet
906,-1.183852673,-1.240973103,Pt,15,facet
907,-1.465502262,-1.491039286,Pt,15,edge
908,-1.199879169,-1.178414469,Pt,15,facet
909,-1.119938374,-1.146997869,Pt,15,facet
910,-1.02067852,-1.112084483,Pt,15,facet
911,-1.765921116,-1.684994301,Pt,15,edge
912,-1.739391327,-1.677081019,Pt,15,corner
913,-1.626366138,-1.597666949,Pt,15,corner
914,-1.592816353,-1.56698479,Pt,15,edge
915,-1.140886784,-1.230128405,Pt,15,facet
916,-1.722793579,-1.761196879,Pt,15,corner
917,-1.548009872,-1.542341302,Pt,15,edge
918,-1.230501652,-1.183792261,Pt,15,facet
919,-1.173223495,-1.177154519,Pt,15,facet
920,-1.06815958,-1.107274911,Pt,15,facet
921,-1.735910416,-1.726687831,Pt,15,corner
922,-1.235954762,-1.157058584,Pt,15,facet
923,-1.181112766,-1.160531159,Pt,15,facet
924,-1.65978384,-1.714391348,Pt,15,corner
925,-1.303038597,-1.298500981,Pt,15,edge
926,-1.300906658,-1.215933115,Pt,15,facet
927,-1.615086555,-1.660491164,Rh,15,edge
928,-1.508156776,-1.48465198,Rh,15,facet
929,-1.55300951,-1.574015779,Rh,15,edge
930,-1.393770218,-1.431174512,Rh,15,facet
931,-1.467763901,-1.440334482,Rh,15,facet
932,-1.274366379,-1.305034795,Rh,15,facet
933,-1.571594238,-1.565967515,Rh,15,edge
934,-1.700681686,-1.741682684,Rh,15,corner
935,-1.594264507,-1.522436913,Rh,15,facet
936,-1.334196568,-1.470643665,Rh,15,facet
937,-1.489732265,-1.524981377,Rh,15,edge
938,-1.626601219,-1.584418185,Rh,15,edge
939,-1.421662807,-1.391931281,Rh,15,facet
940,-1.578523636,-1.5406973,Rh,15,edge
941,-1.863099098,-1.778973878,Rh,15,corner
942,-1.843504429,-1.757805893,Rh,15,edge
943,-1.595494747,-1.665923479,Rh,15,corner
944,-1.487699032,-1.54083294,Rh,15,edge
945,-1.373090267,-1.36527931,Rh,15,facet
946,-1.361183643,-1.357569107,Rh,15,facet
947,-1.537324905,-1.549157072,Rh,15,edge
948,-1.471293449,-1.42555199,Rh,15,facet
949,-1.345986843,-1.354177749,Rh,15,facet
950,-1.362486362,-1.363087753,Rh,15,facet
951,-1.511629105,-1.49776552,Rh,15,facet
952,-2.516887188,-2.459714035,Ru,15,corner
953,-1.975988388,-1.958440974,Ru,15,facet
954,-2.202656269,-2.195046788,Ru,15,corner
955,-2.133743763,-1.95720376,Ru,15,facet
956,-2.101772785,-1.956688571,Ru,15,facet
957,-2.135971546,-2.031917363,Ru,15,edge
958,-1.783038139,-1.737181207,Ru,15,facet
959,-2.060245991,-1.954952625,Ru,15,facet
960,-2.328281403,-2.191627255,Ru,15,edge
961,-2.347219944,-2.226539825,Ru,15,corner
962,-1.969787598,-1.960932779,Ru,15,edge
963,-2.039543629,-1.993432717,Ru,15,edge
964,-2.153271198,-2.096887018,Ru,15,edge
965,-1.842941761,-1.863336495,Ru,15,facet
966,-2.243304729,-2.137287874,Ru,15,edge
967,-1.715518475,-1.721706617,Ru,15,facet
968,-1.910616875,-2.000832836,Ru,15,corner
969,-1.651371479,-1.665334722,Ru,15,facet
970,-1.614293575,-1.659398475,Ru,15,facet
971,-1.913868427,-1.852878259,Ru,15,facet
972,-1.855220795,-1.859153194,Ru,15,facet
973,-1.678322792,-1.675176162,Ru,15,facet
974,-1.695264816,-1.721514311,Ru,15,facet
975,-1.902452946,-1.947334656,Ru,15,edge
976,-1.872237682,-1.855239936,Ir,16,facet
977,-1.886073589,-1.9447861,Ir,16,edge
978,-1.565347195,-1.539601731,Ir,16,facet
979,-1.798699856,-1.8514909,Ir,16,edge
980,-2.143857479,-2.121789677,Ir,16,corner
981,-1.889561653,-1.799523374,Ir,16,facet
982,-2.00908947,-2.087144235,Ir,16,corner
983,-1.89417696,-1.919944401,Ir,16,edge
984,-1.975782871,-2.105801861,Ir,16,corner
985,-1.88445425,-1.952080138,Ir,16,edge
986,-1.674253941,-1.727098437,Ir,16,facet
987,-1.706316471,-1.757009442,Ir,16,facet
988,-1.820036411,-1.789224564,Ir,16,facet
989,-1.714265823,-1.705699534,Ir,16,facet
990,-2.057012081,-2.094199012,Ir,16,corner
991,-1.5512743,-1.550425246,Ir,16,facet
992,-1.593655109,-1.587945712,Ir,16,facet
993,-1.643614769,-1.709405472,Ir,16,facet
994,-1.952046871,-2.017640274,Ir,16,corner
995,-1.891634464,-1.888251655,Ir,16,edge
996,-1.991409302,-2.035705491,Ir,16,corner
997,-1.801237106,-1.808762105,Ir,16,facet
998,-1.280486107,-1.286694946,Pd,16,edge
999,-0.937685013,-0.965160485,Pd,16,facet
1000,-1.012545586,-0.97999688,Pd,16,facet
1001,-1.270999908,-1.276848655,Pd,16,edge
1002,-0.924434662,-0.951732343,Pd,16,facet
1003,-0.982983112,-0.949454339,Pd,16,facet
1004,-0.955991268,-0.925516184,Pd,16,facet
1005,-0.906497002,-0.935854035,Pd,16,facet
1006,-1.044043541,-1.025313579,Pd,16,facet
1007,-0.982624531,-1.029061817,Pd,16,facet
1008,-0.995984554,-1.037808829,Pd,16,facet
1009,-0.982105255,-1.005991022,Pd,16,facet
1010,-0.978085041,-0.990872473,Pd,16,facet
1011,-1.190720081,-1.170146779,Pd,16,edge
1012,-1.435556889,-1.403779668,Pd,16,corner
1013,-1.424733639,-1.441661505,Pd,16,corner
1014,-1.015975952,-1.075590641,Pd,16,facet
1015,-0.79992485,-0.858915874,Pd,16,facet
1016,-0.874951839,-0.893163877,Pd,16,facet
1017,-1.266868591,-1.220415477,Pd,16,edge
1018,-0.868025303,-0.917143204,Pd,16,facet
1019,-1.301584244,-1.265622342,Pd,16,corner
1020,-1.286720753,-1.302415741,Pt,16,facet
1021,-1.17860651,-1.197461795,Pt,16,facet
1022,-1.479009628,-1.52440574,Pt,16,edge
1023,-1.736470222,-1.758359364,Pt,16,edge
1024,-1.135437965,-1.124873344,Pt,16,facet
1025,-1.373842716,-1.370920564,Pt,16,edge
1026,-1.701331139,-1.735189228,Pt,16,corner
1027,-1.563797474,-1.524544946,Pt,16,edge
1028,-1.153871536,-1.176126405,Pt,16,facet
1029,-1.50872612,-1.462004617,Pt,16,edge
1030,-1.328763008,-1.358458464,Pt,16,edge
1031,-1.487892151,-1.471510211,Pt,16,edge
1032,-1.042513371,-1.158922913,Pt,16,facet
1033,-1.239739895,-1.207567229,Pt,16,facet
1034,-1.36648798,-1.422931073,Pt,16,edge
1035,-1.099908829,-1.177085846,Pt,16,facet
1036,-1.649884224,-1.606104365,Pt,16,corner
1037,-1.350122929,-1.361561065,Pt,16,edge
1038,-1.238480568,-1.237764558,Pt,16,facet
1039,-1.451293468,-1.438321239,Pt,16,edge
1040,-1.041069508,-1.029164534,Pt,16,facet
1041,-1.636470318,-1.59537665,Pt,16,corner
1042,-1.024449825,-1.100550867,Pt,16,facet
1043,-1.437957287,-1.41018944,Pt,16,edge
1044,-1.427296162,-1.401989597,Pt,16,edge
1045,-1.706121445,-1.691353876,Pt,16,corner
1046,-1.58021307,-1.587344781,Rh,16,edge
1047,-1.397960663,-1.401424037,Rh,16,facet
1048,-1.831575394,-1.779665499,Rh,16,corner
1049,-1.618877888,-1.598598524,Rh,16,edge
1050,-1.763575554,-1.785043141,Rh,16,corner
1051,-1.51290369,-1.566502844,Rh,16,edge
1052,-1.566422939,-1.646023529,Rh,16,corner
1053,-1.465026379,-1.50648855,Rh,16,facet
1054,-1.685584545,-1.733030975,Rh,16,corner
1055,-1.626552582,-1.59279649,Rh,16,edge
1056,-1.797894955,-1.785495086,Rh,16,corner
1057,-1.510084152,-1.433727461,Rh,16,facet
1058,-1.507730961,-1.537992433,Rh,16,edge
1059,-1.435884953,-1.360739387,Rh,16,facet
1060,-1.4793787,-1.485693878,Rh,16,facet
1061,-1.569309711,-1.518271525,Rh,16,facet
1062,-1.770159721,-1.787660537,Rh,16,corner
1063,-1.794329643,-1.763379681,Rh,16,corner
1064,-1.707502365,-1.682691359,Rh,16,edge
1065,-1.32243681,-1.345526625,Rh,16,facet
1066,-1.243824005,-1.351518307,Rh,16,facet
1067,-1.639648438,-1.586204854,Rh,16,edge
1068,-1.580554485,-1.66053022,Rh,16,corner
1069,-1.677156925,-1.703316421,Rh,16,corner
1070,-1.498746395,-1.561919674,Rh,16,edge
1071,-1.337587357,-1.432203846,Rh,16,facet
1072,-1.442130089,-1.506375225,Rh,16,edge
1073,-1.594502449,-1.628531421,Rh,16,corner
1074,-2.051191807,-1.952541253,Ru,16,facet
1075,-1.954640865,-1.89125035,Ru,16,facet
1076,-1.845365524,-1.799937284,Ru,16,facet
1077,-1.682385921,-1.669615077,Ru,16,facet
1078,-2.09777689,-2.018279008,Ru,16,edge
1079,-1.960622787,-1.930522621,Ru,16,facet
1080,-2.092819214,-1.957962493,Ru,16,facet
1081,-2.572925568,-2.542036613,Ru,16,edge
1082,-2.39773941,-2.278350922,Ru,16,edge
1083,-1.994745731,-1.957428838,Ru,16,facet
1084,-1.956207752,-1.957088349,Ru,16,edge
1085,-2.103363037,-1.971294579,Ru,16,facet
1086,-1.712554455,-1.866775492,Ru,16,facet
1087,-1.907188416,-1.87693449,Ru,16,facet
1088,-2.140827179,-2.144569722,Ru,16,corner
1089,-1.693632126,-1.720503999,Ru,16,facet
1090,-1.679267883,-1.692459505,Ru,16,facet
1091,-1.965025902,-1.902906792,Ru,16,facet
1092,-2.125961781,-1.968127038,Ru,16,facet
1093,-1.779773235,-1.780703372,Ru,16,facet
1094,-1.763110161,-1.796172544,Ru,16,facet
1095,-2.075825691,-2.011119062,Ru,16,edge
1096,-1.770441055,-1.825209366,Ru,16,facet
1097,-1.991884232,-1.978109287,Ru,16,edge
1098,-1.894262791,-1.942112441,Ir,17,edge
1099,-1.986713409,-1.979503533,Ir,17,edge
1100,-2.114754677,-2.099006229,Ir,17,edge
1101,-1.963870049,-1.990001662,Ir,17,edge
1102,-2.095593929,-2.058482192,Ir,17,edge
1103,-1.787942886,-1.751105821,Ir,17,facet
1104,-2.115176678,-2.06897405,Ir,17,corner
1105,-1.930704117,-1.906157484,Ir,17,edge
1106,-1.521704674,-1.535457888,Ir,17,facet
1107,-1.67986393,-1.705424158,Ir,17,facet
1108,-1.677771091,-1.643675957,Ir,17,facet
1109,-1.896648407,-1.867711464,Ir,17,facet
1110,-2.092386723,-2.091066974,Ir,17,corner
1111,-1.839598656,-1.885491446,Ir,17,edge
1112,-2.088103771,-2.02469852,Ir,17,edge
1113,-2.316366196,-2.136533504,Ir,17,edge
1114,-2.03711319,-2.078151452,Ir,17,corner
1115,-1.555997372,-1.544425105,Ir,17,facet
1116,-1.993032932,-2.047431846,Ir,17,edge
1117,-2.019512177,-2.022216818,Ir,17,corner
1118,-1.611382961,-1.727348831,Ir,17,facet
1119,-1.79527998,-1.72055345,Ir,17,facet
1120,-2.027364731,-1.98237101,Ir,17,edge
1121,-1.851930618,-1.841976943,Ir,17,facet
1122,-1.845389366,-1.765864155,Ir,17,facet
1123,-2.321896553,-2.304763865,Ir,17,corner
1124,-1.971157551,-1.850793411,Ir,17,facet
1125,-2.045885563,-2.086619111,Ir,17,corner
1126,-1.901435852,-1.894023858,Ir,17,edge
1127,-2.046597481,-2.035341853,Ir,17,corner
1128,-1.162448883,-1.173451502,Pd,17,edge
1129,-0.85845089,-0.931939847,Pd,17,facet
1130,-1.161252499,-1.194840679,Pd,17,edge
1131,-1.021300316,-1.0471184,Pd,17,facet
1132,-0.938521385,-0.949989942,Pd,17,facet
1133,-0.810442448,-0.909233751,Pd,17,facet
1134,-0.900314331,-0.941994311,Pd,17,facet
1135,-0.896325111,-0.908660362,Pd,17,facet
1136,-0.908274651,-0.980241487,Pd,17,facet
1137,-1.252532005,-1.343310858,Pd,17,corner
1138,-0.890676022,-0.938426727,Pd,17,facet
1139,-1.011893272,-1.049525393,Pd,17,facet
1140,-1.292643547,-1.316188248,Pd,17,corner
1141,-0.910599709,-0.910777863,Pd,17,facet
1142,-0.971770763,-1.040442797,Pd,17,facet
1143,-1.270673275,-1.32965693,Pd,17,corner
1144,-0.897319794,-0.906030203,Pd,17,facet
1145,-0.944896221,-0.912507098,Pd,17,facet
1146,-1.275224209,-1.282511972,Pd,17,edge
1147,-0.964630604,-0.989774565,Pd,17,facet
1148,-1.013105392,-0.996557171,Pd,17,facet
1149,-1.138425827,-1.178540489,Pd,17,edge
1150,-0.893659592,-0.929392311,Pd,17,facet
1151,-1.263811111,-1.28805581,Pd,17,corner
1152,-1.118259907,-1.145780355,Pt,17,facet
1153,-1.031209469,-1.118921398,Pt,17,facet
1154,-1.577132702,-1.583131692,Pt,17,edge
1155,-1.483291626,-1.55762782,Pt,17,corner
1156,-1.061595917,-1.172835436,Pt,17,facet
1157,-1.476420879,-1.521627355,Pt,17,edge
1158,-1.065712452,-1.161352434,Pt,17,facet
1159,-1.633087635,-1.590168227,Pt,17,edge
1160,-1.090894699,-1.147212208,Pt,17,facet
1161,-0.997782707,-1.126735467,Pt,17,facet
1162,-1.099767208,-1.160118972,Pt,17,facet
1163,-1.282160759,-1.232984794,Pt,17,edge
1164,-1.450696468,-1.45671426,Pt,17,edge
1165,-1.136891365,-1.214394953,Pt,17,facet
1166,-1.465100288,-1.488293926,Pt,17,edge
1167,-1.585269451,-1.566039132,Pt,17,corner
1168,-1.344732285,-1.302489121,Pt,17,edge
1169,-1.597821712,-1.589518505,Pt,17,corner
1170,-1.103199005,-1.085540476,Pt,17,facet
1171,-1.532464504,-1.492450125,Pt,17,edge
1172,-1.715917587,-1.749360628,Pt,17,corner
1173,-1.46532774,-1.439385596,Pt,17,edge
1174,-1.402747154,-1.390935442,Rh,17,facet
1175,-1.885893822,-1.766445756,Rh,17,corner
1176,-1.454794407,-1.490828715,Rh,17,facet
1177,-1.279769897,-1.347520209,Rh,17,facet
1178,-1.688049793,-1.72274415,Rh,17,corner
1179,-1.326178074,-1.352676539,Rh,17,facet
1180,-1.401666641,-1.41320304,Rh,17,facet
1181,-1.455350399,-1.509504545,Rh,17,edge
1182,-1.299384594,-1.222001508,Rh,17,facet
1183,-1.638406754,-1.67294878,Rh,17,corner
1184,-1.56912899,-1.55318017,Rh,17,edge
1185,-1.405576706,-1.438879741,Rh,17,facet
1186,-1.641626358,-1.579695603,Rh,17,edge
1187,-1.338452339,-1.313773249,Rh,17,facet
1188,-1.46341753,-1.458174857,Rh,17,facet
1189,-1.43037796,-1.465537031,Rh,17,edge
1190,-1.590969086,-1.557845663,Rh,17,edge
1191,-1.628654957,-1.706217547,Rh,17,corner
1192,-1.460031033,-1.432274896,Rh,17,facet
1193,-1.479275703,-1.471706207,Rh,17,facet
1194,-1.342467308,-1.378841778,Rh,17,facet
1195,-1.506492615,-1.522109545,Rh,17,facet
1196,-1.452884197,-1.417524089,Rh,17,facet
1197,-1.506906509,-1.508671093,Rh,17,facet
1198,-1.483090878,-1.49504837,Rh,17,facet
1199,-1.684718132,-1.679974525,Rh,17,edge
1200,-1.799088955,-1.782195219,Rh,17,corner
1201,-1.945652962,-1.939552578,Ru,17,facet
1202,-2.183265686,-2.192421815,Ru,17,corner
1203,-2.060557365,-2.136728784,Ru,17,corner
1204,-2.053311348,-1.937424675,Ru,17,facet
1205,-2.039183617,-1.993391962,Ru,17,edge
1206,-1.889828682,-1.901061513,Ru,17,facet
1207,-1.768757343,-1.819628883,Ru,17,facet
1208,-2.176513672,-2.094104939,Ru,17,edge
1209,-1.97633028,-1.936746503,Ru,17,facet
1210,-2.109885216,-2.141558956,Ru,17,corner
1211,-2.019412994,-1.970197433,Ru,17,edge
1212,-1.969828606,-1.962593057,Ru,17,edge
1213,-1.75377655,-1.874972584,Ru,17,facet
1214,-2.134979248,-2.16129603,Ru,17,corner
1215,-1.896547318,-1.905581303,Ru,17,facet
1216,-1.934093952,-1.899236935,Ru,17,facet
1217,-1.800139904,-1.79072461,Ru,17,facet
1218,-2.198850155,-2.142871396,Ru,17,edge
1219,-1.91041851,-1.957188516,Ru,17,facet
1220,-1.988027573,-1.940946995,Ir,18,edge
1221,-1.720236301,-1.757713091,Ir,18,facet
1222,-1.771811485,-1.759615889,Ir,18,facet
1223,-1.873129368,-1.795084123,Ir,18,facet
1224,-2.089128494,-1.955637423,Ir,18,edge
1225,-1.917704105,-1.925128001,Ir,18,edge
1226,-1.962600231,-2.031581482,Ir,18,corner
1227,-1.92602396,-1.848945956,Ir,18,facet
1228,-1.851421833,-1.877900468,Ir,18,edge
1229,-1.622600555,-1.630194207,Ir,18,facet
1230,-1.561621189,-1.610134672,Ir,18,facet
1231,-1.519821167,-1.54203191,Ir,18,facet
1232,-1.760017395,-1.658895961,Ir,18,facet
1233,-1.887554646,-1.893365261,Ir,18,edge
1234,-2.026035309,-1.901798798,Ir,18,edge
1235,-1.996324539,-2.046133366,Ir,18,corner
1236,-1.994612217,-1.836515973,Ir,18,facet
1237,-2.007182121,-1.938709574,Ir,18,edge
1238,-0.916470051,-0.919287848,Pd,18,facet
1239,-1.254521847,-1.288715696,Pd,18,corner
1240,-0.952272415,-0.99560646,Pd,18,facet
1241,-1.11297369,-1.129893131,Pd,18,edge
1242,-1.222900867,-1.179700637,Pd,18,edge
1243,-1.413934231,-1.415163241,Pd,18,corner
1244,-0.83257246,-0.877927005,Pd,18,facet
1245,-1.416579723,-1.349285049,Pd,18,edge
1246,-1.132246971,-1.050590124,Pd,18,facet
1247,-1.248745441,-1.191190969,Pd,18,edge
1248,-1.102852821,-1.073007607,Pd,18,facet
1249,-1.397512436,-1.408776757,Pd,18,corner
1250,-1.387434959,-1.412997062,Pd,18,corner
1251,-1.208245754,-1.174174744,Pd,18,edge
1252,-0.861094475,-0.923124865,Pd,18,facet
1253,-0.943229675,-0.951056799,Pd,18,facet
1254,-1.616327286,-1.441661505,Pd,18,corner
1255,-1.505920887,-1.441661505,Pd,18,corner
1256,-1.272826672,-1.226898318,Pd,18,corner
1257,-1.226968765,-1.216405318,Pd,18,corner
1258,-0.918345928,-0.926869571,Pd,18,facet
1259,-0.972865582,-1.012817126,Pd,18,facet
1260,-0.909970284,-0.955236935,Pd,18,facet
1261,-0.993967533,-0.958549033,Pd,18,facet
1262,-0.868213654,-0.901909046,Pd,18,facet
1263,-1.263620377,-1.285223382,Pd,18,corner
1264,-1.285806656,-1.275728676,Pd,18,corner
1265,-1.587551117,-1.613229652,Pt,18,edge
1266,-1.575423241,-1.58184387,Pt,18,corner
1267,-1.255109787,-1.241241044,Pt,18,facet
1268,-1.352116108,-1.432224734,Pt,18,edge
1269,-1.217220783,-1.255202085,Pt,18,facet
1270,-1.230510712,-1.140425312,Pt,18,facet
1271,-1.267327309,-1.2839221,Pt,18,facet
1272,-1.1350317,-1.141462528,Pt,18,facet
1273,-1.387927532,-1.387147688,Pt,18,edge
1274,-1.352391243,-1.304195873,Pt,18,facet
1275,-1.71027565,-1.669343525,Pt,18,edge
1276,-1.306248665,-1.366109684,Pt,18,facet
1277,-1.128098965,-1.175679829,Pt,18,facet
1278,-1.461103916,-1.478031392,Pt,18,edge
1279,-1.311704159,-1.250782948,Pt,18,facet
1280,-1.475047588,-1.411086173,Pt,18,edge
1281,-1.445573807,-1.403077901,Pt,18,edge
1282,-1.653470516,-1.699520931,Pt,18,corner
1283,-1.191387653,-1.294871919,Pt,18,facet
1284,-1.544077396,-1.54569266,Pt,18,edge
1285,-1.155647755,-1.169938999,Pt,18,facet
1286,-1.180464745,-1.13659175,Pt,18,facet
1287,-1.53151226,-1.554445384,Pt,18,corner
1288,-1.733718395,-1.679463174,Rh,18,edge
1289,-1.486999512,-1.49458296,Rh,18,facet
1290,-1.382763386,-1.43458377,Rh,18,facet
1291,-1.483603001,-1.482347021,Rh,18,facet
1292,-1.740823269,-1.775303997,Rh,18,corner
1293,-1.539288044,-1.52076752,Rh,18,facet
1294,-1.890144825,-1.780416822,Rh,18,edge
1295,-1.538937092,-1.522931614,Rh,18,facet
1296,-1.389588356,-1.438929364,Rh,18,facet
1297,-1.447816372,-1.453275156,Rh,18,facet
1298,-1.576947212,-1.578222788,Rh,18,edge
1299,-1.583372593,-1.661356291,Rh,18,corner
1300,-1.562246799,-1.582907014,Rh,18,edge
1301,-1.757874966,-1.68363334,Rh,18,edge
1302,-1.752984047,-1.75039359,Rh,18,corner
1303,-1.541809082,-1.525328347,Rh,18,facet
1304,-1.609363556,-1.576648804,Rh,18,edge
1305,-1.681083202,-1.686457262,Rh,18,corner
1306,-1.374445438,-1.393122423,Rh,18,facet
1307,-1.379284382,-1.410933438,Rh,18,facet
1308,-1.410742283,-1.480237552,Rh,18,facet
1309,-1.404676914,-1.443471869,Rh,18,facet
1310,-1.410856247,-1.441897051,Rh,18,facet
1311,-1.635923862,-1.721720183,Rh,18,corner
1312,-1.377493382,-1.413743599,Rh,18,facet
1313,-1.358062267,-1.311237364,Rh,18,facet
1314,-1.284241199,-1.31378941,Rh,18,facet
1315,-1.410900116,-1.375932738,Rh,18,facet
1316,-1.779182434,-1.73503969,Rh,18,edge
1317,-1.605960846,-1.589293499,Rh,18,edge
1318,-2.119945049,-2.043858019,Ru,18,edge
1319,-2.06412077,-1.950284105,Ru,18,facet
1320,-1.849764824,-1.929352674,Ru,18,facet
1321,-2.507008553,-2.364273499,Ru,18,edge
1322,-1.828032017,-1.920720247,Ru,18,facet
1323,-2.01299715,-2.079250889,Ru,18,corner
1324,-2.046084881,-2.000588643,Ru,18,edge
1325,-1.87271595,-1.880910357,Ru,18,facet
1326,-1.926898479,-1.840789819,Ru,18,facet
1327,-2.080613136,-1.953663533,Ru,18,facet
1328,-2.013309956,-1.931258123,Ru,18,facet
1329,-1.719158173,-1.736511624,Ru,18,facet
1330,-2.343216896,-2.159338829,Ru,18,edge
1331,-2.073086739,-2.079363025,Ru,18,corner
1332,-1.749726772,-1.799689879,Ru,18,facet
1333,-1.737138748,-1.734779142,Ru,18,facet
1334,-2.019445419,-2.064662509,Ru,18,edge
1335,-2.140057564,-2.053622776,Ru,18,edge
1336,-1.855335712,-1.908772547,Ru,18,facet
1337,-2.165869713,-2.204835414,Ru,18,corner
1338,-1.87514925,-1.961464658,Ru,18,edge
1339,-1.960108757,-2.084254799,Ru,18,corner
1340,-2.035189152,-1.976644849,Ru,18,edge
1341,-1.756507397,-1.864958455,Ru,18,facet
1342,-2.043010712,-1.947059129,Ir,19,edge
1343,-1.611084938,-1.560960366,Ir,19,facet
1344,-1.678719521,-1.606897014,Ir,19,facet
1345,-2.06328249,-2.083249524,Ir,19,corner
1346,-1.664319038,-1.741719012,Ir,19,facet
1347,-1.971234322,-1.925432947,Ir,19,edge
1348,-1.890190601,-1.90759832,Ir,19,edge
1349,-1.729598045,-1.719888292,Ir,19,facet
1350,-2.325516224,-2.168688776,Ir,19,edge
1351,-1.878257275,-1.896049163,Ir,19,edge
1352,-1.908579826,-1.886025612,Ir,19,facet
1353,-2.142452717,-2.143767601,Ir,19,corner
1354,-2.021443844,-1.970957608,Ir,19,edge
1355,-2.196587086,-2.053057058,Ir,19,edge
1356,-1.901246071,-1.919161905,Ir,19,edge
1357,-1.89513588,-2.010010274,Ir,19,edge
1358,-1.967271805,-1.928657888,Ir,19,edge
1359,-1.658874512,-1.709387372,Ir,19,facet
1360,-1.905614376,-1.929193251,Ir,19,edge
1361,-2.00316143,-2.104100921,Ir,19,corner
1362,-1.902740479,-1.964819199,Ir,19,edge
1363,-0.859926224,-0.921920475,Pd,19,facet
1364,-1.221241474,-1.234658925,Pd,19,corner
1365,-1.151592255,-1.122370619,Pd,19,facet
1366,-1.226501465,-1.195675666,Pd,19,edge
1367,-1.262003422,-1.199938743,Pd,19,edge
1368,-0.81786871,-0.859077503,Pd,19,facet
1369,-0.991590023,-1.037624659,Pd,19,facet
1370,-0.868102551,-0.845796137,Pd,19,facet
1371,-1.12926054,-1.071801353,Pd,19,facet
1372,-0.964524269,-0.948310978,Pd,19,facet
1373,-1.036603451,-0.974262475,Pd,19,facet
1374,-1.394951344,-1.394748984,Pd,19,corner
1375,-0.86612606,-0.879987687,Pd,19,facet
1376,-1.365271568,-1.400993043,Pd,19,corner
1377,-1.073678493,-1.031445891,Pd,19,facet
1378,-1.170631886,-1.179889712,Pd,19,edge
1379,-0.915849209,-0.951056799,Pd,19,facet
1380,-1.297533035,-1.351223969,Pd,19,corner
1381,-1.142551422,-1.159947608,Pd,19,edge
1382,-0.927960873,-0.920050627,Pd,19,facet
1383,-0.831493855,-0.882923232,Pd,19,facet
1384,-0.979362965,-1.073395901,Pd,19,facet
1385,-1.394749641,-1.422923606,Pd,19,corner
1386,-1.626770496,-1.537127723,Pt,19,edge
1387,-1.769545078,-1.739431943,Pt,19,corner
1388,-1.201779366,-1.251461516,Pt,19,facet
1389,-1.537615299,-1.510687935,Pt,19,edge
1390,-1.111607552,-1.072093992,Pt,19,facet
1391,-1.641198158,-1.677489165,Pt,19,corner
1392,-1.670512199,-1.651126065,Pt,19,edge
1393,-1.094078541,-1.131169612,Pt,19,facet
1394,-1.064592838,-1.148371941,Pt,19,facet
1395,-1.213497639,-1.172022018,Pt,19,facet
1396,-1.522211075,-1.489822012,Pt,19,edge
1397,-1.455239296,-1.437417551,Pt,19,edge
1398,-1.600279331,-1.638017803,Pt,19,corner
1399,-1.190299034,-1.16885579,Pt,19,facet
1400,-1.177847862,-1.209843089,Pt,19,facet
1401,-1.596282959,-1.673902266,Pt,19,corner
1402,-1.260033131,-1.262315046,Pt,19,facet
1403,-1.206914902,-1.224629899,Pt,19,facet
1404,-1.157840729,-1.178390524,Pt,19,facet
1405,-1.218224049,-1.245236404,Pt,19,facet
1406,-1.135696411,-1.155280506,Pt,19,facet
1407,-1.150885582,-1.151210412,Pt,19,facet
1408,-1.604480743,-1.638964597,Pt,19,corner
1409,-1.627686977,-1.628763786,Pt,19,edge
1410,-1.464766979,-1.524538441,Pt,19,edge
1411,-1.505719185,-1.557625548,Pt,19,corner
1412,-1.629322529,-1.624601672,Rh,19,edge
1413,-1.365512848,-1.385801105,Rh,19,facet
1414,-1.567138672,-1.530482772,Rh,19,facet
1415,-1.356849194,-1.424749413,Rh,19,facet
1416,-1.734113216,-1.677600002,Rh,19,edge
1417,-1.480473518,-1.536446414,Rh,19,edge
1418,-1.776913166,-1.782024159,Rh,19,corner
1419,-1.414599419,-1.453370985,Rh,19,facet
1420,-1.556854725,-1.64269759,Rh,19,corner
1421,-1.678173542,-1.613242973,Rh,19,edge
1422,-1.557230949,-1.597344406,Rh,19,edge
1423,-1.590536118,-1.533734778,Rh,19,facet
1424,-1.416257381,-1.394877119,Rh,19,facet
1425,-1.570795536,-1.604017446,Rh,19,corner
1426,-1.395021439,-1.440264529,Rh,19,facet
1427,-1.369885921,-1.385409282,Rh,19,facet
1428,-1.296043873,-1.320547465,Rh,19,facet
1429,-1.403140545,-1.500909275,Rh,19,facet
1430,-1.648068905,-1.662533,Rh,19,edge
1431,-1.366421223,-1.351077706,Rh,19,facet
1432,-1.500108719,-1.514935721,Rh,19,facet
1433,-1.722927094,-1.768091717,Rh,19,corner
1434,-1.812254906,-1.952035678,Ru,19,edge
1435,-1.769953251,-1.731472593,Ru,19,facet
1436,-1.860549927,-2.012615249,Ru,19,corner
1437,-1.753291607,-1.951811331,Ru,19,edge
1438,-1.815167427,-1.879770654,Ru,19,facet
1439,-1.821488857,-1.806643873,Ru,19,facet
1440,-2.296811581,-2.004225362,Ru,19,facet
1441,-1.748970509,-1.755107574,Ru,19,facet
1442,-1.748531342,-1.965015709,Ru,19,corner
1443,-1.867322922,-1.919130926,Ru,19,facet
1444,-1.996240616,-1.990314397,Ru,19,edge
1445,-1.781152248,-1.749112076,Ru,19,facet
1446,-1.899693966,-2.057627525,Ru,19,corner
1447,-2.067445278,-2.033737875,Ru,19,edge
1448,-1.631822586,-1.667637621,Ru,19,facet
1449,-1.951489925,-1.905521673,Ru,19,facet
1450,-2.006167889,-2.06229012,Ru,19,corner
1451,-1.753125668,-1.818731738,Ru,19,facet
1452,-2.088615417,-2.09391901,Ru,19,edge
1453,-1.804461956,-1.872647392,Ru,19,facet
1454,-2.029386044,-2.006481974,Ru,19,edge
1455,-1.649374008,-1.677329657,Ru,19,facet
1456,-1.802929878,-1.79931318,Ru,19,facet
1457,-1.89653635,-1.918274775,Ru,19,facet
1458,-2.087905884,-2.121038983,Ru,19,corner
1459,-2.000308037,-1.930368558,Ru,19,facet
1460,-1.879826546,-2.038711352,Ru,19,corner
1461,-1.765058041,-1.872655993,Ru,19,facet
1462,-1.633683205,-1.670517554,Ru,19,facet
1463,-2.346968651,-2.181544329,Ru,19,edge
1464,-1.917542934,-1.916211013,Ir,20,facet
1465,-1.824134827,-1.779092669,Ir,20,facet
1466,-1.635818481,-1.576434758,Ir,20,facet
1467,-1.703876972,-1.692501394,Ir,20,facet
1468,-2.014373302,-2.025462136,Ir,20,corner
1469,-1.924194336,-1.816204782,Ir,20,facet
1470,-1.970259666,-2.032027996,Ir,20,corner
1471,-1.472911835,-1.494599602,Ir,20,facet
1472,-1.659174919,-1.652476309,Ir,20,facet
1473,-1.728386402,-1.725764298,Ir,20,facet
1474,-1.517490864,-1.534338722,Ir,20,facet
1475,-1.874757767,-1.878601023,Ir,20,edge
1476,-1.939028263,-1.896150916,Ir,20,edge
1477,-2.096419334,-1.945328075,Ir,20,facet
1478,-2.158041,-2.123592867,Ir,20,corner
1479,-1.675326347,-1.668274257,Ir,20,facet
1480,-1.996831894,-2.069144346,Ir,20,corner
1481,-2.067726612,-2.076428496,Ir,20,corner
1482,-1.828117847,-1.834916892,Ir,20,facet
1483,-1.593511581,-1.665493813,Ir,20,facet
1484,-1.636067867,-1.697352295,Ir,20,facet
1485,-1.751636505,-1.763568285,Ir,20,facet
1486,-2.177450657,-2.216246074,Ir,20,corner
1487,-2.141541004,-2.043393337,Ir,20,edge
1488,-1.160263062,-1.184039438,Pd,20,edge
1489,-1.118790627,-1.153683155,Pd,20,edge
1490,-0.97680521,-0.952020747,Pd,20,facet
1491,-1.398468018,-1.285904793,Pd,20,edge
1492,-1.562461853,-1.441661505,Pd,20,corner
1493,-1.033535004,-1.026037592,Pd,20,facet
1494,-1.526117802,-1.441661505,Pd,20,corner
1495,-1.321202755,-1.235984491,Pd,20,edge
1496,-1.128112316,-1.172048198,Pd,20,edge
1497,-0.82811451,-0.859704849,Pd,20,facet
1498,-0.934056282,-0.927350895,Pd,20,facet
1499,-0.950808048,-0.92449052,Pd,20,facet
1500,-1.416173935,-1.411860411,Pd,20,corner
1501,-1.120105267,-1.186871654,Pd,20,edge
1502,-0.946623802,-0.97694375,Pd,20,facet
1503,-0.906812191,-0.968107182,Pd,20,facet
1504,-1.08891058,-1.13430534,Pd,20,edge
1505,-0.976263046,-0.997465018,Pd,20,facet
1506,-1.079898834,-1.09269184,Pd,20,facet
1507,-1.061225414,-1.056954046,Pd,20,facet
1508,-1.013390541,-1.052802086,Pd,20,facet
1509,-0.97082901,-0.974476712,Pd,20,facet
1510,-1.515961647,-1.441661505,Pd,20,corner
1511,-1.361225128,-1.376476924,Pd,20,corner
1512,-1.139260292,-1.155141623,Pt,20,facet
1513,-1.963528633,-1.779872866,Pt,20,corner
1514,-1.048635006,-1.099754286,Pt,20,facet
1515,-1.364484787,-1.375181837,Pt,20,edge
1516,-1.160251617,-1.107428646,Pt,20,facet
1517,-1.291484356,-1.308385239,Pt,20,facet
1518,-1.337866783,-1.351313343,Pt,20,edge
1519,-1.192811012,-1.211321872,Pt,20,facet
1520,-1.335791588,-1.364204964,Pt,20,edge
1521,-1.350958824,-1.228152804,Pt,20,facet
1522,-1.189081669,-1.26654751,Pt,20,facet
1523,-1.168335915,-1.212448405,Pt,20,facet
1524,-1.290914059,-1.373808112,Pt,20,facet
1525,-1.068622112,-1.148933383,Pt,20,facet
1526,-1.040259838,-1.100218974,Pt,20,facet
1527,-1.69633913,-1.763894384,Pt,20,corner
1528,-1.16881752,-1.137938515,Pt,20,facet
1529,-1.135931015,-1.186447834,Pt,20,facet
1530,-1.574043274,-1.4881047,Pt,20,edge
1531,-1.584807396,-1.595350176,Pt,20,corner
1532,-1.581421852,-1.643090852,Pt,20,corner
1533,-1.683067322,-1.72415585,Rh,20,corner
1534,-1.643743515,-1.627561952,Rh,20,edge
1535,-1.647613525,-1.58067552,Rh,20,edge
1536,-1.533054829,-1.505612581,Rh,20,facet
1537,-1.539838314,-1.543175499,Rh,20,edge
1538,-1.469265938,-1.433965037,Rh,20,facet
1539,-1.475181103,-1.440372039,Rh,20,facet
1540,-1.26102066,-1.294325661,Rh,20,facet
1541,-1.573863506,-1.591273378,Rh,20,corner
1542,-1.633560181,-1.635274177,Rh,20,edge
1543,-1.491334915,-1.50702394,Rh,20,facet
1544,-1.557305336,-1.5737852,Rh,20,edge
1545,-1.291297913,-1.422918295,Rh,20,facet
1546,-1.597011089,-1.611855894,Rh,20,edge
1547,-1.641560555,-1.720095115,Rh,20,corner
1548,-1.631659508,-1.613957286,Rh,20,edge
1549,-1.726696968,-1.683147943,Rh,20,edge
1550,-1.754688263,-1.786579355,Rh,20,corner
1551,-1.60647583,-1.626449285,Rh,20,edge
1552,-2.063525677,-1.927876044,Rh,20,edge
1553,-1.408857346,-1.473488035,Rh,20,facet
1554,-1.65641737,-1.739554718,Rh,20,corner
1555,-1.493494034,-1.460762542,Rh,20,facet
1556,-1.530067921,-1.547038795,Rh,20,edge
1557,-1.468815327,-1.468275421,Rh,20,facet
1558,-1.761144638,-1.695775568,Rh,20,edge
1559,-1.761943817,-1.935091936,Ru,20,edge
1560,-1.901791096,-1.902961068,Ru,20,facet
1561,-1.753574371,-1.764515601,Ru,20,facet
1562,-1.853077412,-1.895283144,Ru,20,facet
1563,-1.967535973,-2.043513067,Ru,20,corner
1564,-2.038053036,-2.03080584,Ru,20,edge
1565,-2.157314777,-1.953866968,Ru,20,facet
1566,-2.025627136,-1.942160983,Ru,20,facet
1567,-1.719799042,-1.78773339,Ru,20,facet
1568,-1.81419611,-1.938365164,Ru,20,edge
1569,-1.722288132,-1.749067638,Ru,20,facet
1570,-1.8694067,-1.955801369,Ru,20,edge
1571,-1.856651783,-1.946637623,Ru,20,edge
1572,-1.766222,-1.739063449,Ru,20,facet
1573,-2.048936844,-2.052632761,Ru,20,edge
1574,-2.051772118,-1.942879065,Ru,20,facet
1575,-1.944051266,-2.05520019,Ru,20,corner
1576,-1.889014244,-2.028318288,Ru,20,corner
1577,-2.060612679,-2.044934545,Ru,20,edge
1578,-1.709847927,-1.907086148,Ru,20,facet
1579,-1.933320999,-1.980856328,Ru,20,edge
1580,-2.076781273,-1.958835774,Ru,20,facet
1581,-2.225722313,-2.217173168,Ru,20,corner
1582,-2.056572437,-2.031144563,Ru,20,edge
1583,-1.842896461,-1.847865601,Ru,20,facet
1584,-2.076430321,-2.007882113,Ru,20,edge
1585,-1.941918373,-1.953244387,Ru,20,facet
1586,-2.003462315,-2.028180031,Ir,21,corner
1587,-1.666348457,-1.662939884,Ir,21,facet
1588,-1.982374668,-1.949604665,Ir,21,edge
1589,-1.735487938,-1.718031839,Ir,21,facet
1590,-1.682262897,-1.656537602,Ir,21,facet
1591,-1.549234867,-1.616744549,Ir,21,facet
1592,-1.657196045,-1.711959323,Ir,21,facet
1593,-1.637985229,-1.635584247,Ir,21,facet
1594,-1.968213081,-1.97343079,Ir,21,edge
1595,-1.769673824,-1.807556425,Ir,21,facet
1596,-1.975585937,-1.854061667,Ir,21,facet
1597,-1.943130493,-1.890513972,Ir,21,edge
1598,-2.097744942,-2.125933225,Ir,21,corner
1599,-2.112129688,-2.109428448,Ir,21,corner
1600,-1.670544147,-1.729144805,Ir,21,facet
1601,-2.030352116,-1.900467973,Ir,21,facet
1602,-2.167689323,-2.16885754,Ir,21,corner
1603,-1.919243336,-1.886567603,Ir,21,facet
1604,-1.898163319,-1.947917969,Ir,21,edge
1605,-1.191700459,-1.168933676,Pd,21,edge
1606,-1.331027985,-1.261246015,Pd,21,edge
1607,-1.27094841,-1.260280194,Pd,21,edge
1608,-1.508065701,-1.441661505,Pd,21,corner
1609,-0.831016541,-0.859077503,Pd,21,facet
1610,-1.126245022,-1.134751883,Pd,21,edge
1611,-0.820344448,-0.857274604,Pd,21,facet
1612,-1.268862247,-1.234152148,Pd,21,edge
1613,-1.088484287,-1.022289435,Pd,21,facet
1614,-1.297992229,-1.182369451,Pd,21,edge
1615,-1.353752136,-1.307162581,Pd,21,corner
1616,-1.387172699,-1.37450726,Pd,21,corner
1617,-1.143523693,-1.154953733,Pd,21,edge
1618,-0.878015518,-0.912805396,Pd,21,facet
1619,-0.960196495,-0.960160738,Pd,21,facet
1620,-0.939614296,-0.892638975,Pd,21,facet
1621,-1.292360783,-1.242525145,Pd,21,corner
1622,-1.387446404,-1.338013978,Pd,21,edge
1623,-1.215070724,-1.125026915,Pd,21,facet
1624,-1.30353117,-1.277896253,Pd,21,edge
1625,-0.919656754,-0.963618375,Pd,21,facet
1626,-1.070930481,-1.057968868,Pd,21,facet
1627,-0.906057358,-0.930444362,Pd,21,facet
1628,-0.902965069,-0.929468817,Pd,21,facet
1629,-1.556179523,-1.441661505,Pd,21,corner
1630,-1.141207695,-1.160731317,Pd,21,edge
1631,-1.196522236,-1.178396208,Pd,21,edge
1632,-1.467055798,-1.482819822,Pt,21,edge
1633,-1.052530289,-1.140924757,Pt,21,facet
1634,-1.814136028,-1.779590009,Pt,21,corner
1635,-1.540017128,-1.573757416,Pt,21,edge
1636,-1.23760128,-1.298320939,Pt,21,facet
1637,-1.189078808,-1.259374521,Pt,21,facet
1638,-1.524118423,-1.42870523,Pt,21,facet
1639,-1.808598042,-1.755338675,Pt,21,corner
1640,-1.191231251,-1.130985933,Pt,21,facet
1641,-1.567972183,-1.595628172,Pt,21,edge
1642,-1.178311348,-1.265614648,Pt,21,facet
1643,-1.165518761,-1.214263446,Pt,21,facet
1644,-1.585820198,-1.518907067,Pt,21,edge
1645,-1.140427589,-1.205272606,Pt,21,facet
1646,-1.179965973,-1.236030204,Pt,21,facet
1647,-1.049556255,-1.108261126,Pt,21,facet
1648,-1.412231922,-1.384029714,Pt,21,edge
1649,-1.125083447,-1.115820563,Pt,21,facet
1650,-1.535815716,-1.459180377,Pt,21,edge
1651,-1.425448895,-1.377377459,Pt,21,edge
1652,-1.089507103,-1.071828698,Pt,21,facet
1653,-1.235111713,-1.155986358,Pt,21,facet
1654,-1.595174789,-1.530106769,Pt,21,corner
1655,-1.472747803,-1.396560113,Pt,21,edge
1656,-1.119716644,-1.117066301,Pt,21,facet
1657,-1.222646713,-1.180594087,Pt,21,facet
1658,-1.160746098,-1.221829614,Pt,21,facet
1659,-1.22334671,-1.193208835,Pt,21,facet
1660,-1.119548321,-1.125521429,Pt,21,facet
1661,-1.153516769,-1.160278152,Pt,21,facet
1662,-1.806341648,-1.758872197,Pt,21,corner
1663,-1.618498325,-1.664472559,Pt,21,corner
1664,-1.564682484,-1.585088261,Rh,21,edge
1665,-1.441964626,-1.43746885,Rh,21,facet
1666,-1.530680656,-1.48862083,Rh,21,facet
1667,-1.567942619,-1.48779905,Rh,21,facet
1668,-1.698824406,-1.750647802,Rh,21,corner
1669,-1.582980156,-1.505553466,Rh,21,facet
1670,-1.575870037,-1.569606993,Rh,21,edge
1671,-1.373064041,-1.360471769,Rh,21,facet
1672,-1.682633877,-1.688635936,Rh,21,corner
1673,-1.376746178,-1.301366974,Rh,21,facet
1674,-1.500031948,-1.549260399,Rh,21,edge
1675,-1.801846504,-1.78279818,Rh,21,corner
1676,-1.408682346,-1.34463126,Rh,21,facet
1677,-1.834398746,-1.779049781,Rh,21,corner
1678,-1.34907341,-1.401843457,Rh,21,facet
1679,-1.428575993,-1.397481255,Rh,21,facet
1680,-1.393000126,-1.378761734,Rh,21,facet
1681,-1.378445625,-1.359128408,Rh,21,facet
1682,-1.548303127,-1.51296608,Rh,21,facet
1683,-1.384066105,-1.433586387,Rh,21,facet
1684,-1.684873104,-1.706239093,Rh,21,edge
1685,-1.671940327,-1.603436246,Rh,21,edge
1686,-1.693005562,-1.755270554,Rh,21,corner
1687,-1.850347042,-1.957099931,Ru,21,edge
1688,-1.888143539,-1.922461474,Ru,21,facet
1689,-2.002846241,-1.930830745,Ru,21,facet
1690,-1.935514927,-2.02986097,Ru,21,corner
1691,-1.843160152,-1.951095869,Ru,21,edge
1692,-1.718135834,-1.755375144,Ru,21,facet
1693,-1.692481995,-1.762034527,Ru,21,facet
1694,-2.041725636,-2.084141235,Ru,21,corner
1695,-2.130707264,-2.011931576,Ru,21,edge
1696,-1.79967165,-1.917792453,Ru,21,facet
1697,-2.048040867,-2.014036698,Ru,21,edge
1698,-1.932334423,-1.977595871,Ru,21,edge
1699,-1.946502686,-1.899758198,Ru,21,facet
1700,-2.038172722,-2.097582514,Ru,21,corner
1701,-1.922780037,-2.028483514,Ru,21,corner
1702,-1.949919701,-2.001949165,Ru,21,edge
1703,-1.661610603,-1.699993105,Ru,21,facet
1704,-1.930469513,-1.915546916,Ru,21,facet
1705,-1.845280647,-1.990352455,Ru,21,corner
1706,-2.000917912,-1.988600347,Ru,21,edge
1707,-2.054296017,-2.008273151,Ru,21,edge
