,Ead_NNP,Ead_reg,ontop_element,site_info
0,-1.843065739,-1.801852924,Ir,facet
1,-1.895982742,-2.042806557,Ir,edge
2,-1.63086319,-1.699114217,Ir,facet
3,-2.144318581,-2.292765692,Ir,corner
4,-2.034860611,-2.12508292,Ir,edge
5,-1.92971611,-2.009699634,Ir,edge
6,-1.552405834,-1.672401189,Ir,facet
7,-1.78016901,-1.794129554,Ir,facet
8,-2.17589426,-2.171281108,Ir,edge
9,-1.964545727,-2.131761765,Ir,corner
10,-1.800865173,-1.888500884,Ir,edge
11,-1.791938782,-1.829989824,Ir,facet
12,-1.74203968,-1.806488005,Ir,facet
13,-1.956599712,-2.222898066,Ir,corner
14,-1.989235401,-2.053777895,Ir,edge
15,-1.84804821,-1.826352806,Ir,facet
16,-1.680762768,-1.757952868,Ir,facet
17,-1.680864811,-1.72353176,Ir,facet
18,-2.153528214,-2.300067665,Ir,corner
19,-1.69539547,-1.691724907,Ir,facet
20,-1.951489925,-1.983622084,Ir,edge
21,-2.104555607,-2.223282117,Ir,corner
22,-2.145943642,-2.33195274,Ir,corner
23,-2.007418156,-2.063954665,Ir,edge
24,-2.106668949,-2.166949504,Ir,edge
25,-1.984298706,-2.09141727,Ir,edge
26,-1.817000389,-1.871617921,Ir,facet
27,-1.318565369,-1.470701449,Pd,edge
28,-0.904501915,-1.22058653,Pd,facet
29,-0.950709343,-1.208346609,Pd,facet
30,-1.00910759,-1.234553761,Pd,facet
31,-1.231749535,-1.355823639,Pd,edge
32,-1.123755932,-1.34530806,Pd,edge
33,-0.906509876,-1.185290635,Pd,facet
34,-0.946194172,-1.218824918,Pd,facet
35,-1.177301884,-1.356329266,Pd,edge
36,-1.193910599,-1.410614025,Pd,edge
37,-0.847873688,-1.194072638,Pd,facet
38,-0.905434132,-1.193975009,Pd,facet
39,-1.203672886,-1.399983005,Pd,corner
40,-0.944129467,-1.196516335,Pd,facet
41,-1.138031483,-1.3668178,Pd,edge
42,-1.375358105,-1.54747092,Pd,corner
43,-1.087576389,-1.288311124,Pd,edge
44,-0.888949394,-1.185177834,Pd,facet
45,-0.943227291,-1.208582436,Pd,facet
46,-1.38481617,-1.482235538,Pd,edge
47,-0.844935417,-1.187377787,Pd,facet
48,-0.981042385,-1.199794496,Pd,facet
49,-1.199140072,-1.383258411,Pd,edge
50,-1.034073353,-1.244435081,Pd,facet
51,-0.901256561,-1.181359084,Pd,facet
52,-0.996822357,-1.236352313,Pd,facet
53,-1.382077217,-1.544064125,Pd,corner
54,-1.212615967,-1.084912068,Pt,facet
55,-1.676928997,-1.564503493,Pt,corner
56,-1.446575165,-1.236653863,Pt,edge
57,-1.609507084,-1.472868982,Pt,corner
58,-1.244532585,-1.050760043,Pt,facet
59,-1.476383686,-1.304363304,Pt,corner
60,-1.235270023,-1.045476485,Pt,facet
61,-1.175321102,-1.048341175,Pt,facet
62,-1.563416958,-1.393087303,Pt,corner
63,-1.50476265,-1.317100772,Pt,edge
64,-1.431612492,-1.220004805,Pt,edge
65,-1.690655231,-1.527006454,Pt,corner
66,-1.367058277,-1.132955739,Pt,edge
67,-1.535181522,-1.433639867,Pt,corner
68,-1.145103455,-1.044848452,Pt,facet
69,-1.213319302,-1.06452177,Pt,facet
70,-1.157410622,-0.984702355,Pt,facet
71,-1.150382519,-0.983839282,Pt,facet
72,-1.234031677,-1.003527693,Pt,facet
73,-1.320532799,-1.119660859,Pt,facet
74,-1.169800282,-0.956942783,Pt,facet
75,-1.530622005,-1.427688923,Pt,edge
76,-1.702310562,-1.630281397,Pt,corner
77,-1.673936844,-1.51590424,Rh,edge
78,-1.640994549,-1.562138983,Rh,corner
79,-1.280623913,-1.362365364,Rh,facet
80,-1.527178764,-1.438805965,Rh,facet
81,-1.755684853,-1.636871906,Rh,corner
82,-1.534436226,-1.435528744,Rh,facet
83,-1.548982143,-1.449781198,Rh,facet
84,-1.323689461,-1.374487319,Rh,facet
85,-1.336446762,-1.374402587,Rh,facet
86,-1.5096488,-1.485756832,Rh,edge
87,-1.931663036,-1.738427498,Rh,corner
88,-1.345759869,-1.3603299,Rh,facet
89,-1.391366482,-1.392350245,Rh,facet
90,-1.424437523,-1.446959596,Rh,edge
91,-1.485453606,-1.459558826,Rh,edge
92,-1.705426693,-1.525175999,Rh,edge
93,-1.469753265,-1.492654829,Rh,edge
94,-1.34877634,-1.382874331,Rh,facet
95,-1.663694859,-1.512057021,Rh,edge
96,-1.644659042,-1.55674451,Rh,corner
97,-1.582179546,-1.420296299,Rh,facet
98,-1.704806805,-1.46015868,Rh,facet
99,-1.459585667,-1.411911179,Rh,facet
100,-1.504307747,-1.435444012,Rh,facet
101,-1.775658607,-1.583242968,Rh,edge
102,-1.764523506,-1.657457195,Rh,corner
103,-2.163887024,-2.030672038,Ru,edge
104,-1.902433395,-1.728892177,Ru,facet
105,-2.003007412,-1.964355728,Ru,edge
106,-1.917142391,-1.759053192,Ru,facet
107,-1.907734871,-1.7342803,Ru,facet
108,-1.676677704,-1.64327264,Ru,facet
109,-2.02504158,-1.894648323,Ru,edge
110,-1.759988785,-1.69947093,Ru,facet
111,-1.946065903,-1.762157171,Ru,facet
112,-2.04948616,-1.94321045,Ru,edge
113,-1.873045444,-1.733160824,Ru,facet
114,-1.992183208,-1.794312514,Ru,facet
115,-1.787013531,-1.671681986,Ru,facet
116,-2.319913864,-2.07879281,Ru,facet
117,-1.806414127,-1.68135202,Ru,facet
118,-2.468474865,-2.4134975,Ru,corner
119,-2.221375465,-2.146409363,Ru,corner
120,-1.809776783,-1.675952599,Ru,facet
121,-2.206611156,-2.216466512,Ru,corner
122,-1.999560356,-2.090947057,Ir,edge
123,-1.826806068,-1.815253548,Ir,facet
124,-1.654477596,-1.769425002,Ir,facet
125,-1.642256737,-1.746888898,Ir,facet
126,-1.840849876,-1.895596128,Ir,facet
127,-1.588595867,-1.713260007,Ir,facet
128,-1.676608562,-1.703298788,Ir,facet
129,-1.852820873,-1.936338789,Ir,edge
130,-2.084152699,-2.222596942,Ir,corner
131,-2.158499718,-2.338337224,Ir,corner
132,-2.173073769,-2.360800105,Ir,corner
133,-1.816794872,-1.991253118,Ir,edge
134,-1.612170696,-1.694199185,Ir,facet
135,-1.931275368,-1.988319213,Ir,edge
136,-1.912519455,-2.000777353,Ir,edge
137,-2.08999157,-2.248131644,Ir,corner
138,-1.693091869,-1.738342141,Ir,facet
139,-1.976102352,-2.129769756,Ir,corner
140,-1.809051991,-1.863124683,Ir,facet
141,-1.877528191,-1.846832794,Ir,facet
142,-1.986886501,-2.008509546,Ir,edge
143,-2.224332333,-2.247411181,Ir,edge
144,-1.277953148,-1.434553938,Pd,edge
145,-0.968276978,-1.239399265,Pd,facet
146,-1.413598061,-1.530358778,Pd,corner
147,-1.489692211,-1.522653664,Pd,edge
148,-1.15294075,-1.277937371,Pd,facet
149,-1.299418926,-1.408038397,Pd,edge
150,-1.007834435,-1.219382328,Pd,facet
151,-1.219550133,-1.393533216,Pd,edge
152,-0.96789217,-1.218786658,Pd,facet
153,-0.873384953,-1.183583115,Pd,facet
154,-1.171143532,-1.357850103,Pd,edge
155,-1.144967556,-1.33935862,Pd,edge
156,-1.148124218,-1.393730124,Pd,edge
157,-0.949317932,-1.228295272,Pd,facet
158,-0.878818989,-1.165953803,Pd,facet
159,-0.994059563,-1.233095591,Pd,facet
160,-1.18484211,-1.362857224,Pd,edge
161,-1.27686882,-1.423069983,Pd,edge
162,-1.04121685,-1.224554362,Pd,facet
163,-1.323958397,-1.439477612,Pd,edge
164,-1.247287273,-1.437729853,Pd,corner
165,-1.274253368,-1.402090607,Pd,corner
166,-1.401863575,-1.53428868,Pd,corner
167,-1.454255104,-1.526615889,Pd,corner
168,-1.058274269,-0.918101809,Pt,facet
169,-1.449198723,-1.346277594,Pt,edge
170,-1.508785725,-1.227409118,Pt,facet
171,-1.65225935,-1.527077613,Pt,corner
172,-2.101928711,-2.027575778,Pt,corner
173,-1.424350262,-1.328112633,Pt,edge
174,-1.066225052,-0.990665158,Pt,facet
175,-1.174143314,-0.965743323,Pt,facet
176,-1.086941719,-0.98885222,Pt,facet
177,-1.107119083,-0.988268393,Pt,facet
178,-1.496086121,-1.332575706,Pt,edge
179,-1.049185753,-0.904530918,Pt,facet
180,-1.353013515,-1.264265726,Pt,edge
181,-1.226565361,-1.130434445,Pt,facet
182,-1.440363407,-1.198927175,Pt,facet
183,-1.244102001,-1.071600477,Pt,facet
184,-1.08825016,-0.989495886,Pt,facet
185,-1.321482182,-1.121273258,Pt,facet
186,-1.402630806,-1.201590248,Pt,edge
187,-1.421103001,-1.287777858,Pt,facet
188,-1.494759083,-1.412197817,Pt,edge
189,-1.261620045,-0.999959499,Pt,facet
190,-1.075353146,-0.895109892,Pt,facet
191,-1.249961376,-1.022953571,Pt,facet
192,-1.131046295,-0.9489913,Pt,facet
193,-1.607647896,-1.44249755,Pt,corner
194,-1.47280407,-1.223357366,Pt,edge
195,-1.656821251,-1.403127735,Pt,edge
196,-1.651339531,-1.54505021,Rh,edge
197,-1.484326363,-1.424552671,Rh,facet
198,-1.628087997,-1.442985595,Rh,facet
199,-1.378602028,-1.390250023,Rh,facet
200,-1.743040562,-1.613768411,Rh,corner
201,-1.403169155,-1.425302224,Rh,facet
202,-1.57474041,-1.496537791,Rh,edge
203,-1.434514046,-1.414270854,Rh,facet
204,-1.545725822,-1.45008186,Rh,facet
205,-1.504253864,-1.498217085,Rh,edge
206,-1.360577583,-1.392210847,Rh,facet
207,-1.519977093,-1.418065299,Rh,facet
208,-1.475605488,-1.39326674,Rh,facet
209,-1.739008904,-1.631523057,Rh,corner
210,-1.563652039,-1.498970844,Rh,edge
211,-1.579545498,-1.515362627,Rh,edge
212,-1.677693367,-1.581429321,Rh,corner
213,-1.354134083,-1.378500427,Rh,facet
214,-1.701088905,-1.592679986,Rh,corner
215,-1.465533733,-1.400045734,Rh,facet
216,-1.646284103,-1.550525842,Rh,corner
217,-1.305495262,-1.382446885,Rh,facet
218,-1.324219704,-1.383148501,Rh,facet
219,-1.450275898,-1.408319419,Rh,facet
220,-1.459285259,-1.405444202,Rh,facet
221,-1.712708473,-1.612006066,Rh,corner
222,-1.359292984,-1.380187712,Rh,facet
223,-1.933844566,-1.748767667,Ru,facet
224,-2.180657864,-2.221419175,Ru,corner
225,-1.853783131,-1.882442153,Ru,edge
226,-1.975399494,-1.967367605,Ru,edge
227,-2.082026482,-2.02879904,Ru,edge
228,-2.188856602,-2.229459361,Ru,corner
229,-1.938034534,-2.020951164,Ru,corner
230,-1.791895866,-1.708576068,Ru,facet
231,-2.361335278,-2.267664492,Ru,corner
232,-2.069745541,-1.962504098,Ru,edge
233,-1.892846107,-1.895485351,Ru,edge
234,-1.793395042,-1.688164663,Ru,facet
235,-1.889984131,-1.943399813,Ru,corner
236,-1.965144157,-1.886627785,Ru,edge
237,-1.768169403,-1.679391095,Ru,facet
238,-2.007016182,-1.806805062,Ru,facet
239,-2.004016399,-1.814937105,Ru,facet
240,-1.882809162,-1.698744425,Ru,facet
241,-1.900247574,-1.707966472,Ru,facet
242,-2.041248322,-1.779238638,Ru,facet
243,-1.988837719,-1.815270639,Ru,facet
244,-1.479137421,-1.643228586,Ir,facet
245,-2.089412689,-2.116342078,Ir,edge
246,-1.661586761,-1.720219392,Ir,facet
247,-1.580998421,-1.644294284,Ir,facet
248,-1.956214428,-2.049584209,Ir,edge
249,-1.981806278,-2.104665568,Ir,edge
250,-2.303081512,-2.46040406,Ir,corner
251,-2.305058002,-2.434754671,Ir,corner
252,-1.964412212,-2.117678612,Ir,edge
253,-2.127016068,-2.321647463,Ir,corner
254,-1.657428265,-1.745640291,Ir,facet
255,-1.93862009,-1.940824778,Ir,facet
256,-1.685683727,-1.714158675,Ir,facet
257,-1.692117214,-1.72722171,Ir,facet
258,-2.131688118,-2.28900693,Ir,corner
259,-1.740394592,-1.80581518,Ir,facet
260,-2.029961586,-2.131960848,Ir,corner
261,-1.734605789,-1.764099452,Ir,facet
262,-1.72579813,-1.756254338,Ir,facet
263,-1.662640095,-1.739026728,Ir,facet
264,-2.349707603,-2.503129026,Ir,corner
265,-1.798652172,-1.837080363,Ir,facet
266,-0.98638916,-1.192892513,Pd,facet
267,-1.339790821,-1.523308042,Pd,corner
268,-1.082206726,-1.248765724,Pd,facet
269,-1.274811745,-1.450404157,Pd,edge
270,-0.937809944,-1.227951262,Pd,facet
271,-0.938302994,-1.179693452,Pd,facet
272,-1.144073486,-1.301035233,Pd,edge
273,-0.916139126,-1.221458925,Pd,facet
274,-0.941653252,-1.214234371,Pd,facet
275,-1.179563522,-1.285906348,Pd,facet
276,-1.128215313,-1.271157094,Pd,facet
277,-0.999698639,-1.228852682,Pd,facet
278,-0.975167751,-1.216494683,Pd,facet
279,-1.000920773,-1.246849753,Pd,facet
280,-1.229819298,-1.365535098,Pd,edge
281,-1.141328812,-1.381766929,Pd,edge
282,-1.27870369,-1.419456056,Pd,corner
283,-1.181140423,-1.395434675,Pd,edge
284,-1.151857853,-1.320080827,Pd,edge
285,-0.90785408,-1.218279053,Pd,facet
286,-0.898081303,-1.209424487,Pd,facet
287,-0.965507984,-1.23750935,Pd,facet
288,-0.942253113,-1.198167784,Pd,facet
289,-1.437988758,-1.54077409,Pd,corner
290,-1.392777443,-1.228220439,Pt,edge
291,-1.769434452,-1.597108887,Pt,edge
292,-1.275404453,-1.016285646,Pt,facet
293,-1.72454977,-1.621357407,Pt,corner
294,-1.222140789,-1.010410174,Pt,facet
295,-1.364050388,-1.203397795,Pt,facet
296,-1.144271374,-1.003370281,Pt,facet
297,-1.071310997,-0.921574046,Pt,facet
298,-1.222784519,-0.959353026,Pt,facet
299,-1.287414551,-1.146349272,Pt,facet
300,-1.257989407,-1.081017728,Pt,facet
301,-1.384724617,-1.204223671,Pt,facet
302,-1.49867487,-1.385339054,Pt,corner
303,-1.522106171,-1.277812358,Pt,facet
304,-1.640088558,-1.561502953,Pt,corner
305,-1.474686146,-1.339913173,Pt,edge
306,-1.079917908,-0.931311513,Pt,facet
307,-1.193090439,-1.03911422,Pt,facet
308,-1.121669292,-1.034888883,Pt,facet
309,-1.305251122,-1.189354128,Pt,facet
310,-1.588373184,-1.509397288,Pt,edge
311,-1.166767597,-1.035950877,Pt,facet
312,-1.656995296,-1.539789744,Pt,edge
313,-1.787875652,-1.609654171,Rh,edge
314,-1.577649593,-1.52042469,Rh,edge
315,-1.634064198,-1.575278565,Rh,corner
316,-1.563153744,-1.481946618,Rh,edge
317,-1.754580021,-1.659675159,Rh,corner
318,-1.413575649,-1.388544867,Rh,facet
319,-1.64448452,-1.542971224,Rh,edge
320,-1.347008228,-1.353984239,Rh,facet
321,-1.628684998,-1.50286579,Rh,edge
322,-1.520409584,-1.41861343,Rh,facet
323,-1.595115185,-1.475961543,Rh,edge
324,-1.312329769,-1.371570682,Rh,facet
325,-1.325404167,-1.360154338,Rh,facet
326,-1.582030296,-1.524771681,Rh,edge
327,-1.583348751,-1.493015834,Rh,edge
328,-1.413577557,-1.399670431,Rh,facet
329,-1.777441502,-1.674877328,Rh,corner
330,-1.319794655,-1.375498428,Rh,facet
331,-1.708965778,-1.614989774,Rh,corner
332,-1.470939159,-1.464326955,Rh,edge
333,-1.309010983,-1.361686455,Rh,facet
334,-1.627957821,-1.453261314,Rh,facet
335,-1.524216652,-1.491831897,Rh,edge
336,-1.395258904,-1.423308391,Rh,facet
337,-1.64881134,-1.585440117,Rh,corner
338,-1.466804981,-1.420349703,Rh,facet
339,-1.637691021,-1.568241381,Rh,corner
340,-2.081401825,-1.966367739,Ru,edge
341,-1.727634907,-1.656826209,Ru,facet
342,-1.82408905,-1.734111814,Ru,facet
343,-1.95150423,-1.906929158,Ru,edge
344,-1.992866993,-2.041830204,Ru,corner
345,-1.808959484,-1.684447649,Ru,facet
346,-1.693123817,-1.60791704,Ru,facet
347,-2.191337585,-2.223658127,Ru,corner
348,-2.027426243,-1.922630068,Ru,edge
349,-1.893697262,-1.871635451,Ru,edge
350,-1.909566879,-1.962658584,Ru,corner
351,-2.047994614,-1.964112823,Ru,edge
352,-1.874661922,-1.714503544,Ru,facet
353,-1.791381359,-1.872830082,Ru,edge
354,-1.85551548,-1.785371932,Ru,facet
355,-2.018558502,-1.95089991,Ru,edge
356,-1.636226654,-1.642043623,Ru,facet
357,-1.761096954,-1.703061211,Ru,facet
358,-2.065360069,-2.124978445,Ru,corner
359,-2.071248055,-1.811444575,Ru,facet
360,-2.018446922,-2.01995793,Ru,edge
361,-1.848472118,-1.849358908,Ru,edge
362,-1.929808617,-1.948557557,Ru,corner
363,-1.976527214,-1.92606095,Ru,edge
364,-2.100845814,-2.025579134,Ru,edge
365,-2.039153099,-2.10742615,Ru,corner
366,-1.742171764,-1.779952593,Ir,facet
367,-2.08793211,-2.276067991,Ir,corner
368,-2.005774498,-2.03459827,Ir,edge
369,-1.788149834,-1.857575643,Ir,facet
370,-1.513204098,-1.604891685,Ir,facet
371,-1.800618649,-1.781181792,Ir,facet
372,-1.572554111,-1.64744668,Ir,facet
373,-1.605121613,-1.708985452,Ir,facet
374,-1.668437004,-1.739378432,Ir,facet
375,-1.814618111,-1.94558866,Ir,edge
376,-1.768571854,-1.854525582,Ir,edge
377,-1.659439564,-1.762826143,Ir,facet
378,-2.492074966,-2.627352253,Ir,corner
379,-1.990953445,-2.100640087,Ir,edge
380,-1.980522156,-2.163264847,Ir,corner
381,-1.503245831,-1.614135381,Ir,facet
382,-1.616810799,-1.656377489,Ir,facet
383,-1.866415501,-1.883160631,Ir,facet
384,-1.939018726,-2.039124841,Ir,edge
385,-2.231345654,-2.385584055,Ir,corner
386,-1.840958118,-1.976245713,Ir,facet
387,-2.053639889,-2.202371615,Ir,corner
388,-0.853879929,-1.203823676,Pd,facet
389,-1.351029873,-1.502189809,Pd,corner
390,-0.928688049,-1.189948797,Pd,facet
391,-0.885682106,-1.189469887,Pd,facet
392,-1.093977928,-1.324413119,Pd,edge
393,-0.826001644,-1.164812597,Pd,facet
394,-0.982187748,-1.190280275,Pd,facet
395,-1.054868221,-1.244754355,Pd,facet
396,-1.246171951,-1.392450061,Pd,edge
397,-1.119240284,-1.284369679,Pd,edge
398,-0.877498627,-1.182393755,Pd,facet
399,-0.850744247,-1.166589052,Pd,facet
400,-1.058431625,-1.25934496,Pd,facet
401,-1.146867275,-1.293411586,Pd,facet
402,-1.008020401,-1.216841002,Pd,facet
403,-1.198241234,-1.356234275,Pd,edge
404,-0.934479237,-1.248835318,Pd,facet
405,-1.127876759,-1.324662469,Pd,edge
406,-0.983724117,-1.222526909,Pd,facet
407,-1.176478863,-1.311391176,Pd,facet
408,-1.003210545,-1.233438612,Pd,facet
409,-1.125258446,-1.364159715,Pd,edge
410,-0.975706577,-1.242082087,Pd,facet
411,-1.240727425,-1.470721239,Pd,corner
412,-1.617237091,-1.489955776,Pt,corner
413,-1.375413895,-1.198652242,Pt,edge
414,-1.416604519,-1.186776769,Pt,edge
415,-1.694344997,-1.540326671,Pt,corner
416,-1.51026535,-1.288976241,Pt,edge
417,-1.164148331,-0.969861922,Pt,facet
418,-1.388885975,-1.275629608,Pt,edge
419,-1.172569752,-1.095530937,Pt,facet
420,-1.087835789,-0.929415017,Pt,facet
421,-1.151959419,-0.96741556,Pt,facet
422,-1.863266945,-1.63382695,Pt,corner
423,-1.007247448,-0.850576734,Pt,facet
424,-1.388008595,-1.257180011,Pt,edge
425,-1.514077187,-1.414891618,Pt,edge
426,-1.451683044,-1.248778393,Pt,edge
427,-1.384930134,-1.203634992,Pt,edge
428,-1.060052395,-0.925415017,Pt,facet
429,-1.672347546,-1.50216009,Pt,corner
430,-1.545289516,-1.434277064,Pt,corner
431,-1.220469475,-1.060781069,Pt,facet
432,-1.385334015,-1.070036056,Pt,facet
433,-1.148134708,-0.980500737,Pt,facet
434,-1.232931614,-1.056181607,Pt,facet
435,-1.432937145,-1.30575414,Pt,edge
436,-0.992704391,-0.955797769,Pt,facet
437,-1.364744186,-1.200170841,Pt,edge
438,-1.379306316,-1.19500642,Pt,edge
439,-1.737116814,-1.565087158,Rh,edge
440,-1.528259754,-1.456124546,Rh,facet
441,-1.688398838,-1.541430276,Rh,edge
442,-1.377357483,-1.399469429,Rh,facet
443,-1.365367889,-1.389979637,Rh,facet
444,-1.318082809,-1.394374987,Rh,facet
445,-1.209023952,-1.341824228,Rh,facet
446,-1.720656395,-1.557649441,Rh,edge
447,-1.621008873,-1.56911982,Rh,corner
448,-1.528220177,-1.489301706,Rh,edge
449,-1.665533543,-1.564631749,Rh,corner
450,-1.309325695,-1.381138057,Rh,facet
451,-1.592947483,-1.490146925,Rh,edge
452,-1.436224937,-1.398339316,Rh,facet
453,-1.400178432,-1.393128604,Rh,facet
454,-1.526256084,-1.429650267,Rh,facet
455,-1.416304111,-1.390420959,Rh,facet
456,-1.574298859,-1.459579431,Rh,facet
457,-1.473782539,-1.449289835,Rh,edge
458,-1.52852726,-1.478664772,Rh,edge
459,-2.074234486,-1.966213744,Ru,edge
460,-2.116153717,-1.868241655,Ru,facet
461,-1.830763817,-1.702760097,Ru,facet
462,-2.146725178,-2.049057677,Ru,edge
463,-1.834943295,-1.708317689,Ru,facet
464,-2.049560547,-2.106489405,Ru,corner
465,-2.029881477,-1.981610102,Ru,edge
466,-2.048675537,-2.02110123,Ru,corner
467,-1.95733881,-1.882233387,Ru,edge
468,-1.744082928,-1.676567107,Ru,facet
469,-1.801152706,-1.689906507,Ru,facet
470,-1.833882809,-1.862164359,Ru,edge
471,-2.007811546,-2.013058587,Ru,corner
472,-1.982339859,-1.809743502,Ru,facet
473,-2.330180645,-2.304005958,Ru,corner
474,-1.945003986,-2.013840109,Ru,corner
475,-2.087740421,-1.894114865,Ru,facet
476,-2.062108994,-1.957440912,Ru,edge
477,-2.254411697,-2.096309983,Ru,edge
478,-2.038598061,-2.009066739,Ru,corner
479,-1.7955513,-1.653440273,Ru,facet
480,-1.797562599,-1.722445488,Ru,facet
481,-2.178441525,-2.160539127,Ru,corner
482,-1.774246693,-1.721135912,Ru,facet
483,-2.308430195,-2.217554059,Ru,corner
484,-1.814733028,-1.685565652,Ru,facet
485,-1.879236221,-1.723284972,Ru,facet
486,-2.206296921,-2.189202676,Ru,corner
487,-2.240123272,-2.20315855,Ru,corner
488,-1.738435745,-1.815721115,Ir,facet
489,-2.169396877,-2.335530651,Ir,corner
490,-1.728363991,-1.793983697,Ir,facet
491,-1.996666431,-1.972949812,Ir,facet
492,-1.63770771,-1.744375215,Ir,facet
493,-1.637806892,-1.69267239,Ir,facet
494,-2.132702351,-2.305658169,Ir,corner
495,-1.869282722,-1.901075768,Ir,facet
496,-1.953500271,-1.941868421,Ir,facet
497,-1.87065506,-1.937086013,Ir,edge
498,-1.867427349,-1.949149809,Ir,facet
499,-1.927948475,-2.13487505,Ir,corner
500,-2.085862637,-2.192985297,Ir,corner
501,-1.750507832,-1.739406074,Ir,facet
502,-1.734194756,-1.785366951,Ir,facet
503,-1.619942665,-1.685597731,Ir,facet
504,-2.046438694,-2.193971009,Ir,corner
505,-1.594165325,-1.678518367,Ir,facet
506,-1.616740227,-1.683629836,Ir,facet
507,-1.529891014,-1.658280101,Ir,facet
508,-2.020712376,-2.131622083,Ir,corner
509,-1.836948872,-1.929231194,Ir,edge
510,-1.912343025,-2.029852326,Ir,edge
511,-2.133852959,-2.253816544,Ir,corner
512,-2.030522823,-2.072878122,Ir,edge
513,-1.082676411,-1.265503181,Pd,facet
514,-0.893513203,-1.227490492,Pd,facet
515,-1.332913399,-1.49351401,Pd,corner
516,-1.032217026,-1.216593301,Pd,facet
517,-1.208352089,-1.378408619,Pd,edge
518,-1.134093761,-1.356253405,Pd,edge
519,-1.074726105,-1.295792615,Pd,facet
520,-1.044219017,-1.264293372,Pd,facet
521,-1.330830097,-1.498967718,Pd,corner
522,-0.867804527,-1.174391135,Pd,facet
523,-1.012414455,-1.264314481,Pd,facet
524,-1.056208611,-1.263378099,Pd,facet
525,-1.079580307,-1.304200593,Pd,edge
526,-0.926165581,-1.203288365,Pd,facet
527,-1.445839405,-1.572771374,Pd,corner
528,-1.302838326,-1.446763185,Pd,edge
529,-1.228132248,-1.437759867,Pd,edge
530,-1.374005795,-1.511611348,Pd,corner
531,-0.9343853,-1.187896937,Pd,facet
532,-0.857837677,-1.163280546,Pd,facet
533,-1.241295815,-1.402971248,Pd,edge
534,-1.233154297,-1.420066898,Pd,corner
535,-1.275806427,-1.125681345,Pt,facet
536,-1.720042706,-1.69957197,Pt,corner
537,-1.319283485,-1.092820964,Pt,facet
538,-1.074808598,-0.990946021,Pt,facet
539,-1.617894173,-1.429451188,Pt,corner
540,-1.119432926,-1.003667855,Pt,facet
541,-1.805227757,-1.842779533,Pt,corner
542,-1.259759426,-1.060912066,Pt,facet
543,-1.555847168,-1.314991877,Pt,edge
544,-1.367502213,-1.256128798,Pt,edge
545,-1.63116169,-1.490102946,Pt,corner
546,-1.246502876,-1.054208022,Pt,facet
547,-1.409791946,-1.247737422,Pt,edge
548,-1.147463799,-1.099077569,Pt,facet
549,-1.734762192,-1.70843774,Pt,corner
550,-1.352201939,-1.1147304,Pt,facet
551,-1.441661358,-1.17488728,Pt,edge
552,-1.08356142,-0.919665151,Pt,facet
553,-1.085417747,-0.958558956,Pt,facet
554,-1.279470444,-0.974851141,Pt,facet
555,-1.192732811,-1.036529314,Pt,facet
556,-1.271410942,-1.151741186,Pt,edge
557,-1.194073677,-1.018967587,Pt,facet
558,-1.445807457,-1.21275413,Pt,edge
559,-1.11577034,-0.96725114,Pt,facet
560,-1.078597546,-0.921565421,Pt,facet
561,-1.696609974,-1.555483546,Pt,corner
562,-1.537810326,-1.480301385,Rh,edge
563,-1.787519455,-1.603212634,Rh,edge
564,-1.416173458,-1.408238892,Rh,facet
565,-1.866259575,-1.650580434,Rh,edge
566,-1.727415562,-1.636613715,Rh,corner
567,-1.30793047,-1.372550884,Rh,facet
568,-1.854131699,-1.638691019,Rh,edge
569,-1.421653271,-1.389404384,Rh,facet
570,-1.259248734,-1.360731063,Rh,facet
571,-1.447637558,-1.412317599,Rh,facet
572,-1.583464622,-1.517470839,Rh,edge
573,-1.803831577,-1.605302764,Rh,edge
574,-1.525971413,-1.402474162,Rh,facet
575,-1.528073788,-1.456341317,Rh,edge
576,-1.503624916,-1.467760395,Rh,edge
577,-1.741220474,-1.609200444,Rh,corner
578,-1.823641777,-1.602663663,Rh,facet
579,-1.425479889,-1.448320146,Rh,edge
580,-1.396559715,-1.402956483,Rh,facet
581,-1.449995041,-1.409777317,Rh,facet
582,-1.443805218,-1.386154075,Rh,facet
583,-1.49550581,-1.439656651,Rh,edge
584,-1.467675209,-1.46799672,Rh,corner
585,-1.507234097,-1.413918259,Rh,facet
586,-2.131622791,-2.011237167,Ru,edge
587,-1.986559868,-1.907416442,Ru,edge
588,-1.710317135,-1.7739016,Ru,facet
589,-1.9648633,-1.913331392,Ru,edge
590,-1.957557678,-1.957258426,Ru,edge
591,-2.005524158,-1.954049818,Ru,edge
592,-2.018590927,-1.821914305,Ru,facet
593,-1.929627895,-1.76879003,Ru,facet
594,-2.068589211,-1.947804281,Ru,edge
595,-2.004040718,-1.831226244,Ru,facet
596,-1.949056625,-1.755688378,Ru,facet
597,-1.910139561,-1.921577151,Ru,edge
598,-1.787390232,-1.707699743,Ru,facet
599,-1.854100227,-1.900065428,Ru,corner
600,-2.235174656,-2.20901701,Ru,corner
601,-1.912250519,-1.732352286,Ru,facet
602,-2.499073505,-2.325442526,Ru,edge
603,-1.864803791,-1.824416056,Ru,edge
604,-1.845643997,-1.814869317,Ru,edge
605,-1.664204121,-1.61050721,Ru,facet
606,-1.722678661,-1.6407311,Ru,facet
607,-1.662724495,-1.617777665,Ru,facet
608,-2.390868187,-2.314748066,Ru,corner
609,-1.877081871,-1.72113493,Ru,facet
610,-1.819899559,-1.849584083,Ir,edge
611,-1.557879925,-1.644690098,Ir,facet
612,-1.952723503,-1.987469948,Ir,edge
613,-2.042919636,-2.129573026,Ir,corner
614,-2.155356884,-2.417133894,Ir,corner
615,-1.849174976,-1.87216018,Ir,facet
616,-2.040150166,-2.086349323,Ir,edge
617,-1.682713509,-1.767355948,Ir,facet
618,-1.588160515,-1.712407801,Ir,facet
619,-1.815354347,-1.969338083,Ir,edge
620,-1.493949413,-1.587713479,Ir,facet
621,-1.858319283,-1.881026294,Ir,edge
622,-1.857758999,-1.773813066,Ir,facet
623,-1.955455303,-2.100842111,Ir,edge
624,-1.789011955,-1.864571492,Ir,facet
625,-1.907227516,-1.985970208,Ir,edge
626,-1.790333271,-1.948005301,Ir,edge
627,-1.749069214,-1.798300009,Ir,facet
628,-2.193224907,-2.306634764,Ir,corner
629,-2.130172729,-2.240674698,Ir,corner
630,-2.198225021,-2.381157762,Ir,corner
631,-1.493052006,-1.660522655,Ir,facet
632,-1.757530689,-1.76262206,Ir,facet
633,-1.809680462,-1.780068455,Ir,facet
634,-1.682992935,-1.754541693,Ir,facet
635,-1.663043499,-1.692447723,Ir,facet
636,-1.025903225,-1.202529431,Pd,facet
637,-1.376908779,-1.478361377,Pd,corner
638,-1.188866615,-1.314746187,Pd,edge
639,-0.860966682,-1.167334793,Pd,facet
640,-1.123829365,-1.30574254,Pd,edge
641,-0.95647192,-1.204254432,Pd,facet
642,-0.998857975,-1.201604263,Pd,facet
643,-1.165410519,-1.35885443,Pd,edge
644,-0.903726101,-1.183835433,Pd,facet
645,-0.994513035,-1.228774513,Pd,facet
646,-0.94396019,-1.193524464,Pd,facet
647,-1.24509716,-1.344505258,Pd,edge
648,-1.430413246,-1.544732687,Pd,corner
649,-0.946761608,-1.188444451,Pd,facet
650,-1.11720562,-1.336590703,Pd,edge
651,-1.189229488,-1.427065191,Pd,edge
652,-1.330653191,-1.442234975,Pd,edge
653,-1.316243649,-1.489865452,Pd,corner
654,-0.930761337,-1.199875304,Pd,facet
655,-0.861138344,-1.167832174,Pd,facet
656,-1.146471024,-1.333407532,Pd,edge
657,-0.918809891,-1.225243703,Pd,facet
658,-1.237116337,-1.408542374,Pd,edge
659,-1.121760845,-1.335494684,Pd,edge
660,-1.365623951,-1.470741688,Pd,corner
661,-1.147441387,-1.360213981,Pd,edge
662,-1.206796646,-0.976264079,Pt,facet
663,-1.242353916,-0.923663534,Pt,facet
664,-1.392510891,-1.269388098,Pt,edge
665,-1.321175098,-1.13717299,Pt,facet
666,-1.630273819,-1.516900253,Pt,corner
667,-1.449270248,-1.397902937,Pt,edge
668,-1.249958038,-1.033918532,Pt,facet
669,-1.045663357,-0.87008617,Pt,facet
670,-1.422281742,-1.200428523,Pt,facet
671,-1.331720352,-1.201749816,Pt,facet
672,-1.112063408,-0.977484564,Pt,facet
673,-1.68253231,-1.494554159,Pt,corner
674,-1.541123867,-1.382857113,Pt,edge
675,-1.49349308,-1.168114233,Pt,facet
676,-1.546759605,-1.45326898,Pt,corner
677,-1.313844681,-1.033196699,Pt,facet
678,-1.347873211,-1.105996707,Pt,edge
679,-1.680981159,-1.502870602,Pt,corner
680,-1.203992367,-0.96036812,Pt,facet
681,-1.388908863,-1.173255474,Pt,edge
682,-1.245528221,-1.120361668,Pt,facet
683,-1.715717793,-1.680140702,Pt,corner
684,-1.379036427,-1.279473814,Pt,edge
685,-1.573946953,-1.269474352,Pt,facet
686,-1.47698164,-1.450391143,Rh,edge
687,-1.393861771,-1.393187685,Rh,facet
688,-1.408105373,-1.383814374,Rh,facet
689,-1.367939472,-1.377312075,Rh,facet
690,-1.581003189,-1.483653877,Rh,edge
691,-1.806535721,-1.648581764,Rh,corner
692,-1.39439249,-1.392532746,Rh,facet
693,-1.730026722,-1.576427601,Rh,edge
694,-1.68102932,-1.598322138,Rh,corner
695,-1.620900631,-1.5004607,Rh,edge
696,-1.632473469,-1.541783081,Rh,corner
697,-1.607998371,-1.428173026,Rh,facet
698,-1.494744301,-1.419944545,Rh,facet
699,-1.271663189,-1.356991915,Rh,facet
700,-1.49632597,-1.423225551,Rh,facet
701,-1.562016964,-1.465029622,Rh,facet
702,-1.430050373,-1.386159121,Rh,facet
703,-1.540505886,-1.449023234,Rh,facet
704,-1.500959396,-1.408815827,Rh,facet
705,-1.634104729,-1.521344339,Rh,corner
706,-1.493942738,-1.4357493,Rh,facet
707,-1.52067709,-1.433634781,Rh,facet
708,-1.402008057,-1.399363671,Rh,facet
709,-1.628102779,-1.551177628,Rh,edge
710,-2.075398922,-1.944451747,Ru,edge
711,-1.905032158,-1.922163661,Ru,corner
712,-1.590719223,-1.591239842,Ru,facet
713,-2.044885635,-1.948720149,Ru,edge
714,-2.034604549,-1.798342922,Ru,facet
715,-1.883048058,-1.717889972,Ru,facet
716,-1.959001541,-1.972654538,Ru,corner
717,-1.792209148,-1.704583483,Ru,facet
718,-1.751600266,-1.688481988,Ru,facet
719,-2.055150986,-1.915853529,Ru,edge
720,-1.849108219,-1.714049663,Ru,facet
721,-2.081192493,-1.974153723,Ru,edge
722,-2.091365814,-2.009939871,Ru,edge
723,-1.943857193,-1.950363013,Ru,edge
724,-1.824539661,-1.685409937,Ru,facet
725,-2.125817299,-2.060511554,Ru,corner
726,-1.988419056,-1.780302116,Ru,facet
727,-1.735722065,-1.669648853,Ru,facet
728,-1.705162048,-1.652103681,Ru,facet
729,-2.027713299,-2.126308652,Ru,corner
730,-2.209421158,-2.131564147,Ru,corner
731,-2.264112949,-2.288704405,Ru,corner
732,-1.920909882,-1.909958056,Ir,facet
733,-1.920902252,-2.031731119,Ir,edge
734,-1.700612068,-1.825515304,Ir,facet
735,-1.79011488,-1.762200957,Ir,facet
736,-2.200373173,-2.355259298,Ir,corner
737,-2.268755436,-2.298704665,Ir,edge
738,-1.676362991,-1.760823548,Ir,facet
739,-1.494938374,-1.614374751,Ir,facet
740,-1.823330402,-1.770334844,Ir,facet
741,-1.626128197,-1.682834091,Ir,facet
742,-2.144359589,-2.221355098,Ir,corner
743,-1.763768673,-1.748468625,Ir,facet
744,-1.862634182,-1.925078089,Ir,edge
745,-2.017905235,-2.1799055,Ir,corner
746,-1.844765186,-1.932414762,Ir,edge
747,-1.851258755,-1.858473723,Ir,facet
748,-1.798110962,-1.894512197,Ir,edge
749,-1.531976223,-1.658630629,Ir,facet
750,-1.911102772,-2.079186443,Ir,corner
751,-1.884260654,-1.869597682,Ir,facet
752,-1.851325512,-1.901864162,Ir,facet
753,-2.293861866,-2.492108578,Ir,corner
754,-1.928833008,-2.028744871,Ir,edge
755,-2.046904564,-2.028620481,Ir,facet
756,-1.250123501,-1.423950624,Pd,edge
757,-1.225318432,-1.37558529,Pd,edge
758,-1.379789352,-1.465256317,Pd,corner
759,-0.855037212,-1.173520059,Pd,facet
760,-0.909777164,-1.217637867,Pd,facet
761,-0.925432205,-1.211034708,Pd,facet
762,-0.96216774,-1.226024076,Pd,facet
763,-0.867786884,-1.203903824,Pd,facet
764,-1.181132793,-1.315721489,Pd,edge
765,-1.253634453,-1.468753155,Pd,corner
766,-1.155016422,-1.360543809,Pd,edge
767,-1.360975742,-1.50874943,Pd,corner
768,-1.106838226,-1.324213573,Pd,edge
769,-1.230783939,-1.398749778,Pd,edge
770,-1.312229633,-1.487574136,Pd,corner
771,-1.22834444,-1.412691942,Pd,edge
772,-1.375349998,-1.51389244,Pd,corner
773,-1.172775269,-1.34964299,Pd,edge
774,-0.877242565,-1.205512396,Pd,facet
775,-1.254895687,-1.389037659,Pd,edge
776,-1.524812222,-1.598558655,Pd,corner
777,-1.332487106,-1.470410541,Pd,corner
778,-1.522275925,-1.314305623,Pt,edge
779,-1.252283096,-1.023405863,Pt,facet
780,-1.582791328,-1.456100247,Pt,edge
781,-1.367320061,-1.150899137,Pt,edge
782,-1.748779297,-1.615999994,Pt,corner
783,-1.140766621,-0.960737932,Pt,facet
784,-1.036807537,-0.910793452,Pt,facet
785,-1.358465195,-1.200005881,Pt,edge
786,-1.569309711,-1.436583264,Pt,corner
787,-1.633268833,-1.391875982,Pt,edge
788,-1.487094879,-1.318824761,Pt,edge
789,-1.3187747,-1.118924471,Pt,facet
790,-1.664045334,-1.475166556,Pt,corner
791,-1.165621758,-1.012827425,Pt,facet
792,-1.258201122,-1.048227968,Pt,facet
793,-1.476877689,-1.355482986,Pt,edge
794,-1.235650539,-1.003485645,Pt,facet
795,-1.08156538,-0.921357874,Pt,facet
796,-1.1865201,-1.047000474,Pt,facet
797,-1.156290531,-0.99788834,Pt,facet
798,-1.130927086,-1.022434434,Pt,facet
799,-1.341996193,-1.265499688,Pt,edge
800,-1.093933105,-1.026481874,Pt,facet
801,-1.489139557,-1.318685678,Pt,edge
802,-1.416219234,-1.38410936,Rh,facet
803,-1.625080109,-1.52127033,Rh,edge
804,-1.86709547,-1.682332917,Rh,corner
805,-1.573551178,-1.436184104,Rh,facet
806,-1.534751892,-1.491807507,Rh,edge
807,-1.651903152,-1.553230753,Rh,corner
808,-1.494278431,-1.444173527,Rh,facet
809,-1.730943203,-1.649552294,Rh,corner
810,-1.571443081,-1.532795795,Rh,edge
811,-1.555964947,-1.483827967,Rh,edge
812,-1.41923666,-1.383337309,Rh,facet
813,-1.435402393,-1.385031742,Rh,facet
814,-1.283756256,-1.349793256,Rh,facet
815,-1.597518921,-1.475898887,Rh,edge
816,-1.56825161,-1.4396638,Rh,facet
817,-1.553255558,-1.426805116,Rh,facet
818,-1.270160198,-1.350009186,Rh,facet
819,-1.623169422,-1.457319206,Rh,facet
820,-1.756333351,-1.600407853,Rh,corner
821,-1.359313965,-1.385099864,Rh,facet
822,-1.429414272,-1.399252657,Rh,facet
823,-1.543831348,-1.476953939,Rh,edge
824,-1.476243496,-1.419179853,Rh,facet
825,-1.575354576,-1.422947385,Rh,facet
826,-1.552554131,-1.530075325,Rh,corner
827,-1.601598263,-1.610310233,Ru,facet
828,-1.911879063,-1.769272402,Ru,facet
829,-1.993932724,-1.805097603,Ru,facet
830,-1.997065067,-1.938891944,Ru,edge
831,-1.870174885,-1.771154242,Ru,facet
832,-2.026860237,-1.822728246,Ru,facet
833,-2.268951416,-2.09296801,Ru,edge
834,-1.904864311,-1.736181789,Ru,facet
835,-1.851397514,-1.703017002,Ru,facet
836,-1.98420763,-1.811011325,Ru,facet
837,-1.994833946,-1.928029981,Ru,edge
838,-2.093073845,-2.046569926,Ru,corner
839,-1.800401688,-1.681996984,Ru,facet
840,-1.982718468,-1.974954647,Ru,edge
841,-1.97860527,-1.789931378,Ru,facet
842,-2.036924362,-1.865275706,Ru,facet
843,-2.286047935,-2.203023957,Ru,corner
844,-1.990476608,-1.949926815,Ru,edge
845,-1.816142559,-1.689427083,Ru,facet
846,-1.894260883,-1.75153713,Ru,facet
847,-1.700311184,-1.649758135,Ru,facet
848,-1.707194805,-1.642546135,Ru,facet
849,-1.915956974,-1.706986991,Ru,facet
850,-1.856541157,-1.71944761,Ru,facet
851,-2.026557446,-2.034563925,Ru,corner
852,-1.975711823,-1.985536619,Ru,edge
853,-2.022034645,-2.087061902,Ru,corner
854,-1.695122242,-1.693488131,Ir,facet
855,-1.84431076,-1.976451265,Ir,edge
856,-1.610081196,-1.687273323,Ir,facet
857,-2.153954983,-2.252446781,Ir,corner
858,-2.022779942,-2.05463363,Ir,edge
859,-1.931874275,-2.151870935,Ir,edge
860,-2.079030037,-2.20860642,Ir,corner
861,-1.807899952,-1.766300836,Ir,facet
862,-1.735656261,-1.778781031,Ir,facet
863,-1.72951889,-1.773162591,Ir,facet
864,-1.644684315,-1.712260768,Ir,facet
865,-1.892808914,-1.973696742,Ir,edge
866,-1.85933733,-2.015387474,Ir,edge
867,-1.560266972,-1.689338849,Ir,facet
868,-1.621281624,-1.7131959,Ir,facet
869,-1.663309574,-1.691831947,Ir,facet
870,-1.704718113,-1.678837723,Ir,facet
871,-2.017724991,-2.010346581,Ir,edge
872,-2.187617302,-2.257501789,Ir,corner
873,-1.909458637,-1.912845498,Ir,edge
874,-2.035252094,-2.191565542,Ir,corner
875,-1.202117443,-1.344862462,Pd,edge
876,-1.030132294,-1.203685148,Pd,facet
877,-1.382236481,-1.452598504,Pd,corner
878,-1.213270187,-1.376300358,Pd,edge
879,-0.981535435,-1.224651002,Pd,facet
880,-0.953994751,-1.213797678,Pd,facet
881,-1.26433897,-1.397775795,Pd,edge
882,-0.994366646,-1.235252667,Pd,facet
883,-1.381446838,-1.510890014,Pd,corner
884,-1.181324959,-1.378145086,Pd,edge
885,-1.129653454,-1.356261651,Pd,edge
886,-1.030283451,-1.227854292,Pd,facet
887,-1.293063641,-1.444466922,Pd,edge
888,-1.238028526,-1.432389276,Pd,edge
889,-1.312313557,-1.431861881,Pd,corner
890,-1.196341515,-1.368417796,Pd,edge
891,-0.951593399,-1.198968606,Pd,facet
892,-1.111927032,-1.236089111,Pd,facet
893,-1.247195721,-1.367898316,Pd,edge
894,-1.462043762,-1.531326823,Pd,corner
895,-0.880760193,-1.186942414,Pd,facet
896,-0.885650635,-1.202345387,Pd,facet
897,-0.80292511,-1.161849751,Pd,facet
898,-1.208996296,-1.336140817,Pd,edge
899,-1.281209946,-1.427068159,Pd,corner
900,-1.189335823,-1.387188643,Pd,corner
901,-1.466441154,-1.181402645,Pt,edge
902,-1.550191879,-1.439092698,Pt,corner
903,-1.358337879,-1.200548738,Pt,edge
904,-1.408601761,-1.189928791,Pt,edge
905,-1.054342747,-0.95403874,Pt,facet
906,-1.021130085,-0.937579439,Pt,facet
907,-1.428593636,-1.247508312,Pt,edge
908,-1.08178091,-1.033100742,Pt,facet
909,-1.296119213,-1.089030667,Pt,facet
910,-1.550940037,-1.341794036,Pt,edge
911,-1.422317982,-1.286522332,Pt,edge
912,-1.228954315,-1.15153903,Pt,facet
913,-1.910316467,-1.844959048,Pt,corner
914,-1.447217464,-1.407231239,Pt,edge
915,-1.262831688,-1.081737405,Pt,facet
916,-1.48358202,-1.304304005,Pt,edge
917,-1.499550343,-1.299636619,Pt,edge
918,-1.137892723,-0.992172436,Pt,facet
919,-1.181922436,-1.130450618,Pt,facet
920,-1.613330841,-1.454151999,Pt,corner
921,-1.188571453,-1.072402094,Pt,facet
922,-1.385787487,-1.251905078,Pt,edge
923,-1.185140133,-1.010313139,Pt,facet
924,-1.048207283,-0.834686167,Pt,facet
925,-1.103531837,-0.909316363,Pt,facet
926,-1.804609776,-1.665198382,Pt,corner
927,-1.345929146,-1.373197834,Rh,facet
928,-1.55840826,-1.503785439,Rh,corner
929,-1.486424923,-1.396348216,Rh,facet
930,-1.308113575,-1.374160164,Rh,facet
931,-1.529263973,-1.42648427,Rh,facet
932,-1.304642677,-1.384303213,Rh,facet
933,-1.371748447,-1.378631625,Rh,facet
934,-1.334695816,-1.373405775,Rh,facet
935,-1.629342079,-1.450296529,Rh,facet
936,-1.597864628,-1.542641126,Rh,corner
937,-1.57357645,-1.518673278,Rh,edge
938,-1.36345005,-1.404717987,Rh,facet
939,-1.452159405,-1.389288744,Rh,facet
940,-1.68140173,-1.588871874,Rh,corner
941,-1.79890871,-1.625128197,Rh,corner
942,-1.366658211,-1.388188067,Rh,facet
943,-1.688770771,-1.513355127,Rh,facet
944,-1.545631886,-1.394715597,Rh,facet
945,-1.668183804,-1.571588617,Rh,corner
946,-1.548678398,-1.486032685,Rh,edge
947,-1.459844589,-1.413034143,Rh,facet
948,-1.53610611,-1.514581745,Rh,corner
949,-1.357760429,-1.362783979,Rh,facet
950,-1.490162849,-1.482094006,Rh,edge
951,-1.564711571,-1.451945758,Rh,edge
952,-2.2366786,-2.044075051,Ru,edge
953,-1.66554451,-1.629036775,Ru,facet
954,-2.037166595,-1.966236585,Ru,edge
955,-1.904034138,-1.729053786,Ru,facet
956,-1.908213139,-1.89512873,Ru,edge
957,-2.00369072,-1.80297998,Ru,facet
958,-1.910886765,-1.74003929,Ru,facet
959,-1.937433243,-1.768928061,Ru,facet
960,-1.861031055,-1.783690999,Ru,facet
961,-2.522641182,-2.41976416,Ru,corner
962,-1.929153919,-1.809925251,Ru,facet
963,-1.803807735,-1.830209922,Ru,edge
964,-1.992043018,-2.017834659,Ru,corner
965,-1.867336273,-1.718287855,Ru,facet
966,-1.803196907,-1.720415793,Ru,facet
967,-2.110475063,-2.165644802,Ru,corner
968,-1.753590107,-1.661997216,Ru,facet
969,-1.971512318,-1.758937756,Ru,facet
970,-1.981537819,-1.787315174,Ru,facet
971,-2.385035992,-2.367339128,Ru,corner
972,-1.910885334,-1.754205403,Ru,facet
973,-1.838977814,-1.723106661,Ru,facet
974,-2.105418205,-1.967592335,Ru,edge
975,-1.828074455,-1.740106587,Ru,facet
976,-1.870582104,-1.998205739,Ir,edge
977,-1.909936905,-2.056559179,Ir,edge
978,-1.756270885,-1.752989608,Ir,facet
979,-2.016181469,-2.159706639,Ir,corner
980,-2.004101753,-2.038550234,Ir,edge
981,-1.73361969,-1.775023445,Ir,facet
982,-1.700942039,-1.808937582,Ir,facet
983,-1.907477379,-2.011609892,Ir,edge
984,-1.576325417,-1.680016343,Ir,facet
985,-2.072291374,-2.069580457,Ir,edge
986,-1.999307156,-2.137602814,Ir,corner
987,-1.872494698,-1.931217616,Ir,edge
988,-1.876471043,-2.053764662,Ir,edge
989,-2.071444988,-2.143476504,Ir,edge
990,-2.011747837,-2.232710781,Ir,corner
991,-1.917779922,-1.9139903,Ir,facet
992,-1.601606369,-1.69088564,Ir,facet
993,-1.979146481,-2.115446351,Ir,corner
994,-2.086727142,-2.263849515,Ir,corner
995,-2.127315998,-2.099548805,Ir,edge
996,-2.127617836,-2.264045952,Ir,corner
997,-1.597812653,-1.695110204,Ir,facet
998,-1.948357105,-2.065907269,Ir,edge
999,-1.768670559,-1.78843642,Ir,facet
1000,-2.087084293,-2.266413778,Ir,corner
1001,-1.819684029,-2.003564225,Ir,edge
1002,-1.95167923,-2.139259586,Ir,corner
1003,-1.10425663,-1.3177529,Pd,edge
1004,-0.911594391,-1.196013347,Pd,facet
1005,-1.374293804,-1.49215116,Pd,corner
1006,-0.958559513,-1.214404562,Pd,facet
1007,-0.940703869,-1.24019679,Pd,facet
1008,-0.968584061,-1.215312908,Pd,facet
1009,-0.90281868,-1.19042243,Pd,facet
1010,-1.272062778,-1.461396668,Pd,corner
1011,-1.437623978,-1.543706592,Pd,corner
1012,-1.219239235,-1.377560301,Pd,edge
1013,-0.811144829,-1.167318301,Pd,facet
1014,-1.236355305,-1.357218482,Pd,edge
1015,-0.810428619,-1.184088411,Pd,facet
1016,-0.878555298,-1.18723761,Pd,facet
1017,-1.172190189,-1.369259187,Pd,edge
1018,-0.899872303,-1.225885878,Pd,facet
1019,-1.048697948,-1.254016917,Pd,facet
1020,-1.088266373,-1.238457276,Pd,facet
1021,-1.443648338,-1.574430739,Pd,corner
1022,-0.996665001,-1.26326068,Pd,facet
1023,-0.884305477,-1.182887507,Pd,facet
1024,-1.142636776,-1.334686275,Pd,edge
1025,-1.602549076,-1.393302936,Pt,edge
1026,-1.539005756,-1.440432321,Pt,corner
1027,-1.611140251,-1.461647418,Pt,corner
1028,-1.208965302,-1.002656534,Pt,facet
1029,-1.316485882,-1.091437676,Pt,facet
1030,-1.073780537,-0.930403158,Pt,facet
1031,-1.149055481,-1.007498583,Pt,facet
1032,-1.752170563,-1.67540593,Pt,corner
1033,-1.681619644,-1.513486237,Pt,edge
1034,-1.276937962,-1.095983229,Pt,facet
1035,-1.378779411,-1.13727919,Pt,facet
1036,-1.347685814,-1.133822586,Pt,facet
1037,-1.400029659,-1.287309933,Pt,edge
1038,-1.404879093,-1.153389704,Pt,edge
1039,-1.135005474,-1.010508287,Pt,facet
1040,-1.059564114,-0.951144939,Pt,facet
1041,-1.12699604,-0.915756256,Pt,facet
1042,-1.141523838,-0.952870545,Pt,facet
1043,-1.267103195,-1.02074225,Pt,facet
1044,-1.253424644,-1.047244679,Pt,facet
1045,-1.164991856,-0.950278631,Pt,facet
1046,-1.56082058,-1.474156853,Pt,corner
1047,-1.357449532,-1.380772427,Rh,facet
1048,-1.548467159,-1.552700284,Rh,corner
1049,-1.58831358,-1.513576944,Rh,edge
1050,-1.491411209,-1.434783185,Rh,facet
1051,-1.636225224,-1.505119287,Rh,edge
1052,-1.407295704,-1.389182777,Rh,facet
1053,-1.389159203,-1.395750255,Rh,facet
1054,-1.583203316,-1.491080871,Rh,edge
1055,-1.274318695,-1.387752002,Rh,facet
1056,-1.308696747,-1.387010858,Rh,facet
1057,-1.630587101,-1.520472628,Rh,edge
1058,-1.492300034,-1.406415994,Rh,facet
1059,-1.529481888,-1.419122033,Rh,facet
1060,-1.447603703,-1.400430287,Rh,facet
1061,-1.277008057,-1.347941554,Rh,facet
1062,-1.531219959,-1.446792234,Rh,facet
1063,-1.562746525,-1.53256767,Rh,corner
1064,-1.58716774,-1.512093395,Rh,edge
1065,-1.420457363,-1.366867942,Rh,facet
1066,-1.40389204,-1.404575855,Rh,facet
1067,-1.350117683,-1.366007795,Rh,facet
1068,-1.685134411,-1.54324224,Rh,edge
1069,-1.501730919,-1.421684603,Rh,facet
1070,-1.668162346,-1.561302385,Rh,edge
1071,-1.654547215,-1.553009987,Rh,corner
1072,-1.754553318,-1.591715343,Rh,edge
1073,-1.417860031,-1.401633778,Rh,facet
1074,-1.800117493,-1.685960631,Rh,corner
1075,-1.76789093,-1.675862707,Ru,facet
1076,-1.61596489,-1.618712935,Ru,facet
1077,-1.678719044,-1.653169614,Ru,facet
1078,-1.856083393,-1.851306079,Ru,edge
1079,-2.099594593,-2.014975549,Ru,edge
1080,-1.871804714,-1.845634034,Ru,edge
1081,-2.226697922,-1.932698476,Ru,facet
1082,-1.559389591,-1.609550817,Ru,facet
1083,-1.920804977,-1.968891104,Ru,corner
1084,-2.046236038,-1.942628853,Ru,edge
1085,-1.731012821,-1.675687835,Ru,facet
1086,-2.036185265,-1.948521944,Ru,edge
1087,-1.680227757,-1.732682873,Ru,facet
1088,-1.915065765,-1.838139586,Ru,edge
1089,-1.69499588,-1.672472841,Ru,facet
1090,-2.109209061,-2.132883793,Ru,corner
1091,-2.034840107,-1.960723202,Ru,edge
1092,-1.884717464,-1.925634331,Ru,corner
1093,-1.998461723,-1.810813366,Ru,facet
1094,-1.859319687,-1.72935883,Ru,facet
1095,-1.742331982,-1.65680607,Ru,facet
1096,-2.267252922,-2.248538103,Ru,corner
1097,-1.834214211,-1.805204687,Ru,edge
1098,-1.931581974,-2.017948502,Ir,edge
1099,-2.012029648,-2.249731074,Ir,corner
1100,-2.006848335,-2.095666829,Ir,edge
1101,-1.800544739,-1.913915901,Ir,edge
1102,-1.685772896,-1.713481145,Ir,facet
1103,-1.705410004,-1.787904748,Ir,facet
1104,-1.774257183,-1.840206293,Ir,facet
1105,-1.755975723,-1.831852443,Ir,facet
1106,-2.234863758,-2.312497868,Ir,corner
1107,-1.865983963,-1.82571174,Ir,facet
1108,-1.550648212,-1.666074048,Ir,facet
1109,-1.615077496,-1.725587287,Ir,facet
1110,-1.700888634,-1.754357607,Ir,facet
1111,-2.135159969,-2.140800202,Ir,edge
1112,-2.238063812,-2.219194001,Ir,edge
1113,-2.101988316,-2.343349299,Ir,corner
1114,-1.664817333,-1.759146779,Ir,facet
1115,-1.938488483,-2.000656786,Ir,edge
1116,-2.215000153,-2.323366283,Ir,corner
1117,-1.937711239,-1.884272497,Ir,facet
1118,-1.859026909,-1.988467129,Ir,edge
1119,-1.84945631,-1.893519428,Ir,facet
1120,-1.926103592,-2.012957894,Ir,edge
1121,-1.709974766,-1.775487483,Ir,facet
1122,-1.657660961,-1.752222682,Ir,facet
1123,-2.28218317,-2.303579116,Ir,edge
1124,-1.656716824,-1.71803918,Ir,facet
1125,-1.821171761,-1.924727855,Ir,facet
1126,-0.852276325,-1.198861412,Pd,facet
1127,-1.005743504,-1.20542796,Pd,facet
1128,-1.024115086,-1.236369794,Pd,facet
1129,-1.134754658,-1.299089577,Pd,facet
1130,-1.137159824,-1.344185325,Pd,edge
1131,-0.876186848,-1.193834502,Pd,facet
1132,-1.252387524,-1.411015755,Pd,edge
1133,-0.957314014,-1.225154319,Pd,facet
1134,-0.819242477,-1.17789325,Pd,facet
1135,-1.258949757,-1.416676265,Pd,corner
1136,-1.320735455,-1.391222771,Pd,edge
1137,-1.290452957,-1.429227874,Pd,corner
1138,-0.985375881,-1.216624635,Pd,facet
1139,-1.38444376,-1.552674618,Pd,corner
1140,-1.312652588,-1.455219978,Pd,edge
1141,-0.920723438,-1.224325791,Pd,facet
1142,-0.929525375,-1.223228123,Pd,facet
1143,-1.133250237,-1.271533428,Pd,facet
1144,-1.292779446,-1.4290999,Pd,edge
1145,-1.405749321,-1.479672774,Pd,corner
1146,-0.889187813,-1.204665727,Pd,facet
1147,-1.372750282,-1.555612397,Pd,corner
1148,-1.26458931,-1.41089042,Pd,corner
1149,-1.016898155,-0.960298039,Pt,facet
1150,-1.101918221,-1.019673248,Pt,facet
1151,-1.433589458,-1.213630141,Pt,edge
1152,-0.995398521,-0.920862995,Pt,facet
1153,-1.409977913,-1.164488896,Pt,edge
1154,-1.578925133,-1.439763857,Pt,corner
1155,-1.301780701,-1.121206412,Pt,facet
1156,-1.484218597,-1.367056033,Pt,corner
1157,-1.239178181,-1.102604254,Pt,facet
1158,-1.16855526,-0.98841125,Pt,facet
1159,-1.220168114,-1.024944407,Pt,facet
1160,-1.469079494,-1.178741728,Pt,edge
1161,-1.01744175,-0.879175659,Pt,facet
1162,-1.392242908,-1.194774614,Pt,edge
1163,-1.629426003,-1.514416156,Pt,corner
1164,-1.582897663,-1.454849573,Pt,corner
1165,-1.44069767,-1.289737966,Pt,edge
1166,-1.083864212,-0.977990764,Pt,facet
1167,-1.636493206,-1.494338526,Pt,corner
1168,-1.247723103,-1.001814486,Pt,facet
1169,-1.224437237,-1.010747101,Pt,facet
1170,-1.559390068,-1.478760627,Pt,corner
1171,-1.550987244,-1.377566007,Pt,corner
1172,-1.471881866,-1.255558447,Pt,edge
1173,-1.688987255,-1.53376191,Rh,edge
1174,-1.665102482,-1.582471337,Rh,corner
1175,-1.38314867,-1.388818407,Rh,facet
1176,-1.591640472,-1.500164663,Rh,edge
1177,-1.652004719,-1.501392544,Rh,edge
1178,-1.625005245,-1.495740089,Rh,edge
1179,-1.380972862,-1.387302059,Rh,facet
1180,-1.384104252,-1.400752816,Rh,facet
1181,-1.345570564,-1.385463813,Rh,facet
1182,-1.636758804,-1.513157278,Rh,edge
1183,-1.78805542,-1.658142411,Rh,corner
1184,-1.538563251,-1.478402796,Rh,edge
1185,-1.467768669,-1.400437646,Rh,facet
1186,-1.579458237,-1.434918378,Rh,facet
1187,-1.296188354,-1.359945346,Rh,facet
1188,-1.615214825,-1.478300402,Rh,edge
1189,-1.477659225,-1.40516057,Rh,facet
1190,-1.536054134,-1.438562282,Rh,facet
1191,-1.489345074,-1.435657419,Rh,facet
1192,-1.34875679,-1.375919355,Rh,facet
1193,-1.6507864,-1.546026838,Rh,edge
1194,-1.768544674,-1.688568441,Ru,facet
1195,-2.233368397,-2.064971775,Ru,edge
1196,-1.957942963,-1.976378184,Ru,corner
1197,-2.050204277,-2.036758177,Ru,edge
1198,-2.026610851,-1.912736532,Ru,edge
1199,-1.97003603,-1.948945125,Ru,corner
1200,-1.814068794,-1.711525806,Ru,facet
1201,-1.771819115,-1.65093803,Ru,facet
1202,-1.765419483,-1.697591055,Ru,facet
1203,-1.99914217,-1.925157608,Ru,edge
1204,-1.916746616,-1.763527166,Ru,facet
1205,-1.766762257,-1.683419048,Ru,facet
1206,-1.953409672,-1.871630539,Ru,edge
1207,-1.958154678,-1.863942061,Ru,facet
1208,-1.926189423,-1.981175623,Ru,corner
1209,-1.922775745,-1.762267694,Ru,facet
1210,-1.777483463,-1.71829817,Ru,facet
1211,-1.924293995,-1.778893806,Ru,facet
1212,-1.836791515,-1.706248697,Ru,facet
1213,-1.680963516,-1.618873562,Ru,facet
1214,-1.721842289,-1.641798016,Ru,facet
1215,-1.874946117,-1.820509925,Ru,edge
1216,-1.963383675,-2.029394883,Ru,corner
1217,-1.877934933,-1.876696917,Ru,edge
1218,-2.091805458,-1.987519157,Ru,edge
1219,-2.115832806,-2.131244858,Ru,corner
1220,-1.849681854,-1.956808485,Ir,edge
1221,-1.843457222,-1.866266493,Ir,facet
1222,-1.913917065,-2.18406184,Ir,corner
1223,-2.191980839,-2.366507942,Ir,corner
1224,-1.588057518,-1.647528431,Ir,facet
1225,-1.835861683,-1.85897246,Ir,facet
1226,-1.972452641,-2.037471891,Ir,edge
1227,-1.897247314,-2.001151406,Ir,edge
1228,-1.669779301,-1.737291146,Ir,facet
1229,-2.037755489,-2.215823113,Ir,corner
1230,-1.897116661,-1.9180396,Ir,edge
1231,-2.060571671,-2.159528729,Ir,edge
1232,-1.907253742,-1.963645832,Ir,edge
1233,-1.76247263,-1.700951547,Ir,facet
1234,-1.945205212,-2.043374988,Ir,edge
1235,-1.583332062,-1.651968839,Ir,facet
1236,-1.6235075,-1.691741963,Ir,facet
1237,-1.556215763,-1.66688626,Ir,facet
1238,-1.682195663,-1.741594519,Ir,facet
1239,-1.576770782,-1.712721276,Ir,facet
1240,-1.522294998,-1.624914105,Ir,facet
1241,-1.761283875,-1.756454891,Ir,facet
1242,-2.169898033,-2.333913283,Ir,corner
1243,-1.311018467,-1.433024855,Pd,edge
1244,-1.267314911,-1.370166214,Pd,edge
1245,-0.936415195,-1.220656454,Pd,facet
1246,-1.423365593,-1.5454748,Pd,corner
1247,-0.988103867,-1.24931126,Pd,facet
1248,-1.24706459,-1.372332525,Pd,edge
1249,-1.068356991,-1.268894144,Pd,facet
1250,-1.285344601,-1.405933764,Pd,edge
1251,-1.57736063,-1.598856489,Pd,corner
1252,-1.377840042,-1.461145669,Pd,edge
1253,-0.940237522,-1.223910867,Pd,facet
1254,-0.868719101,-1.225641476,Pd,facet
1255,-0.885354519,-1.208048115,Pd,facet
1256,-1.43123436,-1.544696076,Pd,corner
1257,-1.231895924,-1.377057643,Pd,edge
1258,-1.122299194,-1.337865159,Pd,edge
1259,-1.230978966,-1.397399132,Pd,corner
1260,-1.01458025,-1.223111694,Pd,facet
1261,-0.82544899,-1.144891969,Pd,facet
1262,-1.314154625,-1.49831202,Pd,corner
1263,-1.332835674,-1.481848979,Pd,corner
1264,-1.090244293,-1.297017927,Pd,facet
1265,-1.368224621,-1.425825697,Pd,edge
1266,-1.343899727,-1.497731852,Pd,corner
1267,-1.647990704,-1.468800518,Pt,corner
1268,-1.375115395,-1.099291046,Pt,facet
1269,-1.87385416,-1.819160662,Pt,corner
1270,-1.760351181,-1.610056597,Pt,edge
1271,-1.120100975,-0.964238202,Pt,facet
1272,-1.567808151,-1.444727739,Pt,corner
1273,-1.257756233,-1.014685646,Pt,facet
1274,-1.16352129,-0.994961655,Pt,facet
1275,-1.070680618,-0.929875934,Pt,facet
1276,-1.039134026,-0.965246288,Pt,facet
1277,-1.044202328,-0.966578363,Pt,facet
1278,-1.415445328,-1.275023139,Pt,edge
1279,-0.997496605,-0.9257072,Pt,facet
1280,-1.624418259,-1.498139605,Pt,corner
1281,-1.06519413,-0.906660298,Pt,facet
1282,-1.39733696,-1.161293748,Pt,facet
1283,-1.082546711,-0.9193541,Pt,facet
1284,-1.110748291,-0.997060846,Pt,facet
1285,-1.576294422,-1.514047423,Pt,corner
1286,-1.510034084,-1.305620447,Pt,edge
1287,-1.494402409,-1.285598343,Pt,corner
1288,-1.110907555,-0.941275935,Pt,facet
1289,-1.175958633,-0.997128771,Pt,facet
1290,-1.762579918,-1.613787595,Pt,corner
1291,-1.563824177,-1.482152667,Rh,edge
1292,-1.505653381,-1.429653631,Rh,facet
1293,-1.374920845,-1.37941482,Rh,facet
1294,-1.536050797,-1.426587714,Rh,facet
1295,-1.493895054,-1.412766491,Rh,facet
1296,-1.362671375,-1.393139537,Rh,facet
1297,-1.605186462,-1.50730319,Rh,edge
1298,-1.598759174,-1.499885026,Rh,edge
1299,-1.549633026,-1.44441679,Rh,edge
1300,-1.541604996,-1.49257304,Rh,edge
1301,-1.758406162,-1.600673403,Rh,corner
1302,-1.560249329,-1.437537927,Rh,facet
1303,-1.516474247,-1.424907158,Rh,facet
1304,-1.502973557,-1.487275493,Rh,edge
1305,-1.402327061,-1.384587056,Rh,facet
1306,-1.293239117,-1.37584009,Rh,facet
1307,-1.517046928,-1.46448843,Rh,edge
1308,-1.402107716,-1.383027395,Rh,facet
1309,-1.538395405,-1.466832546,Rh,edge
1310,-1.499647141,-1.413116352,Rh,facet
1311,-1.444146156,-1.407362345,Rh,facet
1312,-1.445201397,-1.418709516,Rh,facet
1313,-1.448159695,-1.399354,Rh,facet
1314,-1.558076382,-1.538627597,Rh,corner
1315,-2.178721428,-1.914016881,Ru,facet
1316,-2.098339558,-2.049194972,Ru,edge
1317,-2.076200962,-1.861129371,Ru,facet
1318,-1.726626873,-1.659399187,Ru,facet
1319,-2.015310764,-1.990500333,Ru,edge
1320,-1.950217247,-1.785182324,Ru,facet
1321,-1.856221199,-1.735957795,Ru,facet
1322,-1.520449638,-1.579028269,Ru,facet
1323,-2.145835876,-2.005473019,Ru,edge
1324,-1.762480259,-1.662393135,Ru,facet
1325,-1.861625195,-1.738649647,Ru,facet
1326,-1.850317001,-1.881685193,Ru,edge
1327,-1.993730545,-2.067624083,Ru,corner
1328,-1.995236874,-1.916229307,Ru,edge
1329,-2.188498974,-1.875365728,Ru,facet
1330,-2.005064487,-2.029912622,Ru,corner
1331,-1.885645866,-1.812943268,Ru,facet
1332,-2.1798172,-2.178540145,Ru,corner
1333,-2.042326927,-1.944195334,Ru,edge
1334,-1.776173592,-1.666776235,Ru,facet
1335,-1.780611992,-1.673593299,Ru,facet
1336,-1.82983017,-1.709083,Ru,facet
1337,-2.046533108,-2.032711558,Ru,corner
1338,-2.35927248,-2.18074152,Ru,edge
1339,-2.228336811,-2.082894199,Ru,edge
1340,-2.173138142,-2.050433322,Ru,edge
1341,-2.152149677,-2.040473717,Ru,edge
1342,-1.7972188,-1.842144193,Ir,facet
1343,-1.648728371,-1.77224569,Ir,facet
1344,-1.923870564,-1.912634946,Ir,edge
1345,-2.139050007,-2.213943144,Ir,corner
1346,-1.685999393,-1.651744172,Ir,facet
1347,-1.778174877,-1.73875207,Ir,facet
1348,-1.60020113,-1.722935981,Ir,facet
1349,-2.144609928,-2.31142276,Ir,corner
1350,-1.959196091,-1.889709204,Ir,facet
1351,-1.541744709,-1.630530193,Ir,facet
1352,-1.750413418,-1.732346707,Ir,facet
1353,-1.812078953,-1.809955641,Ir,facet
1354,-1.738239288,-1.791764668,Ir,facet
1355,-1.94470787,-2.107753857,Ir,edge
1356,-1.787851334,-1.89656743,Ir,facet
1357,-1.766065598,-1.867782113,Ir,edge
1358,-2.10072279,-2.130870742,Ir,edge
1359,-1.808139801,-1.887584572,Ir,edge
1360,-1.57437706,-1.629423914,Ir,facet
1361,-1.662434101,-1.695662461,Ir,facet
1362,-2.117116451,-2.267535348,Ir,corner
1363,-1.726806164,-1.789599161,Ir,facet
1364,-1.766532898,-1.772941452,Ir,facet
1365,-1.955862522,-1.930463628,Ir,facet
1366,-1.612499714,-1.696204132,Ir,facet
1367,-1.870773315,-1.876728213,Ir,facet
1368,-1.92987442,-2.065010659,Ir,edge
1369,-2.152153969,-2.167484118,Ir,edge
1370,-0.9793787,-1.228213805,Pd,facet
1371,-1.159970284,-1.374912111,Pd,edge
1372,-1.319623947,-1.484415372,Pd,corner
1373,-0.869668484,-1.18301614,Pd,facet
1374,-1.024382114,-1.271609289,Pd,facet
1375,-1.250742435,-1.390023516,Pd,edge
1376,-0.989268303,-1.222840905,Pd,facet
1377,-0.853133202,-1.174657966,Pd,facet
1378,-0.955472469,-1.228254374,Pd,facet
1379,-1.275538921,-1.407395892,Pd,edge
1380,-1.588298321,-1.664936231,Pd,corner
1381,-1.280507088,-1.405342382,Pd,edge
1382,-1.025476933,-1.227703891,Pd,facet
1383,-1.342418671,-1.482344381,Pd,corner
1384,-1.003605366,-1.258715319,Pd,facet
1385,-0.908253193,-1.209938689,Pd,facet
1386,-1.189367771,-1.373760022,Pd,edge
1387,-0.97704792,-1.229417348,Pd,facet
1388,-1.032291889,-1.248840265,Pd,facet
1389,-1.070589066,-1.259777035,Pd,facet
1390,-1.375703812,-1.54503382,Pd,corner
1391,-0.981554985,-1.203391272,Pd,facet
1392,-1.239171982,-1.393079373,Pd,edge
1393,-0.955436707,-1.217294845,Pd,facet
1394,-1.368720531,-1.525083177,Pd,corner
1395,-1.284897804,-1.132725011,Pt,edge
1396,-1.54261446,-1.354481369,Pt,edge
1397,-1.360845089,-1.172879193,Pt,edge
1398,-1.096783161,-0.989224727,Pt,facet
1399,-1.21079874,-1.021416105,Pt,facet
1400,-1.594556808,-1.443178413,Pt,edge
1401,-1.249233723,-1.052106135,Pt,facet
1402,-1.049070835,-0.917210164,Pt,facet
1403,-1.68941021,-1.63353854,Pt,corner
1404,-1.416783333,-1.242255481,Pt,edge
1405,-1.115736008,-1.028879179,Pt,facet
1406,-1.598970413,-1.552760095,Pt,corner
1407,-1.068172455,-1.009184298,Pt,facet
1408,-1.273953438,-1.057802093,Pt,facet
1409,-1.341808796,-1.099708836,Pt,facet
1410,-1.812770367,-1.724998388,Pt,corner
1411,-1.701357841,-1.603990289,Pt,corner
1412,-1.559383392,-1.333742822,Pt,corner
1413,-1.013602734,-0.907664611,Pt,facet
1414,-1.444002628,-1.182531486,Pt,facet
1415,-1.477201939,-1.324956837,Pt,corner
1416,-1.085382938,-0.932801541,Pt,facet
1417,-1.132827282,-0.919784828,Pt,facet
1418,-1.653524399,-1.417936901,Pt,edge
1419,-1.776321411,-1.661767654,Pt,corner
1420,-1.443738461,-1.382563156,Rh,facet
1421,-1.642652512,-1.561520838,Rh,edge
1422,-1.579815865,-1.497081927,Rh,edge
1423,-1.664783955,-1.526404299,Rh,edge
1424,-1.680885792,-1.518115686,Rh,edge
1425,-1.48814106,-1.406651478,Rh,facet
1426,-1.344795704,-1.379473691,Rh,facet
1427,-1.448765755,-1.40126184,Rh,facet
1428,-1.449132919,-1.399296811,Rh,facet
1429,-1.738965988,-1.616847574,Rh,corner
1430,-1.669539928,-1.526825017,Rh,edge
1431,-1.608363628,-1.491313201,Rh,edge
1432,-1.889061451,-1.641017895,Rh,edge
1433,-1.433172703,-1.421314346,Rh,edge
1434,-1.450314522,-1.44625819,Rh,edge
1435,-1.560096264,-1.493218308,Rh,edge
1436,-1.352283001,-1.380296623,Rh,facet
1437,-1.778455734,-1.57987765,Rh,edge
1438,-1.36882925,-1.372684816,Rh,facet
1439,-1.632341385,-1.554587729,Rh,corner
1440,-1.681074619,-1.611862673,Rh,corner
1441,-1.829131126,-1.608857731,Rh,edge
1442,-1.625469208,-1.548278653,Rh,corner
1443,-1.738285542,-1.709219067,Ru,facet
1444,-2.075130939,-2.082565331,Ru,corner
1445,-2.267590046,-2.266753782,Ru,corner
1446,-2.096920013,-1.924055325,Ru,facet
1447,-1.9377141,-1.757060829,Ru,facet
1448,-2.00103426,-1.932660161,Ru,edge
1449,-2.079397678,-1.993231973,Ru,edge
1450,-2.141087055,-2.185891896,Ru,corner
1451,-1.847456932,-1.864801194,Ru,edge
1452,-1.83267355,-1.695495046,Ru,facet
1453,-1.988733292,-1.979351992,Ru,corner
1454,-1.87648344,-1.717570191,Ru,facet
1455,-1.934371471,-1.934709505,Ru,corner
1456,-2.226166725,-2.107744948,Ru,edge
1457,-2.12501049,-1.945586451,Ru,facet
1458,-1.714588642,-1.648226039,Ru,facet
1459,-1.665222168,-1.623641774,Ru,facet
1460,-1.854067802,-1.704526502,Ru,facet
1461,-2.039442539,-1.932455571,Ru,edge
1462,-1.907673836,-1.7584657,Ru,facet
1463,-1.898819447,-1.753622333,Ru,facet
1464,-1.661170006,-1.740122421,Ir,facet
1465,-1.688390732,-1.794587122,Ir,facet
1466,-2.43686676,-2.513109359,Ir,corner
1467,-2.132153511,-2.156011396,Ir,edge
1468,-1.74852705,-1.765279248,Ir,facet
1469,-1.874269485,-1.963922549,Ir,edge
1470,-2.196764946,-2.234140534,Ir,edge
1471,-1.902384758,-2.053989918,Ir,corner
1472,-1.762468815,-1.852538866,Ir,edge
1473,-1.613850117,-1.657008556,Ir,facet
1474,-2.137469292,-2.322455558,Ir,corner
1475,-1.580406189,-1.657062076,Ir,facet
1476,-1.984706402,-2.127205494,Ir,corner
1477,-1.946044922,-2.042441326,Ir,edge
1478,-1.993502617,-2.118279978,Ir,edge
1479,-1.958425999,-2.130574029,Ir,corner
1480,-2.250235081,-2.407671119,Ir,corner
1481,-1.63883543,-1.710166424,Ir,facet
1482,-1.557753563,-1.644066676,Ir,facet
1483,-1.590423584,-1.741595696,Ir,facet
1484,-2.180510044,-2.397150291,Ir,corner
1485,-1.633529186,-1.710888064,Ir,facet
1486,-1.648009777,-1.746284297,Ir,facet
1487,-1.836361408,-1.945497206,Ir,edge
1488,-1.939325809,-2.078392169,Ir,corner
1489,-1.338418484,-1.449339802,Pd,edge
1490,-0.919835567,-1.204875828,Pd,facet
1491,-1.15810442,-1.392853771,Pd,edge
1492,-1.19260931,-1.404058361,Pd,edge
1493,-0.879635811,-1.211408733,Pd,facet
1494,-0.996821404,-1.234327499,Pd,facet
1495,-1.431921482,-1.572399988,Pd,corner
1496,-1.099447727,-1.332386054,Pd,edge
1497,-0.885044575,-1.217499669,Pd,facet
1498,-1.239636898,-1.400993269,Pd,corner
1499,-1.246819496,-1.47705064,Pd,corner
1500,-1.287983418,-1.413104557,Pd,corner
1501,-0.990488529,-1.211130028,Pd,facet
1502,-1.163775921,-1.335653991,Pd,edge
1503,-1.440853119,-1.543103996,Pd,corner
1504,-1.313553333,-1.470849872,Pd,edge
1505,-1.1299119,-1.262373442,Pd,facet
1506,-1.250414848,-1.4155344,Pd,edge
1507,-0.918532372,-1.19729209,Pd,facet
1508,-0.870583057,-1.173419132,Pd,facet
1509,-0.924139977,-1.197900953,Pd,facet
1510,-1.42196846,-1.524750051,Pd,corner
1511,-1.16345787,-1.359249894,Pd,edge
1512,-1.694774151,-1.610711584,Pt,corner
1513,-1.511154175,-1.396336899,Pt,edge
1514,-1.308066845,-1.116291047,Pt,facet
1515,-1.355886459,-1.228260331,Pt,edge
1516,-1.075621128,-0.936693185,Pt,facet
1517,-1.152920723,-0.954870546,Pt,facet
1518,-1.351328373,-1.136158974,Pt,edge
1519,-1.219890594,-0.989267854,Pt,facet
1520,-1.056911469,-0.979959497,Pt,facet
1521,-1.349983692,-1.126533636,Pt,edge
1522,-1.559664249,-1.285343895,Pt,edge
1523,-1.426076412,-1.184020435,Pt,facet
1524,-1.677082062,-1.487267366,Pt,edge
1525,-1.098593712,-0.945406394,Pt,facet
1526,-1.463156223,-1.301083519,Pt,edge
1527,-1.291291714,-1.107821505,Pt,facet
1528,-1.056367874,-0.922880246,Pt,facet
1529,-1.260228157,-1.0827994,Pt,facet
1530,-1.075739861,-0.969574051,Pt,facet
1531,-1.422686577,-1.269004271,Pt,edge
1532,-1.250389099,-1.045698048,Pt,facet
1533,-1.367269516,-1.234425831,Pt,edge
1534,-1.731021881,-1.624850669,Pt,corner
1535,-1.221953392,-0.998663003,Pt,facet
1536,-1.558703423,-1.409588113,Pt,corner
1537,-1.492157459,-1.292822063,Pt,edge
1538,-1.486741066,-1.473601657,Rh,edge
1539,-1.352235317,-1.386015308,Rh,facet
1540,-1.852272511,-1.674135133,Rh,corner
1541,-1.530495644,-1.482332854,Rh,edge
1542,-1.592569351,-1.490733743,Rh,edge
1543,-1.372979641,-1.376048872,Rh,facet
1544,-1.465843201,-1.405979718,Rh,facet
1545,-1.456646442,-1.394596384,Rh,facet
1546,-1.286906242,-1.364363613,Rh,facet
1547,-1.595019817,-1.488738647,Rh,edge
1548,-1.365070343,-1.372418424,Rh,facet
1549,-1.451611996,-1.398639979,Rh,facet
1550,-1.548512936,-1.421804447,Rh,facet
1551,-1.317563057,-1.39689908,Rh,facet
1552,-1.534453392,-1.526610768,Rh,corner
1553,-1.378444195,-1.376201305,Rh,facet
1554,-1.253460884,-1.344236887,Rh,facet
1555,-1.557504654,-1.425268374,Rh,facet
1556,-1.409077168,-1.382521315,Rh,facet
1557,-1.741185188,-1.592347365,Rh,corner
1558,-1.689543247,-1.58723463,Rh,corner
1559,-2.066106796,-1.866289572,Ru,facet
1560,-2.244440556,-2.198130977,Ru,corner
1561,-2.330530643,-2.062876994,Ru,facet
1562,-2.342381954,-2.129252496,Ru,edge
1563,-2.192911148,-1.918804495,Ru,facet
1564,-1.71560955,-1.66796006,Ru,facet
1565,-1.925569534,-1.762808521,Ru,facet
1566,-1.999602318,-1.801149227,Ru,facet
1567,-1.802404404,-1.701355226,Ru,facet
1568,-2.00140667,-2.009901557,Ru,corner
1569,-1.658748627,-1.645599519,Ru,facet
1570,-1.967158318,-1.901929584,Ru,edge
1571,-1.654592991,-1.624740128,Ru,facet
1572,-1.775204659,-1.687510858,Ru,facet
1573,-1.9944911,-1.857010544,Ru,facet
1574,-1.996233463,-1.795984605,Ru,facet
1575,-1.997567177,-1.953198299,Ru,edge
1576,-1.796718121,-1.646128557,Ru,facet
1577,-1.880869865,-1.846177316,Ru,edge
1578,-1.991831303,-1.922069348,Ru,edge
1579,-2.106205463,-2.078420715,Ru,corner
1580,-2.005067348,-1.78881092,Ru,facet
1581,-1.824578285,-1.705813482,Ru,facet
1582,-1.801917553,-1.697483971,Ru,facet
1583,-1.855068207,-1.855502027,Ru,edge
1584,-1.997858047,-1.889513666,Ru,edge
1585,-1.899555683,-1.776140062,Ru,facet
1586,-2.082651615,-2.253812721,Ir,edge
1587,-1.973417759,-2.165700309,Ir,corner
1588,-2.089165688,-2.128643481,Ir,edge
1589,-1.677163601,-1.751090525,Ir,facet
1590,-1.681266785,-1.738600331,Ir,facet
1591,-1.888323307,-1.945042578,Ir,edge
1592,-1.919512749,-1.934622909,Ir,edge
1593,-1.831022739,-1.850268671,Ir,facet
1594,-1.796906948,-1.825715269,Ir,facet
1595,-2.087246418,-2.290685757,Ir,corner
1596,-1.83284235,-1.867088116,Ir,facet
1597,-1.60815382,-1.843929179,Ir,facet
1598,-2.086255074,-2.205798082,Ir,corner
1599,-2.173545837,-2.347908511,Ir,corner
1600,-2.027468681,-2.206553539,Ir,corner
1601,-2.092856407,-2.259373524,Ir,corner
1602,-1.7977705,-1.895887254,Ir,edge
1603,-1.817439079,-1.907920761,Ir,edge
1604,-2.113885403,-2.275269599,Ir,corner
1605,-1.81436491,-1.963640833,Ir,corner
1606,-0.929723263,-1.223843253,Pd,facet
1607,-0.942128181,-1.228315062,Pd,facet
1608,-0.961541653,-1.232255189,Pd,facet
1609,-1.188789845,-1.32061185,Pd,edge
1610,-1.368136406,-1.520689867,Pd,corner
1611,-0.870899677,-1.18579824,Pd,facet
1612,-0.907013893,-1.220370493,Pd,facet
1613,-1.181174278,-1.376451749,Pd,corner
1614,-0.92267704,-1.217172149,Pd,facet
1615,-0.915446758,-1.214087597,Pd,facet
1616,-1.365972519,-1.533819664,Pd,corner
1617,-1.190659046,-1.400287107,Pd,edge
1618,-0.973466396,-1.189594562,Pd,facet
1619,-0.858037472,-1.170464202,Pd,facet
1620,-1.110405445,-1.301151333,Pd,edge
1621,-1.017874718,-1.252797873,Pd,facet
1622,-0.983406544,-1.217983856,Pd,facet
1623,-0.928870201,-1.219216094,Pd,facet
1624,-1.070940018,-1.282262737,Pd,facet
1625,-1.063815117,-1.249727173,Pd,facet
1626,-1.162322521,-1.355920939,Pd,edge
1627,-0.851741791,-1.177689416,Pd,facet
1628,-1.078287601,-1.306788425,Pd,edge
1629,-1.514460564,-1.375210212,Pt,edge
1630,-1.155276775,-1.03214926,Pt,facet
1631,-1.683256626,-1.614928835,Pt,corner
1632,-1.415924072,-1.245147665,Pt,edge
1633,-1.328691006,-1.146363827,Pt,edge
1634,-1.561014652,-1.396497006,Pt,edge
1635,-1.258889675,-1.028823653,Pt,facet
1636,-1.175242424,-0.9778161,Pt,facet
1637,-1.135556221,-0.950439817,Pt,facet
1638,-1.183852673,-1.063014492,Pt,facet
1639,-1.465502262,-1.332965463,Pt,edge
1640,-1.199879169,-1.008226346,Pt,facet
1641,-1.119938374,-0.977677556,Pt,facet
1642,-1.02067852,-0.939074857,Pt,facet
1643,-1.765921116,-1.562675999,Pt,edge
1644,-1.739391327,-1.55309271,Pt,corner
1645,-1.626366138,-1.462103482,Pt,corner
1646,-1.592816353,-1.426712104,Pt,edge
1647,-1.140886784,-1.05373848,Pt,facet
1648,-1.722793579,-1.684269543,Pt,corner
1649,-1.548009872,-1.397361697,Pt,edge
1650,-1.230501652,-1.013155188,Pt,facet
1651,-1.173223495,-1.007061387,Pt,facet
1652,-1.06815958,-0.933500193,Pt,facet
1653,-1.735910416,-1.618564415,Pt,corner
1654,-1.235954762,-0.987844673,Pt,facet
1655,-1.181112766,-0.991261385,Pt,facet
1656,-1.65978384,-1.600756866,Pt,corner
1657,-1.303038597,-1.113198325,Pt,edge
1658,-1.300906658,-1.041539557,Pt,facet
1659,-1.615086555,-1.555436523,Rh,edge
1660,-1.508156776,-1.42103534,Rh,facet
1661,-1.55300951,-1.497521987,Rh,edge
1662,-1.393770218,-1.401037079,Rh,facet
1663,-1.467763901,-1.403937105,Rh,facet
1664,-1.274366379,-1.363546778,Rh,facet
1665,-1.571594238,-1.490094152,Rh,edge
1666,-1.700681686,-1.60371451,Rh,corner
1667,-1.594264507,-1.444959034,Rh,facet
1668,-1.334196568,-1.41488921,Rh,facet
1669,-1.489732265,-1.447196552,Rh,edge
1670,-1.626601219,-1.506263066,Rh,edge
1671,-1.421662807,-1.389777163,Rh,facet
1672,-1.578523636,-1.463123885,Rh,edge
1673,-1.863099098,-1.684420734,Rh,corner
1674,-1.843504429,-1.615628944,Rh,edge
1675,-1.595494747,-1.55852851,Rh,corner
1676,-1.487699032,-1.463273375,Rh,edge
1677,-1.373090267,-1.38261656,Rh,facet
1678,-1.361183643,-1.38053463,Rh,facet
1679,-1.537324905,-1.472537144,Rh,edge
1680,-1.471293449,-1.399322462,Rh,facet
1681,-1.345986843,-1.379609935,Rh,facet
1682,-1.362486362,-1.382027009,Rh,facet
1683,-1.511629105,-1.427799405,Rh,facet
1684,-2.516887188,-2.453373003,Ru,corner
1685,-1.975988388,-1.863132541,Ru,facet
1686,-2.202656269,-2.180637382,Ru,corner
1687,-2.133743763,-1.859499033,Ru,facet
1688,-2.101772785,-1.857966446,Ru,facet
1689,-2.135971546,-1.992321754,Ru,edge
1690,-1.783038139,-1.660445963,Ru,facet
1691,-2.060245991,-1.852730108,Ru,facet
1692,-2.328281403,-2.176709637,Ru,edge
1693,-2.347219944,-2.214458185,Ru,corner
1694,-1.969787598,-1.870225176,Ru,edge
1695,-2.039543629,-1.938310839,Ru,edge
1696,-2.153271198,-2.067444545,Ru,edge
1697,-1.842941761,-1.722109989,Ru,facet
1698,-2.243304729,-2.113113914,Ru,edge
1699,-1.715518475,-1.653352837,Ru,facet
1700,-1.910616875,-1.949950639,Ru,corner
1701,-1.651371479,-1.616165501,Ru,facet
1702,-1.614293575,-1.604411248,Ru,facet
1703,-1.913868427,-1.715731578,Ru,facet
1704,-1.855220795,-1.719500661,Ru,facet
1705,-1.678322792,-1.626607723,Ru,facet
1706,-1.695264816,-1.653262454,Ru,facet
1707,-1.902452946,-1.829438717,Ru,edge
1708,-1.872237682,-1.910219776,Ir,facet
1709,-1.886073589,-2.032862688,Ir,edge
1710,-1.565347195,-1.641701791,Ir,facet
1711,-1.798699856,-1.904977741,Ir,edge
1712,-2.143857479,-2.270154013,Ir,corner
1713,-1.889561653,-1.837600273,Ir,facet
1714,-2.00908947,-2.219121954,Ir,corner
1715,-1.89417696,-2.00006777,Ir,edge
1716,-1.975782871,-2.246220798,Ir,corner
1717,-1.88445425,-2.04231723,Ir,edge
1718,-1.674253941,-1.76764825,Ir,facet
1719,-1.706316471,-1.793408502,Ir,facet
1720,-1.820036411,-1.825951699,Ir,facet
1721,-1.714265823,-1.751201094,Ir,facet
1722,-2.057012081,-2.229250791,Ir,corner
1723,-1.5512743,-1.649875672,Ir,facet
1724,-1.593655109,-1.674804303,Ir,facet
1725,-1.643614769,-1.753951795,Ir,facet
1726,-1.952046871,-2.12591013,Ir,corner
1727,-1.891634464,-1.956652042,Ir,edge
1728,-1.991409302,-2.149245213,Ir,corner
1729,-1.801237106,-1.84858602,Ir,facet
1730,-1.280486107,-1.447536632,Pd,edge
1731,-0.937685013,-1.22160438,Pd,facet
1732,-1.012545586,-1.228912711,Pd,facet
1733,-1.270999908,-1.441503416,Pd,edge
1734,-0.924434662,-1.214037793,Pd,facet
1735,-0.982983112,-1.212617223,Pd,facet
1736,-0.955991268,-1.194291974,Pd,facet
1737,-0.906497002,-1.202926544,Pd,facet
1738,-1.044043541,-1.248699758,Pd,facet
1739,-0.982624531,-1.250300084,Pd,facet
1740,-0.995984554,-1.254064083,Pd,facet
1741,-0.982105255,-1.24046428,Pd,facet
1742,-0.978085041,-1.233871346,Pd,facet
1743,-1.190720081,-1.352920822,Pd,edge
1744,-1.435556889,-1.529469232,Pd,corner
1745,-1.424733639,-1.591779368,Pd,corner
1746,-1.015975952,-1.271487582,Pd,facet
1747,-0.79992485,-1.168095706,Pd,facet
1748,-0.874951839,-1.176599335,Pd,facet
1749,-1.266868591,-1.403306683,Pd,edge
1750,-0.868025303,-1.187877477,Pd,facet
1751,-1.301584244,-1.434502155,Pd,corner
1752,-1.286720753,-1.116751425,Pt,facet
1753,-1.17860651,-1.02541341,Pt,facet
1754,-1.479009628,-1.375349834,Pt,edge
1755,-1.736470222,-1.677101348,Pt,edge
1756,-1.135437965,-0.953754642,Pt,facet
1757,-1.373842716,-1.184463561,Pt,edge
1758,-1.701331139,-1.631957408,Pt,corner
1759,-1.563797474,-1.37552288,Pt,edge
1760,-1.153871536,-1.006107748,Pt,facet
1761,-1.50872612,-1.295150904,Pt,edge
1762,-1.328763008,-1.171208034,Pt,edge
1763,-1.487892151,-1.307558453,Pt,edge
1764,-1.042513371,-0.989684565,Pt,facet
1765,-1.239739895,-1.034283492,Pt,facet
1766,-1.36648798,-1.245101303,Pt,edge
1767,-1.099908829,-1.006997775,Pt,facet
1768,-1.649884224,-1.47168785,Pt,corner
1769,-1.350122929,-1.17446356,Pt,edge
1770,-1.238480568,-1.060271096,Pt,facet
1771,-1.451293468,-1.264514783,Pt,edge
1772,-1.041069508,-0.867812315,Pt,facet
1773,-1.636470318,-1.459493778,Pt,corner
1774,-1.024449825,-0.925778359,Pt,facet
1775,-1.437957287,-1.229475965,Pt,edge
1776,-1.427296162,-1.219670573,Pt,edge
1777,-1.706121445,-1.570539612,Pt,corner
1778,-1.58021307,-1.508573542,Rh,edge
1779,-1.397960663,-1.392380312,Rh,facet
1780,-1.831575394,-1.683359585,Rh,corner
1781,-1.618877888,-1.516964548,Rh,edge
1782,-1.763575554,-1.647447447,Rh,corner
1783,-1.51290369,-1.490608221,Rh,edge
1784,-1.566422939,-1.547094925,Rh,corner
1785,-1.465026379,-1.433060789,Rh,facet
1786,-1.685584545,-1.597945364,Rh,corner
1787,-1.626552582,-1.512729202,Rh,edge
1788,-1.797894955,-1.648588072,Rh,corner
1789,-1.510084152,-1.401831206,Rh,facet
1790,-1.507730961,-1.460170454,Rh,edge
1791,-1.435884953,-1.381393515,Rh,facet
1792,-1.4793787,-1.421531959,Rh,facet
1793,-1.569309711,-1.441512769,Rh,facet
1794,-1.770159721,-1.658189508,Rh,corner
1795,-1.794329643,-1.620304772,Rh,corner
1796,-1.707502365,-1.568026292,Rh,edge
1797,-1.32243681,-1.377211994,Rh,facet
1798,-1.243824005,-1.378879514,Rh,facet
1799,-1.639648438,-1.507680595,Rh,edge
1800,-1.580554485,-1.555458809,Rh,corner
1801,-1.677156925,-1.579836861,Rh,corner
1802,-1.498746395,-1.48611132,Rh,edge
1803,-1.337587357,-1.401356033,Rh,facet
1804,-1.442130089,-1.43298762,Rh,edge
1805,-1.594502449,-1.536645116,Rh,corner
1806,-2.051191807,-1.845328499,Ru,facet
1807,-1.954640865,-1.742270383,Ru,facet
1808,-1.845365524,-1.688474128,Ru,facet
1809,-1.682385921,-1.621433768,Ru,facet
1810,-2.09777689,-1.974715426,Ru,edge
1811,-1.960622787,-1.789233855,Ru,facet
1812,-2.092819214,-1.861735529,Ru,facet
1813,-2.572925568,-2.366843984,Ru,edge
1814,-2.39773941,-2.257499806,Ru,edge
1815,-1.994745731,-1.860165119,Ru,facet
1816,-1.956207752,-1.859156657,Ru,edge
1817,-2.103363037,-1.896250662,Ru,facet
1818,-1.712554455,-1.724319468,Ru,facet
1819,-1.907188416,-1.731239196,Ru,facet
1820,-2.140827179,-2.121531598,Ru,corner
1821,-1.693632126,-1.652786468,Ru,facet
1822,-1.679267883,-1.638335942,Ru,facet
1823,-1.965025902,-1.75283197,Ru,facet
1824,-2.125961781,-1.888864281,Ru,facet
1825,-1.779773235,-1.679722664,Ru,facet
1826,-1.763110161,-1.686732775,Ru,facet
1827,-2.075825691,-1.964923816,Ru,edge
1828,-1.770441055,-1.700698473,Ru,facet
1829,-1.991884232,-1.910739503,Ru,edge
1830,-1.894262791,-2.029379467,Ir,edge
1831,-1.986713409,-2.077399694,Ir,edge
1832,-2.114754677,-2.23623576,Ir,edge
1833,-1.963870049,-2.090726507,Ir,edge
1834,-2.095593929,-2.17941529,Ir,edge
1835,-1.787942886,-1.788022963,Ir,facet
1836,-2.115176678,-2.19369488,Ir,corner
1837,-1.930704117,-1.98140041,Ir,edge
1838,-1.521704674,-1.638343548,Ir,facet
1839,-1.67986393,-1.750998188,Ir,facet
1840,-1.677771091,-1.709380678,Ir,facet
1841,-1.896648407,-1.927772623,Ir,facet
1842,-2.092386723,-2.224735984,Ir,corner
1843,-1.839598656,-1.952793297,Ir,edge
1844,-2.088103771,-2.134980032,Ir,edge
1845,-2.316366196,-2.292543671,Ir,edge
1846,-2.03711319,-2.206421209,Ir,corner
1847,-1.555997372,-1.645436439,Ir,facet
1848,-1.993032932,-2.164651372,Ir,edge
1849,-2.019512177,-2.131784996,Ir,corner
1850,-1.611382961,-1.767849392,Ir,facet
1851,-1.79527998,-1.762466205,Ir,facet
1852,-2.027364731,-2.081042005,Ir,edge
1853,-1.851930618,-1.891810312,Ir,facet
1854,-1.845389366,-1.801801168,Ir,facet
1855,-2.321896553,-2.47242404,Ir,corner
1856,-1.971157551,-1.904005262,Ir,facet
1857,-2.045885563,-2.218373848,Ir,corner
1858,-1.901435852,-1.964687123,Ir,edge
1859,-2.046597481,-2.148771177,Ir,corner
1860,-1.162448883,-1.357106011,Pd,edge
1861,-0.85845089,-1.199720285,Pd,facet
1862,-1.161252499,-1.381019868,Pd,edge
1863,-1.021300316,-1.258142407,Pd,facet
1864,-0.938521385,-1.212955627,Pd,facet
1865,-0.810442448,-1.183167531,Pd,facet
1866,-0.900314331,-1.207583387,Pd,facet
1867,-0.896325111,-1.182873655,Pd,facet
1868,-0.908274651,-1.229027161,Pd,facet
1869,-1.252532005,-1.482315686,Pd,corner
1870,-0.890676022,-1.204937176,Pd,facet
1871,-1.011893272,-1.259213359,Pd,facet
1872,-1.292643547,-1.465424529,Pd,corner
1873,-0.910599709,-1.183988144,Pd,facet
1874,-0.971770763,-1.255208916,Pd,facet
1875,-1.270673275,-1.473704204,Pd,corner
1876,-0.897319794,-1.181595241,Pd,facet
1877,-0.944896221,-1.184960807,Pd,facet
1878,-1.275224209,-1.444982773,Pd,edge
1879,-0.964630604,-1.233381222,Pd,facet
1880,-1.013105392,-1.236380349,Pd,facet
1881,-1.138425827,-1.363319972,Pd,edge
1882,-0.893659592,-1.197568486,Pd,facet
1883,-1.263811111,-1.44836516,Pd,corner
1884,-1.118259907,-0.976418257,Pt,facet
1885,-1.031209469,-0.946972971,Pt,facet
1886,-1.577132702,-1.445464667,Pt,edge
1887,-1.483291626,-1.415681914,Pt,corner
1888,-1.061595917,-1.003036049,Pt,facet
1889,-1.476420879,-1.371888918,Pt,edge
1890,-1.065712452,-0.992063002,Pt,facet
1891,-1.633087635,-1.453543374,Pt,edge
1892,-1.090894699,-0.97789858,Pt,facet
1893,-0.997782707,-0.9558506,Pt,facet
1894,-1.099767208,-0.99085815,Pt,facet
1895,-1.282160759,-1.056183225,Pt,edge
1896,-1.450696468,-1.28825872,Pt,edge
1897,-1.136891365,-1.040210177,Pt,facet
1898,-1.465100288,-1.329410746,Pt,edge
1899,-1.585269451,-1.425603209,Pt,corner
1900,-1.344732285,-1.116818271,Pt,edge
1901,-1.597821712,-1.452799438,Pt,corner
1902,-1.103199005,-0.909504503,Pt,facet
1903,-1.532464504,-1.334789183,Pt,edge
1904,-1.715917587,-1.657426414,Pt,corner
1905,-1.46532774,-1.26587543,Pt,edge
1906,-1.402747154,-1.389506777,Rh,facet
1907,-1.885893822,-1.707124958,Rh,corner
1908,-1.454794407,-1.424075395,Rh,facet
1909,-1.279769897,-1.377770637,Rh,facet
1910,-1.688049793,-1.591442013,Rh,corner
1911,-1.326178074,-1.379198259,Rh,facet
1912,-1.401666641,-1.395697691,Rh,facet
1913,-1.455350399,-1.435060299,Rh,edge
1914,-1.299384594,-1.334036649,Rh,facet
1915,-1.638406754,-1.562510712,Rh,corner
1916,-1.56912899,-1.476957093,Rh,edge
1917,-1.405576706,-1.403466768,Rh,facet
1918,-1.641626358,-1.502403443,Rh,edge
1919,-1.338452339,-1.367202456,Rh,facet
1920,-1.46341753,-1.410075456,Rh,facet
1921,-1.43037796,-1.412854587,Rh,edge
1922,-1.590969086,-1.481933373,Rh,edge
1923,-1.628654957,-1.581529822,Rh,corner
1924,-1.460031033,-1.40137811,Rh,facet
1925,-1.479275703,-1.415324855,Rh,facet
1926,-1.342467308,-1.38624974,Rh,facet
1927,-1.506492615,-1.444678556,Rh,facet
1928,-1.452884197,-1.396946387,Rh,facet
1929,-1.506906509,-1.434497451,Rh,facet
1930,-1.483090878,-1.426297565,Rh,facet
1931,-1.684718132,-1.566487236,Rh,edge
1932,-1.799088955,-1.679169443,Rh,corner
1933,-1.945652962,-1.808290983,Ru,facet
1934,-2.183265686,-2.17762526,Ru,corner
1935,-2.060557365,-2.112470424,Ru,corner
1936,-2.053311348,-1.80329141,Ru,facet
1937,-2.039183617,-1.938244279,Ru,edge
1938,-1.889828682,-1.751038548,Ru,facet
1939,-1.768757343,-1.697903467,Ru,facet
1940,-2.176513672,-2.064335407,Ru,edge
1941,-1.97633028,-1.801768647,Ru,facet
1942,-2.109885216,-2.118042998,Ru,corner
1943,-2.019412994,-1.893743999,Ru,edge
1944,-1.969828606,-1.874770377,Ru,edge
1945,-1.75377655,-1.7298525,Ru,facet
1946,-2.134979248,-2.141100571,Ru,corner
1947,-1.896547318,-1.755527259,Ru,facet
1948,-1.934093952,-1.749314388,Ru,facet
1949,-1.800139904,-1.684239866,Ru,facet
1950,-2.198850155,-2.119562322,Ru,edge
1951,-1.91041851,-1.859453841,Ru,facet
1952,-1.988027573,-2.027857965,Ir,edge
1953,-1.720236301,-1.79406133,Ir,facet
1954,-1.771811485,-1.79583867,Ir,facet
1955,-1.873129368,-1.832501743,Ir,facet
1956,-2.089128494,-2.046904966,Ir,edge
1957,-1.917704105,-2.006996278,Ir,edge
1958,-1.962600231,-2.143880846,Ir,corner
1959,-1.92602396,-1.901434236,Ir,facet
1960,-1.851421833,-1.942136904,Ir,edge
1961,-1.622600555,-1.700958604,Ir,facet
1962,-1.561621189,-1.688574863,Ir,facet
1963,-1.519821167,-1.643604403,Ir,facet
1964,-1.760017395,-1.719082529,Ir,facet
1965,-1.887554646,-1.963772869,Ir,edge
1966,-2.026035309,-1.975426148,Ir,edge
1967,-1.996324539,-2.16293314,Ir,corner
1968,-1.994612217,-1.884370716,Ir,facet
1969,-2.007182121,-2.024931412,Ir,edge
1970,-0.916470051,-1.189388089,Pd,facet
1971,-1.254521847,-1.448766561,Pd,corner
1972,-0.952272415,-1.235963776,Pd,facet
1973,-1.11297369,-1.306453319,Pd,edge
1974,-1.222900867,-1.364692057,Pd,edge
1975,-1.413934231,-1.548955476,Pd,corner
1976,-0.83257246,-1.172311569,Pd,facet
1977,-1.416579723,-1.48618523,Pd,edge
1978,-1.132246971,-1.259689631,Pd,facet
1979,-1.248745441,-1.377342285,Pd,edge
1980,-1.102852821,-1.270200263,Pd,facet
1981,-1.397512436,-1.535903518,Pd,corner
1982,-1.387434959,-1.543245492,Pd,corner
1983,-1.208245754,-1.358007431,Pd,edge
1984,-0.861094475,-1.192332135,Pd,facet
1985,-0.943229675,-1.21362155,Pd,facet
1986,-1.616327286,-1.689347469,Pd,corner
1987,-1.505920887,-1.634726615,Pd,corner
1988,-1.272826672,-1.40824355,Pd,corner
1989,-1.226968765,-1.400135715,Pd,corner
1990,-0.918345928,-1.195428232,Pd,facet
1991,-0.972865582,-1.24338161,Pd,facet
1992,-0.909970284,-1.21613451,Pd,facet
1993,-0.993967533,-1.218029373,Pd,facet
1994,-0.868213654,-1.179794709,Pd,facet
1995,-1.263620377,-1.446639499,Pd,corner
1996,-1.285806656,-1.440811767,Pd,corner
1997,-1.587551117,-1.479754697,Pt,edge
1998,-1.575423241,-1.443980569,Pt,corner
1999,-1.255109787,-1.063243603,Pt,facet
2000,-1.352116108,-1.25676276,Pt,edge
2001,-1.217220783,-1.075201555,Pt,facet
2002,-1.230510712,-0.970801005,Pt,facet
2003,-1.267327309,-1.100171369,Pt,facet
2004,-1.1350317,-0.971899119,Pt,facet
2005,-1.387927532,-1.202461946,Pt,edge
2006,-1.352391243,-1.118375684,Pt,facet
2007,-1.71027565,-1.5438981,Pt,edge
2008,-1.306248665,-1.179289437,Pt,facet
2009,-1.128098965,-1.005692653,Pt,facet
2010,-1.461103916,-1.316066809,Pt,edge
2011,-1.311704159,-1.07141018,Pt,facet
2012,-1.475047588,-1.230560601,Pt,edge
2013,-1.445573807,-1.220960061,Pt,edge
2014,-1.653470516,-1.580898643,Pt,corner
2015,-1.191387653,-1.109926626,Pt,facet
2016,-1.544077396,-1.401411832,Pt,edge
2017,-1.155647755,-1.000307208,Pt,facet
2018,-1.180464745,-0.966699657,Pt,facet
2019,-1.53151226,-1.411899703,Pt,corner
2020,-1.733718395,-1.566197717,Rh,edge
2021,-1.486999512,-1.426046101,Rh,facet
2022,-1.382763386,-1.40209991,Rh,facet
2023,-1.483603001,-1.419958211,Rh,facet
2024,-1.740823269,-1.632211637,Rh,corner
2025,-1.539288044,-1.44354613,Rh,facet
2026,-1.890144825,-1.63892398,Rh,edge
2027,-1.538937092,-1.445386059,Rh,facet
2028,-1.389588356,-1.403482748,Rh,facet
2029,-1.447816372,-1.408313532,Rh,facet
2030,-1.576947212,-1.501163998,Rh,edge
2031,-1.583372593,-1.555929987,Rh,corner
2032,-1.562246799,-1.505046329,Rh,edge
2033,-1.757874966,-1.568560335,Rh,edge
2034,-1.752984047,-1.609914465,Rh,corner
2035,-1.541809082,-1.447509619,Rh,facet
2036,-1.609363556,-1.499819427,Rh,edge
2037,-1.681083202,-1.570163098,Rh,corner
2038,-1.374445438,-1.390101164,Rh,facet
2039,-1.379284382,-1.39504927,Rh,facet
2040,-1.410742283,-1.418997143,Rh,facet
2041,-1.404676914,-1.404965245,Rh,facet
2042,-1.410856247,-1.40444676,Rh,facet
2043,-1.635923862,-1.590811253,Rh,corner
2044,-1.377493382,-1.395852858,Rh,facet
2045,-1.358062267,-1.366220992,Rh,facet
2046,-1.284241199,-1.367208553,Rh,facet
2047,-1.410900116,-1.385470751,Rh,facet
2048,-1.779182434,-1.599256715,Rh,edge
2049,-1.605960846,-1.510080218,Rh,edge
2050,-2.119945049,-2.006917679,Ru,edge
2051,-2.06412077,-1.838369474,Ru,facet
2052,-1.849764824,-1.787135881,Ru,facet
2053,-2.507008553,-2.303788105,Ru,edge
2054,-1.828032017,-1.77360589,Ru,facet
2055,-2.01299715,-2.047704629,Ru,corner
2056,-2.046084881,-1.949579527,Ru,edge
2057,-1.87271595,-1.734132936,Ru,facet
2058,-1.926898479,-1.708886024,Ru,facet
2059,-2.080613136,-1.848785661,Ru,facet
2060,-2.013309956,-1.790591078,Ru,facet
2061,-1.719158173,-1.660144849,Ru,facet
2062,-2.343216896,-2.138797024,Ru,edge
2063,-2.073086739,-2.047830626,Ru,corner
2064,-1.749726772,-1.688359184,Ru,facet
2065,-1.737138748,-1.65936382,Ru,facet
2066,-2.019445419,-2.031192479,Ru,edge
2067,-2.140057564,-2.01845457,Ru,edge
2068,-1.855335712,-1.758907301,Ru,facet
2069,-2.165869713,-2.191659727,Ru,corner
2070,-1.87514925,-1.871697344,Ru,edge
2071,-1.960108757,-2.05331822,Ru,corner
2072,-2.035189152,-1.907769624,Ru,edge
2073,-1.756507397,-1.723144485,Ru,facet
2074,-2.043010712,-2.035816295,Ir,edge
2075,-1.611084938,-1.657261454,Ir,facet
2076,-1.678719521,-1.686578738,Ir,facet
2077,-2.06328249,-2.213592616,Ir,corner
2078,-1.664319038,-1.77978027,Ir,facet
2079,-1.971234322,-2.007402384,Ir,edge
2080,-1.890190601,-1.983367717,Ir,edge
2081,-1.729598045,-1.761947471,Ir,facet
2082,-2.325516224,-2.340161615,Ir,edge
2083,-1.878257275,-1.967494285,Ir,edge
2084,-1.908579826,-1.953540815,Ir,facet
2085,-2.142452717,-2.303513833,Ir,corner
2086,-2.021443844,-2.066524809,Ir,edge
2087,-2.196587086,-2.172134196,Ir,edge
2088,-1.901246071,-1.999017658,Ir,edge
2089,-1.89513588,-2.11615711,Ir,edge
2090,-1.967271805,-2.011687232,Ir,edge
2091,-1.658874512,-1.753938268,Ir,facet
2092,-1.905614376,-2.012396815,Ir,edge
2093,-2.00316143,-2.243709762,Ir,corner
2094,-1.902740479,-2.058687047,Ir,edge
2095,-0.859926224,-1.191377613,Pd,facet
2096,-1.221241474,-1.413891856,Pd,corner
2097,-1.151592255,-1.300212642,Pd,facet
2098,-1.226501465,-1.38184015,Pd,edge
2099,-1.262003422,-1.385913528,Pd,edge
2100,-0.81786871,-1.160243489,Pd,facet
2101,-0.991590023,-1.253984264,Pd,facet
2102,-0.868102551,-1.165069204,Pd,facet
2103,-1.12926054,-1.269605583,Pd,facet
2104,-0.964524269,-1.211885335,Pd,facet
2105,-1.036603451,-1.226180744,Pd,facet
2106,-1.394951344,-1.520203041,Pd,corner
2107,-0.86612606,-1.172826101,Pd,facet
2108,-1.365271568,-1.52638204,Pd,corner
2109,-1.073678493,-1.251321232,Pd,facet
2110,-1.170631886,-1.364914032,Pd,edge
2111,-0.915849209,-1.21362155,Pd,facet
2112,-1.297533035,-1.487457706,Pd,corner
2113,-1.142551422,-1.339643592,Pd,edge
2114,-0.927960873,-1.189949787,Pd,facet
2115,-0.831493855,-1.173588664,Pd,facet
2116,-0.979362965,-1.270392553,Pd,facet
2117,-1.394749641,-1.567341084,Pd,corner
2118,-1.626770496,-1.391022073,Pt,edge
2119,-1.769545078,-1.639091102,Pt,corner
2120,-1.201779366,-1.071991851,Pt,facet
2121,-1.537615299,-1.358133121,Pt,edge
2122,-1.111607552,-0.896806928,Pt,facet
2123,-1.641198158,-1.553582198,Pt,corner
2124,-1.670512199,-1.522742842,Pt,edge
2125,-1.094078541,-0.960784293,Pt,facet
2126,-1.064592838,-0.979091033,Pt,facet
2127,-1.213497639,-1.002272168,Pt,facet
2128,-1.522211075,-1.331390261,Pt,edge
2129,-1.455239296,-1.263361144,Pt,edge
2130,-1.600279331,-1.507794053,Pt,corner
2131,-1.190299034,-0.999280254,Pt,facet
2132,-1.177847862,-1.036264085,Pt,facet
2133,-1.596282959,-1.549296483,Pt,corner
2134,-1.260033131,-1.081324467,Pt,facet
2135,-1.206914902,-1.049025272,Pt,facet
2136,-1.157840729,-1.008204244,Pt,facet
2137,-1.218224049,-1.066660854,Pt,facet
2138,-1.135696411,-0.986077557,Pt,facet
2139,-1.150885582,-0.981985373,Pt,facet
2140,-1.604480743,-1.508868986,Pt,corner
2141,-1.627686977,-1.497312111,Pt,edge
2142,-1.464766979,-1.375514794,Pt,edge
2143,-1.505719185,-1.415679219,Pt,corner
2144,-1.629322529,-1.534216478,Rh,edge
2145,-1.365512848,-1.388118894,Rh,facet
2146,-1.567138672,-1.452384557,Rh,facet
2147,-1.356849194,-1.399081301,Rh,facet
2148,-1.734113216,-1.565143085,Rh,edge
2149,-1.480473518,-1.458511554,Rh,edge
2150,-1.776913166,-1.641469309,Rh,corner
2151,-1.414599419,-1.408347383,Rh,facet
2152,-1.556854725,-1.545145455,Rh,corner
2153,-1.678173542,-1.52696862,Rh,edge
2154,-1.557230949,-1.516064033,Rh,edge
2155,-1.590536118,-1.455667034,Rh,facet
2156,-1.416257381,-1.390579701,Rh,facet
2157,-1.570795536,-1.520769716,Rh,corner
2158,-1.395021439,-1.403914398,Rh,facet
2159,-1.369885921,-1.388013347,Rh,facet
2160,-1.296043873,-1.36961995,Rh,facet
2161,-1.403140545,-1.429613683,Rh,facet
2162,-1.648068905,-1.556600486,Rh,edge
2163,-1.366421223,-1.378757988,Rh,facet
2164,-1.500108719,-1.438936743,Rh,facet
2165,-1.722927094,-1.62461623,Rh,corner
2166,-1.812254906,-1.843767913,Ru,edge
2167,-1.769953251,-1.657864635,Ru,facet
2168,-1.860549927,-1.967007545,Ru,corner
2169,-1.753291607,-1.843075302,Ru,edge
2170,-1.815167427,-1.733291487,Ru,facet
2171,-1.821488857,-1.691619861,Ru,facet
2172,-2.296811581,-1.955025614,Ru,facet
2173,-1.748970509,-1.668404117,Ru,facet
2174,-1.748531342,-1.881136998,Ru,corner
2175,-1.867322922,-1.77142441,Ru,facet
2176,-1.996240616,-1.933130007,Ru,edge
2177,-1.781152248,-1.66575844,Ru,facet
2178,-1.899693966,-2.023107101,Ru,corner
2179,-2.067445278,-1.994589197,Ru,edge
2180,-1.631822586,-1.619205623,Ru,facet
2181,-1.951489925,-1.755465858,Ru,facet
2182,-2.006167889,-2.02847705,Ru,corner
2183,-1.753125668,-1.697459901,Ru,facet
2184,-2.088615417,-2.064127624,Ru,edge
2185,-1.804461956,-1.72824181,Ru,facet
2186,-2.029386044,-1.958323132,Ru,edge
2187,-1.649374008,-1.62833483,Ru,facet
2188,-1.802929878,-1.688184312,Ru,facet
2189,-1.89653635,-1.770282338,Ru,facet
2190,-2.087905884,-2.094568139,Ru,corner
2191,-2.000308037,-1.788953372,Ru,facet
2192,-1.879826546,-2.000702597,Ru,corner
2193,-1.765058041,-1.728247704,Ru,facet
2194,-1.633683205,-1.622366583,Ru,facet
2195,-2.346968651,-2.164968155,Ru,edge
2196,-1.917542934,-1.995047462,Ir,facet
2197,-1.824134827,-1.815101222,Ir,facet
2198,-1.635818481,-1.667488509,Ir,facet
2199,-1.703876972,-1.741691561,Ir,facet
2200,-2.014373302,-2.135964568,Ir,corner
2201,-1.924194336,-1.857795016,Ir,facet
2202,-1.970259666,-2.144460452,Ir,corner
2203,-1.472911835,-1.586625431,Ir,facet
2204,-1.659174919,-1.714959713,Ir,facet
2205,-1.728386402,-1.766580199,Ir,facet
2206,-1.517490864,-1.637408416,Ir,facet
2207,-1.874757767,-1.943122616,Ir,edge
2208,-1.939028263,-1.967635143,Ir,edge
2209,-2.096419334,-2.033567566,Ir,facet
2210,-2.158041,-2.272883247,Ir,corner
2211,-1.675326347,-1.72520206,Ir,facet
2212,-1.996831894,-2.193928957,Ir,corner
2213,-2.067726612,-2.204014272,Ir,corner
2214,-1.828117847,-1.882212265,Ir,facet
2215,-1.593511581,-1.723374729,Ir,facet
2216,-1.636067867,-1.745137436,Ir,facet
2217,-1.751636505,-1.799587434,Ir,facet
2218,-2.177450657,-2.399250222,Ir,corner
2219,-2.141541004,-2.159317883,Ir,edge
2220,-1.160263062,-1.369668504,Pd,edge
2221,-1.118790627,-1.331653506,Pd,edge
2222,-0.97680521,-1.214214251,Pd,facet
2223,-1.398468018,-1.447055083,Pd,edge
2224,-1.562461853,-1.63289541,Pd,corner
2225,-1.033535004,-1.249008477,Pd,facet
2226,-1.526117802,-1.608686027,Pd,corner
2227,-1.321202755,-1.414831866,Pd,edge
2228,-1.128112316,-1.355341431,Pd,edge
2229,-0.82811451,-1.168259961,Pd,facet
2230,-0.934056282,-1.195835239,Pd,facet
2231,-0.950808048,-1.193442337,Pd,facet
2232,-1.416173935,-1.540961102,Pd,corner
2233,-1.120105267,-1.37278472,Pd,edge
2234,-0.946623802,-1.227470372,Pd,facet
2235,-0.906812191,-1.223123898,Pd,facet
2236,-1.08891058,-1.310457103,Pd,edge
2237,-0.976263046,-1.236777132,Pd,facet
2238,-1.079898834,-1.280588859,Pd,facet
2239,-1.061225414,-1.262572658,Pd,facet
2240,-1.013390541,-1.260684392,Pd,facet
2241,-0.97082901,-1.22628464,Pd,facet
2242,-1.515961647,-1.652685096,Pd,corner
2243,-1.361225128,-1.505110766,Pd,corner
2244,-1.139260292,-0.985939012,Pt,facet
2245,-1.963528633,-1.787262546,Pt,corner
2246,-1.048635006,-0.924874855,Pt,facet
2247,-1.364484787,-1.189107767,Pt,edge
2248,-1.160251617,-0.933678091,Pt,facet
2249,-1.291484356,-1.122220428,Pt,facet
2250,-1.337866783,-1.163819354,Pt,edge
2251,-1.192811012,-1.037548182,Pt,facet
2252,-1.335791588,-1.177260865,Pt,edge
2253,-1.350958824,-1.052046297,Pt,facet
2254,-1.189081669,-1.084983228,Pt,facet
2255,-1.168335915,-1.038525002,Pt,facet
2256,-1.290914059,-1.187604262,Pt,facet
2257,-1.068622112,-0.979666235,Pt,facet
2258,-1.040259838,-0.92540154,Pt,facet
2259,-1.69633913,-1.691719679,Pt,corner
2260,-1.16881752,-0.968148175,Pt,facet
2261,-1.135931015,-1.015564891,Pt,facet
2262,-1.574043274,-1.329165463,Pt,edge
2263,-1.584807396,-1.45946359,Pt,corner
2264,-1.581421852,-1.51356117,Pt,corner
2265,-1.683067322,-1.592316037,Rh,corner
2266,-1.643743515,-1.536049258,Rh,edge
2267,-1.647613525,-1.503218385,Rh,edge
2268,-1.533054829,-1.432498781,Rh,facet
2269,-1.539838314,-1.465869795,Rh,edge
2270,-1.469265938,-1.401905636,Rh,facet
2271,-1.475181103,-1.4039493,Rh,facet
2272,-1.26102066,-1.35650644,Rh,facet
2273,-1.573863506,-1.511586474,Rh,corner
2274,-1.633560181,-1.540735598,Rh,edge
2275,-1.491334915,-1.433408338,Rh,facet
2276,-1.557305336,-1.497317831,Rh,edge
2277,-1.291297913,-1.398534221,Rh,facet
2278,-1.597011089,-1.52605654,Rh,edge
2279,-1.641560555,-1.589815492,Rh,corner
2280,-1.631659508,-1.527435803,Rh,edge
2281,-1.726696968,-1.568285114,Rh,edge
2282,-1.754688263,-1.65191281,Rh,corner
2283,-1.60647583,-1.53536278,Rh,edge
2284,-2.063525677,-1.757386476,Rh,edge
2285,-1.408857346,-1.416065578,Rh,facet
2286,-1.65641737,-1.602264601,Rh,corner
2287,-1.493494034,-1.411033161,Rh,facet
2288,-1.530067921,-1.470180202,Rh,edge
2289,-1.468815327,-1.413933818,Rh,facet
2290,-1.761144638,-1.57548125,Rh,edge
2291,-1.761943817,-1.798190646,Ru,edge
2292,-1.901791096,-1.752885512,Ru,facet
2293,-1.753574371,-1.672547505,Ru,facet
2294,-1.853077412,-1.745731475,Ru,facet
2295,-1.967535973,-2.006504323,Ru,corner
2296,-2.038053036,-1.990928917,Ru,edge
2297,-2.157314777,-1.849410485,Ru,facet
2298,-2.025627136,-1.814891422,Ru,facet
2299,-1.719799042,-1.682883133,Ru,facet
2300,-1.81419611,-1.805459136,Ru,edge
2301,-1.722288132,-1.665738791,Ru,facet
2302,-1.8694067,-1.855303085,Ru,edge
2303,-1.856651783,-1.827381023,Ru,edge
2304,-1.766222,-1.66129036,Ru,facet
2305,-2.048936844,-2.017298008,Ru,edge
2306,-2.051772118,-1.816799787,Ru,facet
2307,-1.944051266,-2.020291955,Ru,corner
2308,-1.889014244,-1.98778736,Ru,corner
2309,-2.060612679,-2.008204905,Ru,edge
2310,-1.709847927,-1.75709767,Ru,facet
2311,-1.933320999,-1.91612517,Ru,edge
2312,-2.076781273,-1.864277069,Ru,facet
2313,-2.225722313,-2.204939199,Ru,corner
2314,-2.056572437,-1.991354063,Ru,edge
2315,-1.842896461,-1.712831944,Ru,facet
2316,-2.076430321,-1.960340055,Ru,edge
2317,-1.941918373,-1.847496225,Ru,facet
2318,-2.003462315,-2.139474549,Ir,corner
2319,-1.666348457,-1.721706193,Ir,facet
2320,-1.982374668,-2.039116019,Ir,edge
2321,-1.735487938,-1.760507132,Ir,facet
2322,-1.682262897,-1.717562204,Ir,facet
2323,-1.549234867,-1.692647688,Ir,facet
2324,-1.657196045,-1.755869698,Ir,facet
2325,-1.637985229,-1.704310966,Ir,facet
2326,-1.968213081,-2.069675735,Ir,edge
2327,-1.769673824,-1.84712392,Ir,facet
2328,-1.975585937,-1.908569767,Ir,facet
2329,-1.943130493,-1.959807084,Ir,edge
2330,-2.097744942,-2.276431457,Ir,corner
2331,-2.112129688,-2.251599574,Ir,corner
2332,-1.670544147,-1.769298553,Ir,facet
2333,-2.030352116,-1.973595289,Ir,facet
2334,-2.167689323,-2.340399809,Ir,corner
2335,-1.919243336,-1.954298919,Ir,facet
2336,-1.898163319,-2.036930514,Ir,edge
2337,-1.191700459,-1.351361065,Pd,edge
2338,-1.331027985,-1.431723353,Pd,edge
2339,-1.27094841,-1.431105585,Pd,edge
2340,-1.508065701,-1.590161561,Pd,corner
2341,-0.831016541,-1.161902524,Pd,facet
2342,-1.126245022,-1.310877963,Pd,edge
2343,-0.820344448,-1.167754004,Pd,facet
2344,-1.268862247,-1.413530694,Pd,edge
2345,-1.088484287,-1.24741178,Pd,facet
2346,-1.297992229,-1.367782217,Pd,edge
2347,-1.353752136,-1.459942456,Pd,corner
2348,-1.387172699,-1.503638084,Pd,corner
2349,-1.143523693,-1.333242948,Pd,edge
2350,-0.878015518,-1.185134626,Pd,facet
2351,-0.960196495,-1.218924526,Pd,facet
2352,-0.939614296,-1.176428813,Pd,facet
2353,-1.292360783,-1.419378217,Pd,corner
2354,-1.387446404,-1.478941215,Pd,edge
2355,-1.215070724,-1.302338714,Pd,facet
2356,-1.30353117,-1.44214922,Pd,edge
2357,-0.919656754,-1.220792343,Pd,facet
2358,-1.070930481,-1.263038705,Pd,facet
2359,-0.906057358,-1.198460671,Pd,facet
2360,-0.902965069,-1.197633462,Pd,facet
2361,-1.556179523,-1.660932118,Pd,corner
2362,-1.141207695,-1.34066375,Pd,edge
2363,-1.196522236,-1.363148132,Pd,edge
2364,-1.467055798,-1.32230239,Pt,edge
2365,-1.052530289,-0.971330386,Pt,facet
2366,-1.814136028,-1.78321295,Pt,corner
2367,-1.540017128,-1.434617765,Pt,edge
2368,-1.23760128,-1.113035522,Pt,facet
2369,-1.189078808,-1.078789696,Pt,facet
2370,-1.524118423,-1.252322868,Pt,facet
2371,-1.808598042,-1.670053908,Pt,corner
2372,-1.191231251,-0.960581597,Pt,facet
2373,-1.567972183,-1.459780571,Pt,edge
2374,-1.178311348,-1.08417568,Pt,facet
2375,-1.165518761,-1.04009643,Pt,facet
2376,-1.585820198,-1.3684873,Pt,edge
2377,-1.140427589,-1.032280796,Pt,facet
2378,-1.179965973,-1.058788077,Pt,facet
2379,-1.049556255,-0.934641972,Pt,facet
2380,-1.412231922,-1.198937417,Pt,edge
2381,-1.125083447,-0.943400463,Pt,facet
2382,-1.535815716,-1.291469502,Pt,edge
2383,-1.425448895,-1.1915234,Pt,edge
2384,-1.089507103,-0.896576739,Pt,facet
2385,-1.235111713,-0.986780522,Pt,facet
2386,-1.595174789,-1.382408595,Pt,corner
2387,-1.472747803,-1.213293214,Pt,edge
2388,-1.119716644,-0.944838199,Pt,facet
2389,-1.222646713,-1.010232276,Pt,facet
2390,-1.160746098,-1.046619881,Pt,facet
2391,-1.22334671,-1.021636051,Pt,facet
2392,-1.119548321,-0.95448564,Pt,facet
2393,-1.153516769,-0.991013946,Pt,facet
2394,-1.806341648,-1.678353639,Pt,corner
2395,-1.618498325,-1.538182735,Pt,corner
2396,-1.564682484,-1.50679732,Rh,edge
2397,-1.441964626,-1.403014303,Rh,facet
2398,-1.530680656,-1.422961472,Rh,facet
2399,-1.567942619,-1.422554842,Rh,facet
2400,-1.698824406,-1.610102852,Rh,corner
2401,-1.582980156,-1.432461146,Rh,facet
2402,-1.575870037,-1.493531796,Rh,edge
2403,-1.373064041,-1.381321188,Rh,facet
2404,-1.682633877,-1.571401911,Rh,corner
2405,-1.376746178,-1.361676994,Rh,facet
2406,-1.500031948,-1.472651732,Rh,edge
2407,-1.801846504,-1.642816403,Rh,corner
2408,-1.408682346,-1.37695969,Rh,facet
2409,-1.834398746,-1.636960002,Rh,corner
2410,-1.34907341,-1.392496582,Rh,facet
2411,-1.428575993,-1.391292881,Rh,facet
2412,-1.393000126,-1.386228294,Rh,facet
2413,-1.378445625,-1.38095766,Rh,facet
2414,-1.548303127,-1.437487466,Rh,facet
2415,-1.384066105,-1.401787053,Rh,facet
2416,-1.684873104,-1.581542437,Rh,edge
2417,-1.671940327,-1.520367922,Rh,edge
2418,-1.693005562,-1.613618711,Rh,corner
2419,-1.850347042,-1.859191042,Ru,edge
2420,-1.888143539,-1.776093887,Ru,facet
2421,-2.002846241,-1.789798751,Ru,facet
2422,-1.935514927,-1.989739689,Ru,corner
2423,-1.843160152,-1.840867787,Ru,edge
2424,-1.718135834,-1.668522009,Ru,facet
2425,-1.692481995,-1.671454555,Ru,facet
2426,-2.041725636,-2.053190995,Ru,corner
2427,-2.130707264,-1.966058029,Ru,edge
2428,-1.79967165,-1.769648672,Ru,facet
2429,-2.048040867,-1.968967979,Ru,edge
2430,-1.932334423,-1.90970648,Ru,edge
2431,-1.946502686,-1.749802163,Ru,facet
2432,-2.038172722,-2.06822189,Ru,corner
2433,-1.922780037,-1.987997108,Ru,corner
2434,-1.949919701,-1.951636976,Ru,edge
2435,-1.661610603,-1.642539258,Ru,facet
2436,-1.930469513,-1.766785878,Ru,facet
2437,-1.845280647,-1.933194356,Ru,corner
2438,-2.000917912,-1.930201391,Ru,edge
2439,-2.054296017,-1.960899548,Ru,edge
