,Ead_NNP,Ead_reg,ontop_element,ad_place_num,struct_no
0,-1.9209098815917924,-1.8552510878612718,Ir,1,8
1,-1.920902252197263,-1.943164365232934,Ir,2,8
2,-1.700612068176266,-1.7894771525306257,Ir,1,8
3,-1.7901148796081516,-1.7199948139380254,Ir,1,8
4,-2.200373172760008,-2.178434430465082,Ir,3,8
5,-2.2687554359436017,-2.140153954481581,Ir,2,8
6,-1.6763629913330034,-1.718201429633961,Ir,1,8
7,-1.494938373565673,-1.5119805928449106,Ir,1,8
8,-1.8233304023742667,-1.7303296979267877,Ir,1,8
9,-1.6261281967163077,-1.60084939839964,Ir,1,8
10,-2.144359588623046,-2.0896004865643736,Ir,3,8
11,-1.7637686729431143,-1.7015634152106998,Ir,1,8
12,-1.8626341819763184,-1.8657836848887646,Ir,2,8
13,-2.017905235290522,-2.0598025274080416,Ir,3,8
14,-1.844765186309816,-1.8708790521458076,Ir,2,8
15,-1.8512587547302264,-1.8174461105161284,Ir,1,8
16,-1.7981109619140598,-1.8443439127072114,Ir,2,8
17,-1.531976222991947,-1.5636184926129517,Ir,1,8
18,-1.911102771759032,-1.9806157319827318,Ir,3,8
19,-1.884260654449464,-1.82605301363069,Ir,1,8
20,-1.8513255119323668,-1.849562895760072,Ir,1,8
21,-2.293861865997308,-2.338417294282588,Ir,3,8
22,-1.9288330078125,-1.940860515973467,Ir,2,8
23,-2.046904563903809,-1.9407647206500078,Ir,1,8
24,-1.2501235008239684,-1.2491414227361906,Pd,2,8
25,-1.2253184318542454,-1.1900720931317634,Pd,2,8
26,-1.3797893524169886,-1.3150961460614567,Pd,3,8
27,-0.8550372123718253,-0.8827789537395777,Pd,1,8
28,-0.9097771644592224,-0.9582330632773667,Pd,1,8
29,-0.9254322052001918,-0.9472798154201689,Pd,1,8
30,-0.9621677398681588,-0.9743409832285547,Pd,1,8
31,-0.8677868843078542,-0.9371602268046971,Pd,1,8
32,-1.181132793426512,-1.139280709156273,Pd,2,8
33,-1.2536344528198209,-1.3208477615431005,Pd,3,8
34,-1.1550164222717267,-1.176698091331089,Pd,2,8
35,-1.360975742340086,-1.382033814881129,Pd,3,8
36,-1.1068382263183532,-1.147250008973898,Pd,2,8
37,-1.2307839393615705,-1.215091894302213,Pd,2,8
38,-1.3122296333312988,-1.3511307463252793,Pd,3,8
39,-1.2283444404602042,-1.2330994220171128,Pd,2,8
40,-1.3753499984741175,-1.388624111672516,Pd,3,8
41,-1.1727752685546848,-1.1678999108007375,Pd,2,8
42,-0.8772425651550275,-0.9393053462156504,Pd,1,8
43,-1.2548956871032706,-1.203866271986149,Pd,2,8
44,-1.524812221527097,-1.442257317122975,Pd,3,8
45,-1.332487106323243,-1.323566425135037,Pd,3,8
46,-1.522275924682612,-1.4761103746852018,Pt,2,8
47,-1.2522830963134712,-1.1948045827602383,Pt,1,8
48,-1.582791328430169,-1.5923803110361445,Pt,2,8
49,-1.3673200607299778,-1.3389711912496431,Pt,2,8
50,-1.7487792968749982,-1.7254013896609903,Pt,3,8
51,-1.140766620635982,-1.1313015637394457,Pt,1,8
52,-1.0368075370788512,-1.087040440245169,Pt,1,8
53,-1.358465194702144,-1.3853623119647256,Pt,2,8
54,-1.5693097114562962,-1.5752293409689222,Pt,3,8
55,-1.6332688331603986,-1.537259401987414,Pt,2,8
56,-1.4870948791503906,-1.479554786230715,Pt,2,8
57,-1.3187747001647931,-1.3051445829474324,Pt,1,8
58,-1.6640453338623002,-1.609349570090117,Pt,3,8
59,-1.165621757507318,-1.1830551989941211,Pt,1,8
60,-1.2582011222839349,-1.2234015086191192,Pt,1,8
61,-1.4768776893615714,-1.5079220909969788,Pt,2,8
62,-1.2356505393981942,-1.1729828931846114,Pt,1,8
63,-1.081565380096431,-1.0970319111519098,Pt,1,8
64,-1.18652009963989,-1.2219645299357274,Pt,1,8
65,-1.1562905311584455,-1.1671023698075051,Pt,1,8
66,-1.1309270858764648,-1.193712105400848,Pt,1,8
67,-1.3419961929321227,-1.4389010494474144,Pt,2,8
68,-1.0939331054687509,-1.1982801551086617,Pt,1,8
69,-1.4891395568847638,-1.4794486686192192,Pt,2,8
70,-1.41621923446655,-1.370482010872238,Rh,1,8
71,-1.6250801086425737,-1.6049071755523199,Rh,2,8
72,-1.8670954704284608,-1.7761245239622443,Rh,3,8
73,-1.5735511779785147,-1.511221149859349,Rh,1,8
74,-1.534751892089842,-1.5677654947914414,Rh,2,8
75,-1.6519031524658132,-1.656536501797223,Rh,3,8
76,-1.4942784309387154,-1.521487876075764,Rh,1,8
77,-1.7309432029724086,-1.78634928002549,Rh,3,8
78,-1.5714430809020952,-1.6224449428462242,Rh,2,8
79,-1.5559649467468226,-1.5596003872791833,Rh,2,8
80,-1.4192366600036568,-1.367576292400813,Rh,1,8
81,-1.43540239334106,-1.3739580149115058,Rh,1,8
82,-1.283756256103513,-1.2930060501370013,Rh,1,8
83,-1.597518920898434,-1.5520751655980582,Rh,2,8
84,-1.5682516098022434,-1.5159336513286166,Rh,1,8
85,-1.5532555580139116,-1.4962016852289532,Rh,1,8
86,-1.27016019821167,-1.2930731033605727,Rh,1,8
87,-1.6231694221496582,-1.535168913062438,Rh,1,8
88,-1.7563333511352512,-1.736646794052376,Rh,3,8
89,-1.3593139648437482,-1.3742148120842268,Rh,1,8
90,-1.4294142723083452,-1.4254448627230962,Rh,1,8
91,-1.5438313484191903,-1.5530505196915423,Rh,2,8
92,-1.4762434959411603,-1.4809406388090927,Rh,1,8
93,-1.5753545761108398,-1.488859879473036,Rh,1,8
94,-1.5525541305541974,-1.6181726266271323,Rh,3,8
95,-1.6015982627868617,-1.6626306211788662,Ru,1,8
96,-1.9118790626525843,-1.9178342797876586,Ru,1,8
97,-1.993932723999024,-1.9383844857865284,Ru,1,8
98,-1.9970650672912609,-1.9935014226200818,Ru,2,8
99,-1.870174884796138,-1.9192568092609337,Ru,1,8
100,-2.02686023712158,-1.9450860789045235,Ru,1,8
101,-2.268951416015625,-2.120443077734067,Ru,2,8
102,-1.9048643112182584,-1.8839015500004312,Ru,1,8
103,-1.851397514343259,-1.8296693921477767,Ru,1,8
104,-1.9842076301574672,-1.9407900383400456,Ru,1,8
105,-1.994833946228024,-1.9870402401990086,Ru,2,8
106,-2.0930738449096635,-2.078737449818871,Ru,3,8
107,-1.800401687622066,-1.7853758788720424,Ru,1,8
108,-1.9827184677124023,-2.0183423167865207,Ru,2,8
109,-1.9786052703857369,-1.9311611659839183,Ru,1,8
110,-2.036924362182617,-1.9589851788538235,Ru,1,8
111,-2.286047935485837,-2.2150861889890052,Ru,3,8
112,-1.990476608276364,-2.0005674306760115,Ru,2,8
113,-1.81614255905151,-1.8017046429818733,Ru,1,8
114,-1.894260883331296,-1.9019114806907942,Ru,1,8
115,-1.7003111839294451,-1.7134700142040094,Ru,1,8
116,-1.7071948051452577,-1.6993357463880405,Ru,1,8
117,-1.915956974029536,-1.8372663464096226,Ru,1,8
118,-1.856541156768796,-1.8592012527178425,Ru,1,8
119,-2.0265574455261213,-2.0680066012506164,Ru,3,8
120,-1.9757118225097663,-2.026511854939864,Ru,2,8
121,-2.022034645080568,-2.115182462736788,Ru,3,8
122,-1.6951222419738723,-1.6178772984041365,Ir,1,9
123,-1.844310760498044,-1.901897814867223,Ir,2,9
124,-1.6100811958312944,-1.6079290213642767,Ir,1,9
125,-2.153954982757565,-2.110498258473852,Ir,3,9
126,-2.0227799415588343,-1.9610699044781612,Ir,2,9
127,-1.931874275207515,-2.0384484680092414,Ir,2,9
128,-2.0790300369262704,-2.080679026087181,Ir,3,9
129,-1.8078999519348136,-1.7252587880445462,Ir,1,9
130,-1.7356562614440882,-1.740598970879907,Ir,1,9
131,-1.729518890380855,-1.7338201291737927,Ir,1,9
132,-1.6446843147277797,-1.6477326311826106,Ir,1,9
133,-1.892808914184564,-1.899918348358361,Ir,2,9
134,-1.859337329864496,-1.9306548185621066,Ir,2,9
135,-1.560266971588133,-1.61123262536448,Ir,1,9
136,-1.6212816238403285,-1.649198439924782,Ir,1,9
137,-1.6633095741271893,-1.6152244110256428,Ir,1,9
138,-1.704718112945551,-1.594513587992666,Ir,1,9
139,-2.0177249908447195,-1.9268474960978332,Ir,2,9
140,-2.187617301940916,-2.113796247447557,Ir,3,9
141,-1.90945863723754,-1.8572695424271368,Ir,2,9
142,-2.035252094268799,-2.068413633316678,Ir,3,9
143,-1.2021174430847106,-1.1641457377772988,Pd,2,9
144,-1.0301322937011648,-0.9368739037351159,Pd,1,9
145,-1.3822364807128915,-1.294252307629922,Pd,3,9
146,-1.2132701873779237,-1.190757345955716,Pd,2,9
147,-0.9815354347228952,-0.9715512210579574,Pd,1,9
148,-0.9539947509765616,-0.9516688344402466,Pd,1,9
149,-1.2643389701843226,-1.2139166726203643,Pd,2,9
150,-0.9943666458129812,-0.9942907349138145,Pd,1,9
151,-1.381446838378901,-1.3848343606758724,Pd,3,9
152,-1.181324958801266,-1.1925488028807718,Pd,2,9
153,-1.1296534538269,-1.1731816477104735,Pd,2,9
154,-1.030283451080317,-0.9781412001463383,Pd,1,9
155,-1.2930636405944824,-1.2810146948428567,Pd,2,9
156,-1.2380285263061444,-1.2619065173790693,Pd,2,9
157,-1.31231355667114,-1.2610926740185435,Pd,3,9
158,-1.196341514587397,-1.1834687394798813,Pd,2,9
159,-0.9515933990478436,-0.930936583457149,Pd,1,9
160,-1.1119270324707005,-0.9961794190351781,Pd,1,9
161,-1.2471957206725983,-1.1830076898523982,Pd,2,9
162,-1.462043762207025,-1.4063074244360367,Pd,3,9
163,-0.8807601928710884,-0.9152521124557782,Pd,1,9
164,-0.8856506347656232,-0.935144620062911,Pd,1,9
165,-0.8029251098632777,-0.8569009702969428,Pd,1,9
166,-1.208996295928948,-1.157256773858386,Pd,2,9
167,-1.2812099456787047,-1.253790718792418,Pd,3,9
168,-1.189335823059075,-1.2018524554712477,Pd,3,9
169,-1.4664411544799787,-1.3685593149390523,Pt,2,9
170,-1.5501918792724556,-1.5774182764545526,Pt,3,9
171,-1.3583378791809049,-1.3858396358632874,Pt,2,9
172,-1.4086017608642578,-1.3763704170054114,Pt,2,9
173,-1.0543427467346174,-1.125391134962687,Pt,1,9
174,-1.0211300849914533,-1.1112241932446119,Pt,1,9
175,-1.4285936355590776,-1.4248455081404265,Pt,2,9
176,-1.0817809104919398,-1.205835140862172,Pt,1,9
177,-1.296119213104241,-1.2712884239366675,Pt,1,9
178,-1.5509400367736754,-1.4972181644291498,Pt,2,9
179,-1.4223179817199645,-1.4550006955218286,Pt,2,9
180,-1.228954315185543,-1.3396190752611965,Pt,1,9
181,-1.910316467285156,-1.7895583262325299,Pt,3,9
182,-1.4472174644470188,-1.5500652683243512,Pt,2,9
183,-1.262831687927246,-1.2627967224640968,Pt,1,9
184,-1.4835820198059055,-1.4685069402763389,Pt,2,9
185,-1.4995503425598091,-1.4649635469084428,Pt,2,9
186,-1.137892723083496,-1.1612255137576195,Pt,1,9
187,-1.1819224357604954,-1.3176577530493645,Pt,1,9
188,-1.6133308410644511,-1.5906563672045146,Pt,3,9
189,-1.1885714530944798,-1.25184887497493,Pt,1,9
190,-1.3857874870300255,-1.4283128854560216,Pt,2,9
191,-1.1851401329040492,-1.180314244486423,Pt,1,9
192,-1.0482072830200142,-1.0111700357330518,Pt,1,9
193,-1.1035318374633718,-1.0855624826649093,Pt,1,9
194,-1.804609775543207,-1.7527164262957442,Pt,3,9
195,-1.3459291458129847,-1.3312075195782342,Rh,1,9
196,-1.5584082603454554,-1.5814679344892912,Rh,3,9
197,-1.4864249229431137,-1.415507634828654,Rh,1,9
198,-1.308113574981686,-1.3344053220506766,Rh,1,9
199,-1.5292639732360789,-1.4956191750601164,Rh,1,9
200,-1.3046426773071245,-1.3712122781175562,Rh,1,9
201,-1.3717484474182091,-1.3501142645667983,Rh,1,9
202,-1.3346958160400355,-1.3318918366681798,Rh,1,9
203,-1.629342079162596,-1.5282305351096688,Rh,1,9
204,-1.5978646278381294,-1.6384893032814873,Rh,3,9
205,-1.5735764503478942,-1.601171965540247,Rh,2,9
206,-1.3634500503539997,-1.442961001814554,Rh,1,9
207,-1.4521594047546331,-1.3899435213759654,Rh,1,9
208,-1.681401729583734,-1.718262602102263,Rh,3,9
209,-1.7989087104797346,-1.7690833955377638,Rh,3,9
210,-1.366658210754391,-1.385831467657017,Rh,1,9
211,-1.6887707710266042,-1.593793375326562,Rh,1,9
212,-1.5456318855285591,-1.4097542479839689,Rh,1,9
213,-1.6681838035583452,-1.6886801653987815,Rh,3,9
214,-1.5486783981323224,-1.5617886673184704,Rh,2,9
215,-1.459844589233393,-1.4663094298673953,Rh,1,9
216,-1.5361061096191335,-1.595462347561749,Rh,3,9
217,-1.3577604293823209,-1.3035297799137384,Rh,1,9
218,-1.4901628494262686,-1.5579117625327639,Rh,2,9
219,-1.5647115707397408,-1.5299226488730777,Rh,2,9
220,-2.2366786003112766,-2.0764984368803665,Ru,2,9
221,-1.6655445098876918,-1.677856961514575,Ru,1,9
222,-2.0371665954589817,-2.0118905037810477,Ru,2,9
223,-1.904034137725828,-1.8740486226289583,Ru,1,9
224,-1.908213138580324,-1.9704972570387824,Ru,2,9
225,-2.003690719604486,-1.9374742055184557,Ru,1,9
226,-1.9108867645263627,-1.8888295515869982,Ru,1,9
227,-1.9374332427978465,-1.9175688915040214,Ru,1,9
228,-1.861031055450434,-1.927626747964817,Ru,1,9
229,-2.522641181945799,-2.4596191772020797,Ru,3,9
230,-1.9291539192199672,-1.9403621858975055,Ru,1,9
231,-1.8038077354431108,-1.947604608906331,Ru,2,9
232,-1.992043018341063,-2.0533232914019575,Ru,3,9
233,-1.867336273193356,-1.8572860710174386,Ru,1,9
234,-1.8031969070434544,-1.8607798789946624,Ru,1,9
235,-2.1104750633239693,-2.182589895816348,Ru,3,9
236,-1.7535901069641104,-1.7399869213004548,Ru,1,9
237,-1.9715123176574647,-1.9091399954746588,Ru,1,9
238,-1.981537818908687,-1.9297251198973504,Ru,1,9
239,-2.3850359916686976,-2.553031069061026,Ru,3,9
240,-1.9108853340148908,-1.9046202116377344,Ru,1,9
241,-1.8389778137206976,-1.865070605657012,Ru,1,9
242,-2.105418205261227,-2.012876364296236,Ru,2,9
243,-1.8280744552612296,-1.8889130532941567,Ru,1,9
244,-1.8705821037292496,-1.9177808578961981,Ir,2,10
245,-1.9099369049072283,-1.9625920213370622,Ir,2,10
246,-1.7562708854675302,-1.7077657361797236,Ir,1,10
247,-2.016181468963623,-2.044500859517741,Ir,3,10
248,-2.0041017532348624,-1.9484536640467405,Ir,2,10
249,-1.7336196899414054,-1.7360882903266257,Ir,1,10
250,-1.7009420394897423,-1.7735714515281418,Ir,1,10
251,-1.9074773788452168,-1.9277993238099442,Ir,2,10
252,-1.576325416564938,-1.5963775061116077,Ir,1,10
253,-2.072291374206542,-1.9729376655371624,Ir,2,10
254,-1.9993071556091309,-2.0272887094009264,Ir,3,10
255,-1.872494697570798,-1.870047510427991,Ir,2,10
256,-1.876471042633052,-1.960383740805972,Ir,2,10
257,-2.071444988250727,-2.0319026237878006,Ir,2,10
258,-2.011747837066649,-2.097367369169722,Ir,3,10
259,-1.9177799224853496,-1.8580685915098785,Ir,1,10
260,-1.601606369018552,-1.6137088774022859,Ir,1,10
261,-1.979146480560301,-2.0096925296733246,Ir,3,10
262,-2.0867271423339853,-2.1179067053722775,Ir,3,10
263,-2.127315998077392,-1.9969526096877122,Ir,2,10
264,-2.1276178359985325,-2.118033412426988,Ir,3,10
265,-1.597812652587887,-1.6204753647943828,Ir,1,10
266,-1.948357105255128,-1.9700108791129887,Ir,2,10
267,-1.7686705589294425,-1.751769150375835,Ir,1,10
268,-2.087084293365476,-2.119558599395151,Ir,3,10
269,-1.8196840286254865,-1.9217644056913956,Ir,2,10
270,-1.9516792297363272,-2.0285927334864438,Ir,3,10
271,-1.1042566299438503,-1.1412720187753442,Pd,2,10
272,-0.9115943908691406,-0.927340734860868,Pd,1,10
273,-1.3742938041686994,-1.3581936799492313,Pd,3,10
274,-0.95855951309204,-0.9526702975751289,Pd,1,10
275,-0.9407038688659616,-1.0055777444822647,Pd,1,10
276,-0.9685840606689436,-0.9541945086080847,Pd,1,10
277,-0.9028186798095694,-0.9202709618431525,Pd,1,10
278,-1.272062778472895,-1.3087339030701104,Pd,3,10
279,-1.4376239776611328,-1.4123120984618984,Pd,3,10
280,-1.2192392349243155,-1.1919771744261263,Pd,2,10
281,-0.8111448287963805,-0.8562758231395567,Pd,1,10
282,-1.2363553047180114,-1.1739591637222346,Pd,2,10
283,-0.8104286193847638,-0.910460650420393,Pd,1,10
284,-0.8785552978515598,-0.9157079656560897,Pd,1,10
285,-1.172190189361567,-1.1842202428582285,Pd,2,10
286,-0.899872303009035,-0.9740577506730523,Pd,1,10
287,-1.048697948455808,-1.037590214034002,Pd,1,10
288,-1.0882663726806614,-1.001576047637821,Pd,1,10
289,-1.4436483383178658,-1.442257317122975,Pd,3,10
290,-0.9966650009155282,-1.058129665364137,Pd,1,10
291,-0.8843054771423366,-0.9081969921458697,Pd,1,10
292,-1.1426367759704563,-1.1560855866793391,Pd,2,10
293,-1.6025490760803187,-1.5384385361008768,Pt,2,10
294,-1.539005756378173,-1.5785889470150793,Pt,3,10
295,-1.6111402511596689,-1.5973006339396265,Pt,3,10
296,-1.208965301513672,-1.172104231642783,Pt,1,10
297,-1.3164858818054217,-1.2740754463031623,Pt,1,10
298,-1.0737805366516078,-1.105041588423229,Pt,1,10
299,-1.1490554809570357,-1.1772717030020485,Pt,1,10
300,-1.752170562744138,-1.7570250207796398,Pt,3,10
301,-1.6816196441650364,-1.6435538387296837,Pt,2,10
302,-1.2769379615783656,-1.2793142188326991,Pt,1,10
303,-1.3787794113159242,-1.3249049207554167,Pt,1,10
304,-1.3476858139038033,-1.3212523377736234,Pt,1,10
305,-1.400029659271243,-1.4555999329486564,Pt,2,10
306,-1.404879093170161,-1.3414862568992634,Pt,2,10
307,-1.1350054740905753,-1.1805262206367915,Pt,1,10
308,-1.0595641136169398,-1.122873589205604,Pt,1,10
309,-1.126996040344232,-1.0918471026540695,Pt,1,10
310,-1.141523838043207,-1.124372595163333,Pt,1,10
311,-1.267103195190427,-1.191815224002853,Pt,1,10
312,-1.253424644470213,-1.2222502869560732,Pt,1,10
313,-1.1649918556213388,-1.1221233262160162,Pt,1,10
314,-1.5608205795288113,-1.608447557323459,Pt,3,10
315,-1.3574495315551711,-1.3579851200672568,Rh,1,10
316,-1.5484671592712402,-1.655618280732624,Rh,3,10
317,-1.58831357955932,-1.5940937073572665,Rh,2,10
318,-1.491411209106445,-1.5092045773364782,Rh,1,10
319,-1.6362252235412544,-1.5831113908163812,Rh,2,10
320,-1.407295703887934,-1.3895486197305216,Rh,1,10
321,-1.3891592025756827,-1.4134135218881279,Rh,1,10
322,-1.5832033157348624,-1.5669925698660012,Rh,2,10
323,-1.2743186950683576,-1.3841968096187196,Rh,1,10
324,-1.3086967468261683,-1.3814128586165764,Rh,1,10
325,-1.6305871009826634,-1.6037508910848226,Rh,2,10
326,-1.492300033569336,-1.4480609065328602,Rh,1,10
327,-1.5294818878173857,-1.4808130573918223,Rh,1,10
328,-1.4476037025451642,-1.4293553166316935,Rh,1,10
329,-1.2770080566406223,-1.291942871434757,Rh,1,10
330,-1.5312199592590303,-1.5244701437682857,Rh,1,10
331,-1.5627465248107857,-1.622083770368221,Rh,3,10
332,-1.5871677398681685,-1.5920975259499888,Rh,2,10
333,-1.4204573631286594,-1.3125905924988102,Rh,1,10
334,-1.4038920402526776,-1.4425265330698145,Rh,1,10
335,-1.3501176834106374,-1.3104611741303926,Rh,1,10
336,-1.6851344108581543,-1.6394948597797603,Rh,2,10
337,-1.5017309188842765,-1.4862907714225924,Rh,1,10
338,-1.6681623458862322,-1.6706225942665132,Rh,2,10
339,-1.6545472145080522,-1.656154220538293,Rh,3,10
340,-1.7545533180236808,-1.7229281135645238,Rh,2,10
341,-1.417860031127927,-1.4332763718453836,Rh,1,10
342,-1.8001174926757777,-1.7726955728280482,Rh,3,10
343,-1.7678909301757812,-1.771536153777135,Ru,1,10
344,-1.6159648895263643,-1.6672974414187713,Ru,1,10
345,-1.678719043731685,-1.7206088865516997,Ru,1,10
346,-1.8560833930969205,-1.9543637910330864,Ru,2,10
347,-2.099594593048094,-2.05085717246279,Ru,2,10
348,-1.8718047142028809,-1.952552229366061,Ru,2,10
349,-2.226697921752927,-1.9897563012802495,Ru,1,10
350,-1.559389591217041,-1.6623394769749276,Ru,1,10
351,-1.920804977416994,-2.013826924827512,Ru,3,10
352,-2.0462360382080043,-1.9958384797895652,Ru,2,10
353,-1.7310128211975062,-1.7711385226447165,Ru,1,10
354,-2.036185264587399,-1.9996403715055329,Ru,2,10
355,-1.6802277565002417,-1.879187542761727,Ru,1,10
356,-1.915065765380856,-1.9501682967654768,Ru,2,10
357,-1.694995880126947,-1.7638105097403154,Ru,1,10
358,-2.1092090606689435,-2.1551045332400154,Ru,3,10
359,-2.0348401069641096,-2.0079501663332784,Ru,2,10
360,-1.88471746444702,-1.9856824006174214,Ru,3,10
361,-1.9984617233276367,-1.9407124899015042,Ru,1,10
362,-1.8593196868896456,-1.8744904385219379,Ru,1,10
363,-1.7423319816589269,-1.7284601991565416,Ru,1,10
364,-2.267252922058109,-2.264705711231287,Ru,3,10
365,-1.8342142105102504,-1.938429788790591,Ru,2,10
366,-1.9315819740295368,-1.932598576981283,Ir,2,11
367,-2.0120296478271475,-2.108716465989328,Ir,3,11
368,-2.006848335266115,-1.9938361762991474,Ir,2,11
369,-1.800544738769532,-1.858016681715313,Ir,2,11
370,-1.6857728958129865,-1.6496449789811283,Ir,1,11
371,-1.705410003662112,-1.7511695971288972,Ir,1,11
372,-1.774257183074952,-1.8024708667856661,Ir,1,11
373,-1.7559757232666031,-1.795198691729706,Ir,1,11
374,-2.23486375808716,-2.149016771578117,Ir,3,11
375,-1.865983963012693,-1.789657316105888,Ir,1,11
376,-1.5506482124328658,-1.5747051962835448,Ir,1,11
377,-1.6150774955749485,-1.668305748112922,Ir,1,11
378,-1.700888633728023,-1.709616768474691,Ir,1,11
379,-2.1351599693298366,-2.029803537655226,Ir,2,11
380,-2.238063812255861,-2.0881034200332182,Ir,2,11
381,-2.1019883155822745,-2.1697909829185584,Ir,3,11
382,-1.6648173332214364,-1.7160014509124766,Ir,1,11
383,-1.9384884834289573,-1.9195994309233768,Ir,2,11
384,-2.2150001525878933,-2.1561378608836295,Ir,3,11
385,-1.9377112388610824,-1.8369596943085982,Ir,1,11
386,-1.859026908874512,-1.9106141622692432,Ir,2,11
387,-1.8494563102722177,-1.8436344249667285,Ir,1,11
388,-1.926103591918948,-1.9288166884957294,Ir,2,11
389,-1.7099747657775897,-1.736650345184104,Ir,1,11
390,-1.6576609611511255,-1.7067227541538164,Ir,1,11
391,-2.2821831703186053,-2.1432706183300976,Ir,2,11
392,-1.6567168235778835,-1.6567409225887189,Ir,1,11
393,-1.8211717605590805,-1.8655404030854668,Ir,1,11
394,-0.8522763252258292,-0.9308054852920543,Pd,1,11
395,-1.005743503570553,-0.9391909577095736,Pd,1,11
396,-1.0241150856018075,-0.9968154021246917,Pd,1,11
397,-1.1347546577453622,-1.1203226063217702,Pd,1,11
398,-1.1371598243713388,-1.1636149792094277,Pd,2,11
399,-0.8761868476867685,-0.9246660041653874,Pd,1,11
400,-1.2523875236511255,-1.2308205958406582,Pd,2,11
401,-0.9573140144348145,-0.9725675016245745,Pd,1,11
402,-0.819242477416994,-0.8966419044246863,Pd,1,11
403,-1.258949756622313,-1.2386340936973284,Pd,3,11
404,-1.320735454559328,-1.2062965887498842,Pd,2,11
405,-1.290452957153322,-1.25705855219493,Pd,3,11
406,-0.985375881195071,-0.9564489034803951,Pd,1,11
407,-1.3844437599182156,-1.4123481281921904,Pd,3,11
408,-1.3126525878906223,-1.2985572552347093,Pd,2,11
409,-0.9207234382629405,-0.9708985623769554,Pd,1,11
410,-0.9295253753662128,-0.9687194031795494,Pd,1,11
411,-1.133250236511235,-1.0752060530712215,Pd,1,11
412,-1.2927794456481934,-1.2568638909387284,Pd,2,11
413,-1.4057493209838894,-1.3386099589202731,Pd,3,11
414,-0.8891878128051776,-0.9381674788585395,Pd,1,11
415,-1.3727502822875977,-1.4117404275299301,Pd,3,11
416,-1.2645893096923873,-1.2306514068062968,Pd,3,11
417,-1.016898155212404,-1.1309094364790278,Pt,1,11
418,-1.1019182205200222,-1.190621058955955,Pt,1,11
419,-1.4335894584655762,-1.3971367512979525,Pt,2,11
420,-0.9953985214233424,-1.096582312870084,Pt,1,11
421,-1.4099779129028347,-1.3524784242737677,Pt,2,11
422,-1.5789251327514648,-1.5780046060051436,Pt,3,11
423,-1.3017807006835955,-1.3076488737512137,Pt,1,11
424,-1.4842185974121105,-1.517103417061852,Pt,3,11
425,-1.23917818069458,-1.2868808303985313,Pt,1,11
426,-1.1685552597045898,-1.1574316243009322,Pt,1,11
427,-1.2201681137085014,-1.1965399519844522,Pt,1,11
428,-1.4690794944763192,-1.366081854746181,Pt,2,11
429,-1.0174417495727566,-1.0476224150786928,Pt,1,11
430,-1.3922429084777814,-1.380725935788711,Pt,2,11
431,-1.6294260025024414,-1.6443772901854516,Pt,3,11
432,-1.582897663116456,-1.5912733650502568,Pt,3,11
433,-1.4406976699829075,-1.4574462515556272,Pt,2,11
434,-1.0838642120361293,-1.1472302933608174,Pt,1,11
435,-1.6364932060241726,-1.6264980960504856,Pt,3,11
436,-1.2477231025695827,-1.171214527163186,Pt,1,11
437,-1.2244372367858904,-1.1807858050539801,Pt,1,11
438,-1.559390068054201,-1.6125621485490735,Pt,3,11
439,-1.5509872436523455,-1.5255579784020423,Pt,3,11
440,-1.4718818664550826,-1.4311767715220727,Pt,2,11
441,-1.6889872550964349,-1.6239802684812719,Rh,2,11
442,-1.6651024818420428,-1.7075107095944404,Rh,3,11
443,-1.3831486701965303,-1.3881890690792404,Rh,1,11
444,-1.5916404724121094,-1.5771278167795384,Rh,2,11
445,-1.6520047187805194,-1.5785799085398522,Rh,2,11
446,-1.625005245208743,-1.572060221047259,Rh,2,11
447,-1.3809728622436517,-1.382507451187019,Rh,1,11
448,-1.3841042518615705,-1.4304137122892122,Rh,1,11
449,-1.3455705642700195,-1.3755867563178061,Rh,1,11
450,-1.6367588043212882,-1.5935260488840908,Rh,2,11
451,-1.7880554199218786,-1.7876620332100321,Rh,3,11
452,-1.538563251495364,-1.5544012313017879,Rh,2,11
453,-1.4677686691284189,-1.429379526297151,Rh,1,11
454,-1.5794582366943342,-1.5094023508791572,Rh,1,11
455,-1.2961883544921884,-1.2989330401410206,Rh,1,11
456,-1.6152148246765146,-1.5543053143581664,Rh,2,11
457,-1.4776592254638672,-1.4443064330630144,Rh,1,11
458,-1.5360541343689018,-1.5144853823572626,Rh,1,11
459,-1.489345073699953,-1.5104714545397022,Rh,1,11
460,-1.3487567901611357,-1.340436946976603,Rh,1,11
461,-1.6507863998413104,-1.644186077303137,Rh,2,11
462,-1.7685446739196822,-1.7998490119208261,Ru,1,11
463,-2.233368396759036,-2.0953248787973098,Ru,2,11
464,-1.9579429626464853,-2.0194204280839956,Ru,3,11
465,-2.050204277038577,-2.069958487168826,Ru,2,11
466,-2.0266108512878453,-1.9787908811273744,Ru,2,11
467,-1.9700360298156767,-1.9999187922505526,Ru,3,11
468,-1.814068794250491,-1.8455989653617721,Ru,1,11
469,-1.7718191146850604,-1.7159109902135787,Ru,1,11
470,-1.7654194831848171,-1.8188465767874553,Ru,1,11
471,-1.9991421699523952,-1.9854151084311533,Ru,2,11
472,-1.9167466163635227,-1.9131920212119686,Ru,1,11
473,-1.7667622566223145,-1.7885445370647564,Ru,1,11
474,-1.95340967178345,-1.9612137502773779,Ru,2,11
475,-1.958154678344731,-1.9585293012236988,Ru,1,11
476,-1.9261894226074217,-2.023102304500243,Ru,3,11
477,-1.9227757453918457,-1.9121114002711983,Ru,1,11
478,-1.7774834632873562,-1.8573032217421037,Ru,1,11
479,-1.9242939949035671,-1.924638707828889,Ru,1,11
480,-1.8367915153503391,-1.83587495263961,Ru,1,11
481,-1.6809635162353531,-1.6674188638036933,Ru,1,11
482,-1.721842288970949,-1.697959049398937,Ru,1,11
483,-1.8749461174011293,-1.9443112352267546,Ru,2,11
484,-1.963383674621582,-2.0634293455267523,Ru,3,11
485,-1.8779349327087385,-1.9630660014669385,Ru,2,11
486,-2.091805458068852,-2.0280807797470795,Ru,2,11
487,-2.1158328056335414,-2.1537134917990635,Ru,3,11
488,-1.849681854248046,-1.8879172613994426,Ir,2,12
489,-1.843457221984858,-1.8235102609072635,Ir,1,12
490,-1.913917064666741,-2.0628917466535555,Ir,3,12
491,-2.191980838775629,-2.187065661199244,Ir,3,12
492,-1.5880575180053658,-1.5480336599352746,Ir,1,12
493,-1.8358616828918404,-1.8178394139962928,Ir,1,12
494,-1.9724526405334428,-1.9476146861740078,Ir,2,12
495,-1.897247314453118,-1.9199671457075695,Ir,2,12
496,-1.669779300689691,-1.685687821573923,Ir,1,12
497,-2.037755489349361,-2.0857559188812997,Ir,3,12
498,-1.897116661071772,-1.8608903698732389,Ir,2,12
499,-2.060571670532221,-2.044364106918646,Ir,2,12
500,-1.9072537422180105,-1.892749774350805,Ir,2,12
501,-1.7624726295471156,-1.6298170984147948,Ir,1,12
502,-1.9452052116394047,-1.9522186496635154,Ir,2,12
503,-1.5833320617675684,-1.5541090116555765,Ir,1,12
504,-1.6235074996948198,-1.6150802857813125,Ir,1,12
505,-1.5562157630920348,-1.5759394627572956,Ir,1,12
506,-1.6821956634521396,-1.691888695762652,Ir,1,12
507,-1.5767707824707011,-1.6484548324724535,Ir,1,12
508,-1.5222949981689409,-1.5213940262051464,Ir,1,12
509,-1.7612838745117123,-1.7124311231040688,Ir,1,12
510,-2.1698980331420863,-2.1632332001808954,Ir,3,12
511,-1.3110184669494591,-1.2628899100110447,Pd,2,12
512,-1.2673149108886663,-1.1850370948471103,Pd,2,12
513,-0.9364151954650852,-0.9637640270261474,Pd,1,12
514,-1.4233655929565376,-1.4126008388618965,Pd,3,12
515,-0.9881038665771458,-1.0267509486389712,Pd,1,12
516,-1.2470645904540971,-1.1870172872555798,Pd,2,12
517,-1.0683569908142043,-1.069916440439078,Pd,1,12
518,-1.2853446006774885,-1.224098163052878,Pd,2,12
519,-1.5773606300353942,-1.442257317122975,Pd,3,12
520,-1.3778400421142516,-1.3083199820203208,Pd,2,12
521,-0.9402375221252416,-0.9700704863357361,Pd,1,12
522,-0.8687191009521431,-0.9735581768001266,Pd,1,12
523,-0.8853545188903809,-0.9428416839580567,Pd,1,12
524,-1.4312343597412065,-1.412491822975687,Pd,3,12
525,-1.2318959236144966,-1.191488604555914,Pd,2,12
526,-1.1222991943359322,-1.158633845225099,Pd,2,12
527,-1.2309789657592702,-1.2134651420647045,Pd,3,12
528,-1.0145802497863698,-0.9684904483914516,Pd,1,12
529,-0.8254489898681587,-0.8569009702969428,Pd,1,12
530,-1.3141546249389613,-1.3674138082008913,Pd,3,12
531,-1.3328356742858825,-1.342093595813628,Pd,3,12
532,-1.090244293212888,-1.1175701127029116,Pd,1,12
533,-1.3682246208190874,-1.2519279257688953,Pd,2,12
534,-1.3438997268676696,-1.3665616072156834,Pd,3,12
535,-1.6479907035827577,-1.6036674333371057,Pt,3,12
536,-1.375115394592278,-1.2831045281222095,Pt,1,12
537,-1.8738541603088352,-1.7817991875888926,Pt,3,12
538,-1.7603511810302708,-1.7214302972124877,Pt,2,12
539,-1.1201009750366184,-1.134444317399074,Pt,1,12
540,-1.5678081512451136,-1.5823522802074572,Pt,3,12
541,-1.2577562332153267,-1.1850943715507425,Pt,1,12
542,-1.1635212898254386,-1.1640767164742392,Pt,1,12
543,-1.0706806182861284,-1.104583179418935,Pt,1,12
544,-1.0391340255737251,-1.135357195745632,Pt,1,12
545,-1.0442023277282653,-1.1365690245791495,Pt,1,12
546,-1.4154453277587846,-1.4462248772114779,Pt,2,12
547,-0.9974966049194274,-1.100926551694773,Pt,1,12
548,-1.624418258666986,-1.629894979600423,Pt,3,12
549,-1.065194129943846,-1.0828421285100962,Pt,1,12
550,-1.397336959838861,-1.3493502294703075,Pt,1,12
551,-1.0825467109680122,-1.095202102093176,Pt,1,12
552,-1.1107482910156188,-1.1662434108259734,Pt,1,12
553,-1.5762944221496555,-1.644050845927499,Pt,3,12
554,-1.510034084320064,-1.4695066804598722,Pt,2,12
555,-1.4944024085998473,-1.4542974558557848,Pt,3,12
556,-1.1109075546264575,-1.1143882121893973,Pt,1,12
557,-1.1759586334228471,-1.1663138153255692,Pt,1,12
558,-1.7625799179077113,-1.7239384340739432,Pt,3,12
559,-1.5638241767883256,-1.5579684489542955,Rh,2,12
560,-1.5056533813476491,-1.5011615471262263,Rh,1,12
561,-1.374920845031732,-1.352974661806759,Rh,1,12
562,-1.5360507965087855,-1.495807524354877,Rh,1,12
563,-1.4938950538635218,-1.465622063036629,Rh,1,12
564,-1.362671375274652,-1.404099131248817,Rh,1,12
565,-1.605186462402341,-1.5858543877637326,Rh,2,12
566,-1.598759174346922,-1.5767999283974394,Rh,2,12
567,-1.5496330261230424,-1.52177183589635,Rh,2,12
568,-1.541604995727532,-1.5685866224009526,Rh,2,12
569,-1.758406162261955,-1.737051078220491,Rh,3,12
570,-1.560249328613274,-1.5131030652268735,Rh,1,12
571,-1.5164742469787518,-1.4926828395019314,Rh,1,12
572,-1.502973556518552,-1.5630439382949555,Rh,2,12
573,-1.4023270606994584,-1.3722818608441678,Rh,1,12
574,-1.2932391166686958,-1.340160510359272,Rh,1,12
575,-1.5170469284057564,-1.541761630003465,Rh,2,12
576,-1.4021077156066886,-1.3664115257611507,Rh,1,12
577,-1.5383954048156685,-1.5438704913002277,Rh,2,12
578,-1.4996471405029252,-1.4665197001462016,Rh,1,12
579,-1.4441461563110307,-1.4508299525700796,Rh,1,12
580,-1.4452013969421331,-1.4798973988508155,Rh,1,12
581,-1.4481596946716315,-1.4257841782516885,Rh,1,12
582,-1.5580763816833452,-1.6318470054454821,Rh,3,12
583,-2.1787214279174743,-1.979443544487881,Ru,1,12
584,-2.0983395576477,-2.0810971624639785,Ru,2,12
585,-2.076200962066647,-1.957579681469104,Ru,1,12
586,-1.726626873016354,-1.7341794026942423,Ru,1,12
587,-2.0153107643127406,-2.030461445950072,Ru,2,12
588,-1.9502172470092711,-1.9285060814373134,Ru,1,12
589,-1.8562211990356392,-1.8836067756460915,Ru,1,12
590,-1.520449638366694,-1.6097838845367825,Ru,1,12
591,-2.145835876464837,-2.0427747690592697,Ru,2,12
592,-1.7624802589416486,-1.74087751494862,Ru,1,12
593,-1.8616251945495528,-1.887086433858656,Ru,1,12
594,-1.8503170013427708,-1.9649639996101398,Ru,2,12
595,-1.993730545043939,-2.0977182279893962,Ru,3,12
596,-1.995236873626704,-1.980587594296284,Ru,2,12
597,-2.188498973846428,-1.9625722727681774,Ru,1,12
598,-2.005064487457269,-2.0638863806809757,Ru,3,12
599,-1.8856458663940403,-1.941537016941714,Ru,1,12
600,-2.1798171997070312,-2.1934697665142435,Ru,3,12
601,-2.0423269271850533,-1.9968352803279799,Ru,2,12
602,-1.7761735916137678,-1.7508081616271984,Ru,1,12
603,-1.7806119918823209,-1.7663674878100595,Ru,1,12
604,-1.8298301696777308,-1.8411620243614817,Ru,1,12
605,-2.046533107757564,-2.0663627739567323,Ru,3,12
606,-2.35927248001098,-2.195349146415102,Ru,2,12
607,-2.228336811065668,-2.1114546857743197,Ru,2,12
608,-2.1731381416320774,-2.082211527584026,Ru,2,12
609,-2.152149677276606,-2.0732740176826825,Ru,2,12
610,-1.7972187995910671,-1.8041168927643256,Ir,1,13
611,-1.648728370666503,-1.7326941390622372,Ir,1,13
612,-1.923870563507081,-1.8571225106033642,Ir,2,13
613,-2.139050006866457,-2.0844401103769816,Ir,3,13
614,-1.6859993934631383,-1.553796231020105,Ir,1,13
615,-1.7781748771667507,-1.687805007618286,Ir,1,13
616,-1.6002011299133283,-1.6642722894331377,Ir,1,13
617,-2.1446099281311017,-2.1483202804172814,Ir,3,13
618,-1.9591960906982449,-1.8408993465005357,Ir,1,13
619,-1.5417447090148944,-1.5272425585132332,Ir,1,13
620,-1.7504134178161612,-1.6784331677330901,Ir,1,13
621,-1.8120789527893075,-1.774590207617974,Ir,1,13
622,-1.7382392883300826,-1.755481899832183,Ir,1,13
623,-1.9447078704833969,-2.003534625373594,Ir,2,13
624,-1.7878513336181658,-1.8458088722465222,Ir,1,13
625,-1.7660655975341832,-1.824670612844274,Ir,2,13
626,-2.1007227897644025,-2.021970849183301,Ir,2,13
627,-1.8081398010253915,-1.839365255315748,Ir,2,13
628,-1.5743770599365243,-1.5260466280656713,Ir,1,13
629,-1.6624341011047354,-1.6213597203297316,Ir,1,13
630,-2.117116451263427,-2.120279725617504,Ir,3,13
631,-1.7268061637878418,-1.7530741214729237,Ir,1,13
632,-1.7665328979492223,-1.7335490703304073,Ir,1,13
633,-1.955862522125244,-1.8695238490834838,Ir,1,13
634,-1.6124997138977069,-1.6222269760325665,Ir,1,13
635,-1.8707733154296875,-1.8314079348945864,Ir,1,13
636,-1.9298744201660163,-1.9692973796625284,Ir,2,13
637,-2.1521539688110334,-2.0504467845910983,Ir,2,13
638,-0.9793787002563484,-0.9788980474027483,Pd,1,13
639,-1.1599702835083026,-1.1894315721555162,Pd,2,13
640,-1.3196239471435556,-1.3461693251653297,Pd,3,13
641,-0.8696684837341317,-0.9084475249244786,Pd,1,13
642,-1.0243821144104004,-1.075355757956551,Pd,1,13
643,-1.2507424354553258,-1.204955959599514,Pd,2,13
644,-0.9892683029174778,-0.9679596011649212,Pd,1,13
645,-0.8531332015991229,-0.886780965481484,Pd,1,13
646,-0.955472469329834,-0.9789836587740077,Pd,1,13
647,-1.2755389213561976,-1.22600301392526,Pd,2,13
648,-1.5882983207702654,-1.442257317122975,Pd,3,13
649,-1.2805070877075178,-1.2233345270515474,Pd,2,13
650,-1.0254769325256348,-0.9778255554171136,Pd,1,13
651,-1.3424186706542969,-1.342883218838782,Pd,3,13
652,-1.003605365753172,-1.0481875758391548,Pd,1,13
653,-0.9082531929016096,-0.9456150661388493,Pd,1,13
654,-1.18936777114868,-1.1883455364565034,Pd,2,13
655,-0.97704792022705,-0.9814550911133549,Pd,1,13
656,-1.0322918891906738,-1.025658099420553,Pd,1,13
657,-1.0705890655517545,-1.0505402939619592,Pd,1,13
658,-1.375703811645506,-1.4125426015831524,Pd,3,13
659,-0.9815549850463868,-0.93649098469814,Pd,1,13
660,-1.2391719818115234,-1.2084048441527513,Pd,2,13
661,-0.955436706542967,-0.9576249057157176,Pd,1,13
662,-1.3687205314636213,-1.400980697526658,Pd,3,13
663,-1.284897804260253,-1.3200856843702524,Pt,2,13
664,-1.5426144599914542,-1.5071334214000542,Pt,2,13
665,-1.3608450889587402,-1.3605551102490796,Pt,2,13
666,-1.0967831611633283,-1.1582471803847456,Pt,1,13
667,-1.2107987403869602,-1.1925696398351704,Pt,1,13
668,-1.594556808471678,-1.5809932134690519,Pt,2,13
669,-1.2492337226867702,-1.2279506794110353,Pt,1,13
670,-1.0490708351135245,-1.0932145267217326,Pt,1,13
671,-1.6894102096557608,-1.7363234442473732,Pt,3,13
672,-1.416783332824707,-1.4206704039781322,Pt,2,13
673,-1.1157360076904317,-1.2010050835304324,Pt,1,13
674,-1.598970413208006,-1.6775266253662622,Pt,3,13
675,-1.0681724548339844,-1.1790906369768188,Pt,1,13
676,-1.273953437805177,-1.2346507970512364,Pt,1,13
677,-1.3418087959289533,-1.2835818552721292,Pt,1,13
678,-1.812770366668702,-1.7711809705136248,Pt,3,13
679,-1.701357841491702,-1.7172456263489098,Pt,3,13
680,-1.559383392333988,-1.4909905660484337,Pt,3,13
681,-1.0136027336120614,-1.0838806642125771,Pt,1,13
682,-1.444002628326416,-1.3696045522306013,Pt,1,13
683,-1.4772019386291513,-1.484241635487792,Pt,3,13
684,-1.085382938385008,-1.10711807139793,Pt,1,13
685,-1.1328272819519052,-1.0955975846975603,Pt,1,13
686,-1.6535243988037056,-1.5591437974530609,Pt,2,13
687,-1.7763214111328116,-1.751159173900474,Pt,3,13
688,-1.4437384605407706,-1.3646690727292305,Rh,1,13
689,-1.6426525115966797,-1.6710059099426013,Rh,2,13
690,-1.5798158645629885,-1.5735701416166776,Rh,2,13
691,-1.6647839546203649,-1.6125333610777153,Rh,2,13
692,-1.6808857917785651,-1.6003811239903332,Rh,2,13
693,-1.4881410598754874,-1.4487548703569728,Rh,1,13
694,-1.3447957038879412,-1.353190640290873,Rh,1,13
695,-1.448765754699706,-1.4320728549848372,Rh,1,13
696,-1.449132919311527,-1.425592761209503,Rh,1,13
697,-1.738965988159177,-1.7595499922319833,Rh,3,13
698,-1.6695399284362802,-1.6131720196450152,Rh,2,13
699,-1.6083636283874505,-1.5672390193841845,Rh,2,13
700,-1.8890614509582464,-1.7824190949726904,Rh,2,13
701,-1.4331727027893084,-1.4855214039238194,Rh,2,13
702,-1.450314521789548,-1.5238748581172095,Rh,2,13
703,-1.5600962638855007,-1.5692842669541027,Rh,2,13
704,-1.3522830009460458,-1.3562224071330138,Rh,1,13
705,-1.7784557342529288,-1.7030732106363806,Rh,2,13
706,-1.3688292503356925,-1.329535740248877,Rh,1,13
707,-1.6323413848876944,-1.658890548133334,Rh,3,13
708,-1.6810746192932102,-1.753107622996877,Rh,3,13
709,-1.8291311264038068,-1.7489981020396543,Rh,2,13
710,-1.6254692077636692,-1.648016330797574,Rh,3,13
711,-1.7382855415344256,-1.8414121081114054,Ru,1,13
712,-2.0751309394836417,-2.1111600434131272,Ru,3,13
713,-2.267590045928954,-2.291210636033417,Ru,3,13
714,-2.096920013427729,-1.9848007749732692,Ru,1,13
715,-1.937714099884032,-1.907389977750768,Ru,1,13
716,-2.0010342597961444,-1.9897336349038988,Ru,2,13
717,-2.079397678375241,-2.0326647347470153,Ru,2,13
718,-2.141087055206296,-2.199783433880377,Ru,3,13
719,-1.847456932067872,-1.958822542959342,Ru,2,13
720,-1.8326735496520976,-1.8145382734830044,Ru,1,13
721,-1.9887332916259768,-2.021694035546153,Ru,3,13
722,-1.87648344039917,-1.8560877640989315,Ru,1,13
723,-1.9343714714050293,-1.9909546871799675,Ru,3,13
724,-2.2261667251586914,-2.133467468031809,Ru,2,13
725,-2.12501049041748,-1.9977289051850973,Ru,1,13
726,-1.714588642120364,-1.7103491447835903,Ru,1,13
727,-1.6652221679687464,-1.6716411499472204,Ru,1,13
728,-1.854067802429201,-1.8325910541891541,Ru,1,13
729,-2.0394425392150914,-1.9896127072168268,Ru,2,13
730,-1.9076738357543963,-1.9087050402666936,Ru,1,13
731,-1.898819446563718,-1.904038366222624,Ru,1,13
732,-1.6611700057983372,-1.689779692827446,Ir,1,14
733,-1.6883907318115243,-1.7585763636587306,Ir,1,14
734,-2.4368667602539054,-2.373865240465101,Ir,3,14
735,-2.132153511047365,-2.041653990305662,Ir,2,14
736,-1.7485270500183097,-1.723957525432819,Ir,1,14
737,-1.874269485473636,-1.8929460608687383,Ir,2,14
738,-2.1967649459838867,-2.098333726494994,Ir,2,14
739,-1.9023847579956064,-1.9605615642128473,Ir,3,14
740,-1.7624688148498535,-1.812706684523058,Ir,2,14
741,-1.6138501167297354,-1.5612633729977992,Ir,1,14
742,-2.1374692916870126,-2.155534674439835,Ir,3,14
743,-1.580406188964842,-1.5613406944422306,Ir,1,14
744,-1.9847064018249505,-2.0190638553634574,Ir,3,14
745,-1.946044921875,-1.9514886702314778,Ir,2,14
746,-1.9935026168823289,-2.0119561421576275,Ir,2,14
747,-1.9584259986877488,-2.0217358072802254,Ir,3,14
748,-2.2502350807189933,-2.2240932233128716,Ir,3,14
749,-1.6388354301452646,-1.6444397044905132,Ir,1,14
750,-1.5577535629272443,-1.5434638490405113,Ir,1,14
751,-1.590423583984374,-1.6918903758025026,Ir,1,14
752,-2.1805100440978995,-2.213665134041483,Ir,3,14
753,-1.633529186248781,-1.6455758545225487,Ir,1,14
754,-1.64800977706909,-1.698520631354124,Ir,1,14
755,-1.8363614082336444,-1.8799861578770056,Ir,2,14
756,-1.9393258094787609,-1.979979771476268,Ir,3,14
757,-1.3384184837341309,-1.2889224121567113,Pd,2,14
758,-0.9198355674743688,-0.9384479705458126,Pd,1,14
759,-1.1581044197082535,-1.2081465299370435,Pd,2,14
760,-1.1926093101501456,-1.2216901150067894,Pd,2,14
761,-0.8796358108520517,-0.9478577343233348,Pd,1,14
762,-0.9968214035034162,-0.9922139864071868,Pd,1,14
763,-1.4319214820861816,-1.4334154554403369,Pd,3,14
764,-1.0994477272033674,-1.154211624700664,Pd,2,14
765,-0.8850445747375488,-0.9579875374630474,Pd,1,14
766,-1.2396368980407706,-1.2178407869182084,Pd,3,14
767,-1.2468194961547834,-1.3343830910440708,Pd,3,14
768,-1.2879834175109846,-1.233664954710138,Pd,3,14
769,-0.9904885292053204,-0.9474266207985613,Pd,1,14
770,-1.163775920867919,-1.1568658469754354,Pd,2,14
771,-1.4408531188964837,-1.4121799813497165,Pd,3,14
772,-1.3135533332824698,-1.3242860573430906,Pd,2,14
773,-1.1299118995666504,-1.0562168191988042,Pd,1,14
774,-1.2504148483276385,-1.2370312772879564,Pd,2,14
775,-0.9185323715209917,-0.9288946304857024,Pd,1,14
776,-0.8705830574035662,-0.8824098362638761,Pd,1,14
777,-0.9241399765014648,-0.9296346013908298,Pd,1,14
778,-1.4219684600830051,-1.4006607861779377,Pd,3,14
779,-1.1634578704833984,-1.1756251119716785,Pd,2,14
780,-1.6947741508483904,-1.7218742847398207,Pt,3,14
781,-1.5111541748046866,-1.5409530404245937,Pt,2,14
782,-1.3080668449401864,-1.3022386998580346,Pt,1,14
783,-1.355886459350585,-1.4093460159654438,Pt,2,14
784,-1.0756211280822736,-1.1104646194532477,Pt,1,14
785,-1.152920722961424,-1.126118369242266,Pt,1,14
786,-1.3513283729553232,-1.3237247977803344,Pt,2,14
787,-1.219890594482421,-1.1582904944945576,Pt,1,14
788,-1.0569114685058558,-1.149122729156693,Pt,1,14
789,-1.3499836921691886,-1.313443940684686,Pt,2,14
790,-1.559664249420169,-1.4541037517772313,Pt,2,14
791,-1.4260764122009286,-1.3709780084733343,Pt,1,14
792,-1.677082061767578,-1.620172615530532,Pt,2,14
793,-1.0985937118530271,-1.1179265999593364,Pt,1,14
794,-1.4631562232971174,-1.4660618918885675,Pt,2,14
795,-1.2912917137145996,-1.29278311131576,Pt,1,14
796,-1.0563678741455078,-1.098406173198827,Pt,1,14
797,-1.2602281570434553,-1.264037163116633,Pt,1,14
798,-1.075739860534667,-1.139318202412049,Pt,1,14
799,-1.4226865768432582,-1.4416036030081048,Pt,2,14
800,-1.250389099121091,-1.2204415913049909,Pt,1,14
801,-1.3672695159912127,-1.414373558729268,Pt,2,14
802,-1.7310218811035163,-1.7310665321589993,Pt,3,14
803,-1.221953392028806,-1.1679089542923797,Pt,1,14
804,-1.5587034225463867,-1.552053530219512,Pt,3,14
805,-1.4921574592590303,-1.4597896438209186,Pt,2,14
806,-1.486741065979002,-1.5499719148897755,Rh,2,14
807,-1.3522353172302202,-1.3776651600672951,Rh,1,14
808,-1.852272510528564,-1.7824677090964258,Rh,3,14
809,-1.5304956436157244,-1.558142760134977,Rh,2,14
810,-1.59256935119629,-1.5666255286510853,Rh,2,14
811,-1.372979640960688,-1.340889506247377,Rh,1,14
812,-1.465843200683592,-1.4467666138059412,Rh,1,14
813,-1.456646442413332,-1.4093298174190372,Rh,1,14
814,-1.286906242370608,-1.306710619204276,Rh,1,14
815,-1.5950198173522958,-1.5645429527789663,Rh,2,14
816,-1.3650703430175763,-1.328677231943581,Rh,1,14
817,-1.4516119956970224,-1.4233824966498605,Rh,1,14
818,-1.5485129356384275,-1.486538226295603,Rh,1,14
819,-1.317563056945799,-1.4174228019200676,Rh,1,14
820,-1.5344533920288157,-1.612846533690387,Rh,3,14
821,-1.3784441947936976,-1.3414235142137816,Rh,1,14
822,-1.2534608840942365,-1.2812892440870158,Rh,1,14
823,-1.5575046539306605,-1.4933662118121187,Rh,1,14
824,-1.409077167510989,-1.3645121862386642,Rh,1,14
825,-1.7411851882934553,-1.7239544055602156,Rh,3,14
826,-1.6895432472229004,-1.715542941355786,Rh,3,14
827,-2.066106796264644,-1.9593343279569861,Ru,1,14
828,-2.2444405555725098,-2.210607474473779,Ru,3,14
829,-2.3305306434631348,-2.093434126790257,Ru,1,14
830,-2.3423819541931152,-2.152019092244767,Ru,2,14
831,-2.19291114807129,-1.9819452706474359,Ru,1,14
832,-1.7156095504760742,-1.7535060425924431,Ru,1,14
833,-1.925569534301756,-1.912578284583465,Ru,1,14
834,-1.99960231781006,-1.9366641978412331,Ru,1,14
835,-1.802404403686524,-1.8264071886970628,Ru,1,14
836,-2.0014066696167,-2.0465184751162115,Ru,3,14
837,-1.6587486267089853,-1.705139892824362,Ru,1,14
838,-1.9671583175659189,-1.9735527020423627,Ru,2,14
839,-1.654592990875246,-1.6727842366723622,Ru,1,14
840,-1.7752046585083,-1.7975511933286907,Ru,1,14
841,-1.99449110031128,-1.9562147154751786,Ru,1,14
842,-1.996233463287357,-1.9342532303862947,Ru,1,14
843,-1.997567176818848,-2.0027566557849856,Ru,2,14
844,-1.7967181205749512,-1.7061739336122637,Ru,1,14
845,-1.8808698654174787,-1.9527250383539234,Ru,2,14
846,-1.9918313026428225,-1.983706980436904,Ru,2,14
847,-2.1062054634094247,-2.107441310578022,Ru,3,14
848,-2.005067348480225,-1.930553921492375,Ru,1,14
849,-1.824578285217284,-1.835050112071273,Ru,1,14
850,-1.801917552948,-1.8186281266603037,Ru,1,14
851,-1.8550682067871087,-1.955721350075393,Ru,2,14
852,-1.997858047485352,-1.968107668535685,Ru,2,14
853,-1.8995556831359848,-1.9228068999701204,Ru,1,14
854,-2.0826516151428205,-2.1113917513342426,Ir,2,15
855,-1.973417758941645,-2.0490887655413257,Ir,3,15
856,-2.0891656875610325,-2.020205263515671,Ir,2,15
857,-1.6771636009216282,-1.7051762046919685,Ir,1,15
858,-1.6812667846679634,-1.6875856792159725,Ir,1,15
859,-1.8883233070373533,-1.879668737468261,Ir,2,15
860,-1.919512748718259,-1.8724132929634247,Ir,2,15
861,-1.8310227394103968,-1.8108634274417388,Ir,1,15
862,-1.796906948089597,-1.7896605508965224,Ir,1,15
863,-2.087246417999265,-2.1350469298063115,Ir,3,15
864,-1.8328423500060984,-1.8241400193414745,Ir,1,15
865,-1.6081538200378382,-1.8056201129071208,Ir,1,15
866,-2.086255073547359,-2.0786844382585077,Ir,3,15
867,-2.173545837402342,-2.1730464532700386,Ir,3,15
868,-2.0274686813354457,-2.0792220371309247,Ir,3,15
869,-2.092856407165528,-2.1150116604894524,Ir,3,15
870,-1.7977705001831037,-1.8453246007445965,Ir,2,15
871,-1.817439079284668,-1.8538239014419287,Ir,2,15
872,-2.1138854026794416,-2.125232973199138,Ir,3,15
873,-1.8143649101257315,-1.8927462287904662,Ir,3,15
874,-0.9297232627868652,-0.9699360420010719,Pd,1,15
875,-0.9421281814575142,-0.9791118050484445,Pd,1,15
876,-0.9615416526794408,-0.9876149176451622,Pd,1,15
877,-1.1887898445129332,-1.1439796594767853,Pd,2,15
878,-1.368136405944818,-1.3965054407289659,Pd,3,15
879,-0.8708996772766078,-0.9134198903664265,Pd,1,15
880,-0.9070138931274389,-0.9632265289048155,Pd,1,15
881,-1.181174278259275,-1.1909030752278242,Pd,3,15
882,-0.9226770401000924,-0.9574084004005612,Pd,1,15
883,-0.9154467582702592,-0.952145562221418,Pd,1,15
884,-1.3659725189208984,-1.4080418426974826,Pd,3,15
885,-1.1906590461730948,-1.2169692615941723,Pd,2,15
886,-0.9734663963317844,-0.9191392738704536,Pd,1,15
887,-0.8580374717712358,-0.8705814791862357,Pd,1,15
888,-1.1104054450988778,-1.1229675991921908,Pd,2,15
889,-1.0178747177124032,-1.034799323395954,Pd,1,15
890,-0.9834065437316876,-0.9588507565385007,Pd,1,15
891,-0.928870201110832,-0.9610851747956413,Pd,1,15
892,-1.0709400177001962,-1.0950045776749588,Pd,1,15
893,-1.063815116882325,-1.0277151087344756,Pd,1,15
894,-1.162322521209715,-1.1729058098739489,Pd,2,15
895,-0.8517417907714817,-0.8960824620916695,Pd,1,15
896,-1.0782876014709446,-1.1297454109581127,Pd,2,15
897,-1.5144605636596662,-1.52365284138488,Pt,2,15
898,-1.155276775360103,-1.2047431946392408,Pt,1,15
899,-1.683256626129146,-1.7246953695250775,Pt,3,15
900,-1.4159240722656206,-1.4229737888986247,Pt,2,15
901,-1.328691005706785,-1.3343456740121822,Pt,2,15
902,-1.5610146522521946,-1.5410860169479996,Pt,2,15
903,-1.2588896751403782,-1.2009418165532633,Pt,1,15
904,-1.175242424011226,-1.1470631773430995,Pt,1,15
905,-1.1355562210083008,-1.1222628122875555,Pt,1,15
906,-1.1838526725769007,-1.240792359717761,Pt,1,15
907,-1.465502262115476,-1.490391600551608,Pt,2,15
908,-1.199879169464106,-1.1780557485300662,Pt,1,15
909,-1.1199383735656694,-1.146930709130526,Pt,1,15
910,-1.0206785202026325,-1.1125046800699034,Pt,1,15
911,-1.7659211158752424,-1.6857255737585894,Pt,2,15
912,-1.7393913269042942,-1.6778047709028419,Pt,3,15
913,-1.6263661384582493,-1.597705879000018,Pt,3,15
914,-1.5928163528442338,-1.5666727418572461,Pt,2,15
915,-1.140886783599849,-1.2298689332039077,Pt,1,15
916,-1.7227935791015607,-1.7603702227101887,Pt,3,15
917,-1.54800987243652,-1.5418046670356629,Pt,2,15
918,-1.2305016517639142,-1.1834140630651002,Pt,1,15
919,-1.1732234954833975,-1.1768016034345372,Pt,1,15
920,-1.068159580230713,-1.1077206131362076,Pt,1,15
921,-1.7359104156494105,-1.727074007092983,Pt,3,15
922,-1.2359547615051245,-1.156865235842674,Pt,1,15
923,-1.1811127662658647,-1.1603011470760416,Pt,1,15
924,-1.6597838401794398,-1.7149630260248556,Pt,3,15
925,-1.303038597106931,-1.2988048886104433,Pt,2,15
926,-1.3009066581726048,-1.2155928880272224,Pt,1,15
927,-1.6150865554809517,-1.6603665153245686,Rh,2,15
928,-1.508156776428217,-1.4849367716950634,Rh,1,15
929,-1.5530095100402797,-1.5740703837000125,Rh,2,15
930,-1.3937702178955007,-1.4313419625533774,Rh,1,15
931,-1.4677639007568324,-1.440559693184444,Rh,1,15
932,-1.2743663787841744,-1.305012272189543,Rh,1,15
933,-1.571594238281245,-1.56595292804083,Rh,2,15
934,-1.7006816864013663,-1.7416100179510052,Rh,3,15
935,-1.5942645072936976,-1.52239952267685,Rh,1,15
936,-1.3341965675353942,-1.4709570441872837,Rh,1,15
937,-1.4897322654724103,-1.5249166737949902,Rh,2,15
938,-1.6266012191772434,-1.5845398990309816,Rh,2,15
939,-1.4216628074645952,-1.3917606180205413,Rh,1,15
940,-1.578523635864256,-1.5405278703049212,Rh,2,15
941,-1.863099098205564,-1.7741884490622404,Rh,3,15
942,-1.8435044288635227,-1.7580205735619827,Rh,2,15
943,-1.5954947471618617,-1.665762384825716,Rh,3,15
944,-1.4876990318298304,-1.5406633475452833,Rh,2,15
945,-1.3730902671813947,-1.3648693593193162,Rh,1,15
946,-1.361183643341061,-1.3571033264884969,Rh,1,15
947,-1.5373249053955025,-1.549005183695808,Rh,2,15
948,-1.4712934494018557,-1.4256786378784772,Rh,1,15
949,-1.3459868431091309,-1.353690963519219,Rh,1,15
950,-1.3624863624572718,-1.3626609448415472,Rh,1,15
951,-1.5116291046142545,-1.4979756974651106,Rh,1,15
952,-2.5168871879577583,-2.4596191772020797,Ru,3,15
953,-1.97598838806152,-1.9582543929549143,Ru,1,15
954,-2.202656269073484,-2.1952600458982836,Ru,3,15
955,-2.133743762969969,-1.9570360136446405,Ru,1,15
956,-2.1017727851867667,-1.95652905000916,Ru,1,15
957,-2.135971546173092,-2.0319282919098147,Ru,2,15
958,-1.7830381393432608,-1.7365111028510904,Ru,1,15
959,-2.0602459907531685,-1.9548223708528667,Ru,1,15
960,-2.3282814025878835,-2.191913136065829,Ru,2,15
961,-2.3472199440002406,-2.2260154800516108,Ru,3,15
962,-1.9697875976562464,-1.9607123446876804,Ru,2,15
963,-2.0395436286926234,-1.993143205888846,Ru,2,15
964,-2.153271198272704,-2.0975562521560516,Ru,2,15
965,-1.8429417610168404,-1.8634979667244784,Ru,1,15
966,-2.2433047294616646,-2.1381447042213653,Ru,2,15
967,-1.7155184745788556,-1.7209989837623134,Ru,1,15
968,-1.910616874694824,-2.0005832198031395,Ru,3,15
969,-1.6513714790344238,-1.6655469211034832,Ru,1,15
970,-1.6142935752868617,-1.6604907103584046,Ru,1,15
971,-1.913868427276612,-1.8529719464210812,Ru,1,15
972,-1.855220794677732,-1.8592882291038555,Ru,1,15
973,-1.67832279205322,-1.6748728797760255,Ru,1,15
974,-1.695264816284176,-1.7208064707947603,Ru,1,15
975,-1.902452945709225,-1.947350569396048,Ru,2,15
976,-1.8722376823425304,-1.8554342391401049,Ir,1,16
977,-1.8860735893249505,-1.9440393758990477,Ir,2,16
978,-1.5653471946716282,-1.5404331319763416,Ir,1,16
979,-1.7986998558044398,-1.8517570872000386,Ir,2,16
980,-2.1438574790954545,-2.1219603997961753,Ir,3,16
981,-1.889561653137204,-1.8002336464392203,Ir,1,16
982,-2.0090894699096618,-2.088053404633378,Ir,3,16
983,-1.8941769599914533,-1.9191618586215478,Ir,2,16
984,-1.9757828712463352,-2.106402249780529,Ir,3,16
985,-1.8844542503356847,-1.9513916958490183,Ir,2,16
986,-1.6742539405822718,-1.7269645181928186,Ir,1,16
987,-1.706316471099849,-1.7572901391657012,Ir,1,16
988,-1.8200364112853973,-1.7898771469471322,Ir,1,16
989,-1.7142658233642551,-1.7053276043038614,Ir,1,16
990,-2.057012081146235,-2.0950182878290424,Ir,3,16
991,-1.5512742996215805,-1.5512167033224649,Ir,1,16
992,-1.593655109405515,-1.5881714465622951,Ir,1,16
993,-1.6436147689819318,-1.7090689229779068,Ir,1,16
994,-1.9520468711853,-2.0180346984459288,Ir,3,16
995,-1.8916344642639145,-1.8878070633132804,Ir,2,16
996,-1.9914093017578096,-2.036407488519462,Ir,3,16
997,-1.8012371063232386,-1.8094857965466007,Ir,1,16
998,-1.280486106872556,-1.2859863518090981,Pd,2,16
999,-0.9376850128173756,-0.9655654153680285,Pd,1,16
1000,-1.0125455856323198,-0.9803786497350306,Pd,1,16
1001,-1.270999908447262,-1.2762527217383137,Pd,2,16
1002,-0.9244346618652308,-0.9520634472772045,Pd,1,16
1003,-0.9829831123352032,-0.9497596064841947,Pd,1,16
1004,-0.9559912681579572,-0.9252327205366617,Pd,1,16
1005,-0.9064970016479474,-0.935889671291039,Pd,1,16
1006,-1.0440435409545872,-1.025331893816428,Pd,1,16
1007,-0.9826245307922336,-1.029041690864678,Pd,1,16
1008,-0.9959845542907706,-1.0376979010352168,Pd,1,16
1009,-0.9821052551269478,-1.0061953468345215,Pd,1,16
1010,-0.978085041046147,-0.9911951425554871,Pd,1,16
1011,-1.1907200813293448,-1.1704975204500696,Pd,2,16
1012,-1.4355568885803187,-1.404862649643098,Pd,3,16
1013,-1.424733638763425,-1.442257317122975,Pd,3,16
1014,-1.0159759521484375,-1.0751155150449558,Pd,1,16
1015,-0.7999248504638619,-0.8598836297620192,Pd,1,16
1016,-0.8749518394470206,-0.8929547761814361,Pd,1,16
1017,-1.2668685913085938,-1.2207361554076537,Pd,2,16
1018,-0.868025302886962,-0.9166744590778835,Pd,1,16
1019,-1.3015842437744096,-1.265186352248604,Pd,3,16
1020,-1.286720752716063,-1.3027479166816973,Pt,1,16
1021,-1.17860651016235,-1.1970701691855739,Pt,1,16
1022,-1.4790096282959002,-1.5237655902923362,Pt,2,16
1023,-1.7364702224731392,-1.7576933740595442,Pt,2,16
1024,-1.135437965393061,-1.1251431389063427,Pt,1,16
1025,-1.3738427162170357,-1.3713856228918162,Pt,2,16
1026,-1.7013311386108398,-1.735389843862195,Pt,3,16
1027,-1.5637974739074665,-1.523905357920749,Pt,2,16
1028,-1.15387153625488,-1.1757785838305175,Pt,1,16
1029,-1.5087261199951143,-1.4615582072732363,Pt,2,16
1030,-1.3287630081176722,-1.3589622129648948,Pt,2,16
1031,-1.487892150878901,-1.4709788844648581,Pt,2,16
1032,-1.0425133705139116,-1.1587094170116992,Pt,1,16
1033,-1.2397398948669434,-1.2071950329019074,Pt,1,16
1034,-1.3664879798889134,-1.422936956160236,Pt,2,16
1035,-1.099908828735351,-1.176733261383447,Pt,1,16
1036,-1.6498842239379838,-1.6062430471839242,Pt,3,16
1037,-1.3501229286193812,-1.362058091969658,Pt,2,16
1038,-1.2384805679321298,-1.23755929755509,Pt,1,16
1039,-1.4512934684753436,-1.438139788301987,Pt,2,16
1040,-1.0410695075988734,-1.0279450409082866,Pt,1,16
1041,-1.6364703178405788,-1.595388394867975,Pt,3,16
1042,-1.0244498252868643,-1.1009895203538873,Pt,1,16
1043,-1.4379572868347132,-1.41034241987565,Pt,2,16
1044,-1.427296161651613,-1.4022283484008842,Pt,2,16
1045,-1.7061214447021469,-1.692077714751985,Pt,3,16
1046,-1.5802130699157688,-1.5874797782704972,Rh,2,16
1047,-1.3979606628417924,-1.4013430369865278,Rh,1,16
1048,-1.8315753936767527,-1.7751861035984415,Rh,3,16
1049,-1.6188778877258292,-1.5987610689890865,Rh,2,16
1050,-1.7635755538940394,-1.7856132980986223,Rh,3,16
1051,-1.512903690338134,-1.5664931541697098,Rh,2,16
1052,-1.5664229393005389,-1.645999019227114,Rh,3,16
1053,-1.46502637863159,-1.5066234263476876,Rh,1,16
1054,-1.6855845451354998,-1.7328530967956624,Rh,3,16
1055,-1.6265525817871032,-1.5929494329461487,Rh,2,16
1056,-1.7978949546813885,-1.7860316964922303,Rh,3,16
1057,-1.5100841522216752,-1.4339121608573795,Rh,1,16
1058,-1.5077309608459428,-1.5378293732439348,Rh,2,16
1059,-1.4358849525451616,-1.3602953410825815,Rh,1,16
1060,-1.479378700256346,-1.4859744790385137,Rh,1,16
1061,-1.569309711456297,-1.5182805716811696,Rh,1,16
1062,-1.7701597213745135,-1.7876614929372239,Rh,3,16
1063,-1.7943296432495082,-1.763718319614983,Rh,3,16
1064,-1.707502365112305,-1.6824337839721255,Rh,2,16
1065,-1.322436809539794,-1.3449995318726355,Rh,1,16
1066,-1.2438240051269511,-1.3510169176535451,Rh,1,16
1067,-1.6396484375000009,-1.586334981146983,Rh,2,16
1068,-1.5805544853210414,-1.6604053039080062,Rh,3,16
1069,-1.6771569252014151,-1.7030031169190822,Rh,3,16
1070,-1.4987463951110804,-1.5618676139931398,Rh,2,16
1071,-1.33758735656738,-1.4323783526420726,Rh,1,16
1072,-1.4421300888061506,-1.5065111979268448,Rh,2,16
1073,-1.594502449035642,-1.6286156549544915,Rh,3,16
1074,-2.0511918067932067,-1.952455080518057,Ru,1,16
1075,-1.954640865325925,-1.891553349863596,Ru,1,16
1076,-1.8453655242919889,-1.7996446392924113,Ru,1,16
1077,-1.682385921478267,-1.6695364255135334,Ru,1,16
1078,-2.0977768898010245,-2.018161804446236,Ru,2,16
1079,-1.9606227874755813,-1.9307844854315785,Ru,1,16
1080,-2.092819213867184,-1.9577830402356824,Ru,1,16
1081,-2.572925567626956,-2.551540395420431,Ru,2,16
1082,-2.397739410400386,-2.277105637909616,Ru,2,16
1083,-1.9947457313537555,-1.9572575677161512,Ru,1,16
1084,-1.9562077522277823,-1.9569224259919247,Ru,2,16
1085,-2.103363037109374,-1.970988918825936,Ru,1,16
1086,-1.7125544548034697,-1.8669579149160889,Ru,1,16
1087,-1.90718841552734,-1.877173870416697,Ru,1,16
1088,-2.1408271789550737,-2.1454155905306593,Ru,3,16
1089,-1.693632125854485,-1.7197951971219794,Ru,1,16
1090,-1.6792678833007797,-1.6918446058201855,Ru,1,16
1091,-1.9650259017944336,-1.9032407184678644,Ru,1,16
1092,-2.125961780548095,-1.9678387749376298,Ru,1,16
1093,-1.7797732353210425,-1.7802735469666593,Ru,1,16
1094,-1.7631101608276367,-1.7958523382922857,Ru,1,16
1095,-2.07582569122314,-2.0109421971945842,Ru,2,16
1096,-1.7704410552978498,-1.8251049404978226,Ru,1,16
1097,-1.9918842315673784,-1.977786590662154,Ru,2,16
1098,-1.8942627906799308,-1.941349443809353,Ir,2,17
1099,-1.9867134094238272,-1.9791853571160631,Ir,2,17
1100,-2.1147546768188485,-2.0997453677898674,Ir,2,17
1101,-1.9638700485229488,-1.9898700076670337,Ir,2,17
1102,-2.0955939292907724,-2.059436771469675,Ir,2,17
1103,-1.7879428863525415,-1.751303059535989,Ir,1,17
1104,-2.1151766777038548,-2.069967331089152,Ir,3,17
1105,-1.9307041168212908,-1.9054715572983347,Ir,2,17
1106,-1.5217046737670925,-1.536265357524741,Ir,1,17
1107,-1.6798639297485345,-1.705049710320435,Ir,1,17
1108,-1.6777710914611834,-1.6432008895727557,Ir,1,17
1109,-1.8966484069824192,-1.8676550657668007,Ir,1,17
1110,-2.0923867225646973,-2.0919302355395546,Ir,3,17
1111,-1.8395986557006845,-1.885093809964624,Ir,2,17
1112,-2.0881037712097186,-2.0252204291922955,Ir,2,17
1113,-2.31636619567871,-2.1362288198481347,Ir,2,17
1114,-2.0371131896972665,-2.0791279239029095,Ir,3,17
1115,-1.555997371673576,-1.5452536454544132,Ir,1,17
1116,-1.993032932281494,-2.0482885913811013,Ir,2,17
1117,-2.0195121765136728,-2.0226947434134117,Ir,3,17
1118,-1.6113829612731898,-1.7272181186934863,Ir,1,17
1119,-1.7952799797058123,-1.7203387321552768,Ir,1,17
1120,-2.027364730834961,-1.9821020686753896,Ir,2,17
1121,-1.85193061828613,-1.8424100188961756,Ir,1,17
1122,-1.8453893661499008,-1.7662655056176118,Ir,1,17
1123,-2.3218965530395472,-2.3069468824800783,Ir,3,17
1124,-1.9711575508117631,-1.8510726574070628,Ir,1,17
1125,-2.045885562896726,-2.0875336540744494,Ir,3,17
1126,-1.9014358520507777,-1.8934887054528813,Ir,2,17
1127,-2.046597480773926,-2.036038369048588,Ir,3,17
1128,-1.162448883056638,-1.1738675435900068,Pd,2,17
1129,-0.8584508895874023,-0.9318590892225551,Pd,1,17
1130,-1.1612524986267123,-1.1954104976068438,Pd,2,17
1131,-1.0213003158569336,-1.0469109965511008,Pd,1,17
1132,-0.9385213851928677,-0.9503017079455004,Pd,1,17
1133,-0.810442447662358,-0.9087398251951407,Pd,1,17
1134,-0.9003143310546831,-0.9421783521596597,Pd,1,17
1135,-0.8963251113891602,-0.9081698914295554,Pd,1,17
1136,-0.9082746505737288,-0.9806222488664013,Pd,1,17
1137,-1.2525320053100586,-1.3428375178011331,Pd,3,17
1138,-0.8906760215759277,-0.938530101762502,Pd,1,17
1139,-1.0118932723999023,-1.0492933640251307,Pd,1,17
1140,-1.2926435470581037,-1.315373190954152,Pd,3,17
1141,-0.910599708557128,-0.9102778870333224,Pd,1,17
1142,-0.971770763397214,-1.0403044550408445,Pd,1,17
1143,-1.2706732749938991,-1.3289491613436688,Pd,3,17
1144,-0.8973197937011692,-0.9055633708726631,Pd,1,17
1145,-0.9448962211608868,-0.912006313381356,Pd,1,17
1146,-1.2752242088317862,-1.2818475719267228,Pd,2,17
1147,-0.9646306037902797,-0.9901043840757942,Pd,1,17
1148,-1.0131053924560511,-0.9968393375983603,Pd,1,17
1149,-1.1384258270263654,-1.179035080954551,Pd,2,17
1150,-0.8936595916748074,-0.9292304167132007,Pd,1,17
1151,-1.2638111114501918,-1.287334115621458,Pd,3,17
1152,-1.1182599067687995,-1.1457302750643272,Pt,1,17
1153,-1.0312094688415518,-1.119272357051514,Pt,1,17
1154,-1.5771327018737784,-1.5829993505822415,Pt,2,17
1155,-1.4832916259765652,-1.557221573343357,Pt,3,17
1156,-1.0615959167480442,-1.1725061057340134,Pt,1,17
1157,-1.47642087936401,-1.52097685916675,Pt,2,17
1158,-1.065712451934813,-1.161114299089365,Pt,1,17
1159,-1.6330876350402803,-1.590118289375201,Pt,2,17
1160,-1.0908946990966806,-1.1471420774887489,Pt,1,17
1161,-0.9977827072143528,-1.126977453744438,Pt,1,17
1162,-1.0997672080993617,-1.159893116285611,Pt,1,17
1163,-1.282160758972167,-1.2327448558475143,Pt,2,17
1164,-1.4506964683532724,-1.4563215816169235,Pt,2,17
1165,-1.1368913650512686,-1.2140478778574921,Pt,1,17
1166,-1.4651002883911115,-1.4876573734095195,Pt,2,17
1167,-1.5852694511413556,-1.5657171619335608,Pt,3,17
1168,-1.3447322845459002,-1.302821812251211,Pt,2,17
1169,-1.5978217124938947,-1.5894609019837687,Pt,3,17
1170,-1.1031990051269505,-1.085752061725016,Pt,1,17
1171,-1.5324645042419434,-1.4917974143692019,Pt,2,17
1172,-1.7159175872802734,-1.7491106205421176,Pt,3,17
1173,-1.4653277397155744,-1.4391912609159272,Pt,2,17
1174,-1.4027471542358372,-1.3907553174275857,Rh,1,17
1175,-1.885893821716305,-1.7536383531247597,Rh,3,17
1176,-1.4547944068908656,-1.4910842995482472,Rh,1,17
1177,-1.2797698974609402,-1.3470004496991326,Rh,1,17
1178,-1.688049793243409,-1.7224830247182288,Rh,3,17
1179,-1.3261780738830575,-1.3521812931645378,Rh,1,17
1180,-1.4016666412353516,-1.4132287005301114,Rh,1,17
1181,-1.455350399017334,-1.5096092289691612,Rh,2,17
1182,-1.2993845939636248,-1.22158572801356,Rh,1,17
1183,-1.6384067535400355,-1.6727435609074424,Rh,3,17
1184,-1.569128990173338,-1.5530534452078568,Rh,2,17
1185,-1.4055767059326154,-1.4390965712523822,Rh,1,17
1186,-1.641626358032223,-1.5797905629458964,Rh,2,17
1187,-1.3384523391723606,-1.3134481863161382,Rh,1,17
1188,-1.463417530059813,-1.4584740199007076,Rh,1,17
1189,-1.430377960205079,-1.4658487750805027,Rh,2,17
1190,-1.5909690856933532,-1.5577566883593632,Rh,2,17
1191,-1.6286549568176216,-1.7059045155082464,Rh,3,17
1192,-1.4600310325622576,-1.4324498844894744,Rh,1,17
1193,-1.479275703430177,-1.472019154778001,Rh,1,17
1194,-1.3424673080444345,-1.3785482802450835,Rh,1,17
1195,-1.506492614746091,-1.5220757493075647,Rh,1,17
1196,-1.4528841972351048,-1.4175866322119364,Rh,1,17
1197,-1.5069065093994087,-1.508784304955212,Rh,1,17
1198,-1.4830908775329554,-1.4952779182431786,Rh,1,17
1199,-1.684718132019043,-1.6797302776030547,Rh,2,17
1200,-1.7990889549255398,-1.7788297966896058,Rh,3,17
1201,-1.945652961730957,-1.9397069977691863,Ru,1,17
1202,-2.1832656860351545,-2.1926911106730955,Ru,3,17
1203,-2.06055736541748,-2.1375857458946714,Ru,3,17
1204,-2.053311347961424,-1.9376098306040062,Ru,1,17
1205,-2.0391836166381845,-1.9931022658257092,Ru,2,17
1206,-1.8898286819458008,-1.901392146883935,Ru,1,17
1207,-1.7687573432922346,-1.8194828506404002,Ru,1,17
1208,-2.176513671875001,-2.094750521884615,Ru,2,17
1209,-1.976330280303956,-1.936940729689306,Ru,1,17
1210,-2.1098852157592773,-2.142411493124158,Ru,3,17
1211,-2.0194129943847656,-1.9698970367211739,Ru,2,17
1212,-1.9698286056518544,-1.9623531254439122,Ru,2,17
1213,-1.7537765502929688,-1.8752016082780183,Ru,1,17
1214,-2.1349792480468697,-2.1620440456703527,Ru,3,17
1215,-1.89654731750488,-1.905918742590395,Ru,1,17
1216,-1.9340939521789515,-1.8995636661426936,Ru,1,17
1217,-1.8001399040222186,-1.7903650389078833,Ru,1,17
1218,-2.198850154876709,-2.143721406557971,Ru,2,17
1219,-1.910418510437009,-1.9570210094420406,Ru,1,17
1220,-1.9880275726318344,-1.940177793670514,Ir,2,18
1221,-1.7202363014221147,-1.7580036247021786,Ir,1,18
1222,-1.7718114852905282,-1.759932849659756,Ir,1,18
1223,-1.873129367828368,-1.7957746218477548,Ir,1,18
1224,-2.089128494262691,-1.9549843751408678,Ir,2,18
1225,-1.9177041053771933,-1.924330876277353,Ir,2,18
1226,-1.962600231170652,-2.0322192719603334,Ir,3,18
1227,-1.9260239601135227,-1.8492592409179298,Ir,1,18
1228,-1.8514218330383287,-1.8776419667377922,Ir,2,18
1229,-1.6226005554199192,-1.6298283621342688,Ir,1,18
1230,-1.561621189117429,-1.6100102118199477,Ir,1,18
1231,-1.519821166992184,-1.5428654313678742,Ir,1,18
1232,-1.7600173950195297,-1.6583540394460836,Ir,1,18
1233,-1.88755464553833,-1.8928398795998906,Ir,2,18
1234,-2.0260353088378915,-1.901160358231394,Ir,2,18
1235,-1.9963245391845688,-2.0469753044191723,Ir,3,18
1236,-1.99461221694946,-1.837031290083136,Ir,1,18
1237,-2.0071821212768555,-1.9379300032080433,Ir,2,18
1238,-0.9164700508117658,-0.9188517638106068,Pd,1,18
1239,-1.2545218467712385,-1.2879878852304252,Pd,3,18
1240,-0.9522724151611291,-0.995895779532588,Pd,1,18
1241,-1.1129736900329572,-1.129360188518197,Pd,2,18
1242,-1.2229008674621549,-1.1802092650664056,Pd,2,18
1243,-1.413934230804438,-1.4127475317995988,Pd,3,18
1244,-0.8325724601745605,-0.8782060763254436,Pd,1,18
1245,-1.41657972335815,-1.3489572159747594,Pd,2,18
1246,-1.1322469711303684,-1.0503472681805923,Pd,1,18
1247,-1.2487454414367685,-1.1917649543210869,Pd,2,18
1248,-1.1028528213500923,-1.0725536983327424,Pd,1,18
1249,-1.3975124359130868,-1.4093004232235975,Pd,3,18
1250,-1.3874349594116175,-1.4122125458997132,Pd,3,18
1251,-1.2082457542419416,-1.1746036169223009,Pd,2,18
1252,-0.8610944747924787,-0.9227740633372469,Pd,1,18
1253,-0.943229675292966,-0.9513807261407611,Pd,1,18
1254,-1.6163272857665998,-1.442257317122975,Pd,3,18
1255,-1.5059208869934038,-1.442257317122975,Pd,3,18
1256,-1.2728266716003382,-1.2271182410803185,Pd,3,18
1257,-1.2269687652587835,-1.2167831692948794,Pd,3,18
1258,-0.9183459281921352,-0.9266274549888465,Pd,1,18
1259,-0.9728655815124484,-1.0129588762110424,Pd,1,18
1260,-0.909970283508298,-0.9555992064788589,Pd,1,18
1261,-0.9939675331115732,-0.9589323347381264,Pd,1,18
1262,-0.8682136535644505,-0.9015020353811573,Pd,1,18
1263,-1.263620376586914,-1.2845296743477088,Pd,3,18
1264,-1.2858066558837846,-1.2751473514491847,Pd,3,18
1265,-1.587551116943355,-1.6134511213799165,Pt,2,18
1266,-1.575423240661619,-1.5816966346691232,Pt,3,18
1267,-1.2551097869873002,-1.2410623879388167,Pt,1,18
1268,-1.3521161079406712,-1.4321176415705292,Pt,2,18
1269,-1.2172207832336328,-1.255138939675645,Pt,1,18
1270,-1.2305107116699183,-1.1404540398435579,Pt,1,18
1271,-1.267327308654779,-1.2841099244659027,Pt,1,18
1272,-1.135031700134275,-1.1414755778149575,Pt,1,18
1273,-1.3879275321960414,-1.387516298884369,Pt,2,18
1274,-1.3523912429809517,-1.3045404060009933,Pt,1,18
1275,-1.7102756500244114,-1.670044032377569,Pt,2,18
1276,-1.3062486648559544,-1.366593372379849,Pt,1,18
1277,-1.1280989646911586,-1.175334321192986,Pt,1,18
1278,-1.4611039161682102,-1.477451880452307,Pt,2,18
1279,-1.3117041587829623,-1.2506820416055164,Pt,1,18
1280,-1.4750475883483904,-1.41122928043633,Pt,2,18
1281,-1.4455738067626944,-1.4033057757888696,Pt,2,18
1282,-1.6534705162048278,-1.7002152200169067,Pt,3,18
1283,-1.1913876533508292,-1.2951483905192165,Pt,1,18
1284,-1.5440773963928214,-1.5451816895941817,Pt,2,18
1285,-1.155647754669184,-1.1696287355644377,Pt,1,18
1286,-1.180464744567869,-1.1366796887840582,Pt,1,18
1287,-1.53151226043701,-1.5540093450387509,Pt,3,18
1288,-1.7337183952331543,-1.6792215542766025,Rh,2,18
1289,-1.4869995117187464,-1.4948156228395941,Rh,1,18
1290,-1.3827633857727024,-1.4347740645671512,Rh,1,18
1291,-1.4836030006408656,-1.4826400365125953,Rh,1,18
1292,-1.7408232688903764,-1.7759097262926578,Rh,3,18
1293,-1.5392880439758247,-1.520748592632767,Rh,1,18
1294,-1.8901448249816868,-1.7810854745745446,Rh,2,18
1295,-1.5389370918273908,-1.5228888210724691,Rh,1,18
1296,-1.3895883560180646,-1.4391464850312696,Rh,1,18
1297,-1.4478163719177175,-1.4535597588395726,Rh,1,18
1298,-1.5769472122192385,-1.578308103629747,Rh,2,18
1299,-1.5833725929260236,-1.661225742189202,Rh,3,18
1300,-1.5622467994689933,-1.5830208739566924,Rh,2,18
1301,-1.7578749656677202,-1.6833714066827734,Rh,2,18
1302,-1.7529840469360334,-1.7504616061471854,Rh,3,18
1303,-1.5418090820312471,-1.525260027680912,Rh,1,18
1304,-1.6093635559082005,-1.5767231606781598,Rh,2,18
1305,-1.6810832023620597,-1.6861831382008374,Rh,3,18
1306,-1.3744454383850035,-1.3929630771932824,Rh,1,18
1307,-1.3792843818664524,-1.4109391697632956,Rh,1,18
1308,-1.4107422828674272,-1.4805368446061884,Rh,1,18
1309,-1.4046769142150843,-1.443714048945071,Rh,1,18
1310,-1.4108562469482386,-1.4421309055841824,Rh,1,18
1311,-1.6359238624572745,-1.7214530746949115,Rh,3,18
1312,-1.3774933815002397,-1.41377395215844,Rh,1,18
1313,-1.358062267303466,-1.3109786132990828,Rh,1,18
1314,-1.2842411994934049,-1.3134639676117887,Rh,1,18
1315,-1.410900115966795,-1.3756129098853624,Rh,1,18
1316,-1.7791824340820312,-1.7348832547921251,Rh,2,18
1317,-1.6059608459472663,-1.5894359235550188,Rh,2,18
1318,-2.1199450492858816,-2.043991382383339,Ru,2,18
1319,-2.064120769500728,-1.9502416908004598,Ru,1,18
1320,-1.8497648239135709,-1.9296243490668235,Ru,1,18
1321,-2.507008552551265,-2.3643543571102295,Ru,2,18
1322,-1.828032016754152,-1.9210412302610351,Ru,1,18
1323,-2.012997150421139,-2.079757012008237,Ru,3,18
1324,-2.046084880828851,-2.0003375246443618,Ru,2,18
1325,-1.8727159500122017,-1.8811696389406056,Ru,1,18
1326,-1.926898479461668,-1.8407993790854853,Ru,1,18
1327,-2.080613136291504,-1.9535564110189485,Ru,1,18
1328,-2.0133099555969203,-1.9315133796805197,Ru,1,18
1329,-1.7191581726074157,-1.7358391565732012,Ru,1,18
1330,-2.3432168960571254,-2.1601039468800067,Ru,2,18
1331,-2.073086738586425,-2.0798702666373425,Ru,3,18
1332,-1.7497267723083525,-1.7993954149484388,Ru,1,18
1333,-1.7371387481689418,-1.734100834049552,Ru,1,18
1334,-2.019445419311519,-2.0650175953156205,Ru,2,18
1335,-2.140057563781736,-2.053859899220968,Ru,2,18
1336,-1.8553357124328576,-1.9091120381601299,Ru,1,18
1337,-2.165869712829587,-2.204826133703923,Ru,3,18
1338,-1.875149250030516,-1.9612377135395151,Ru,2,18
1339,-1.960108757019044,-2.0848100233068547,Ru,3,18
1340,-2.0351891517639125,-1.9763237493544183,Ru,2,18
1341,-1.756507396697998,-1.8651299018998755,Ru,1,18
1342,-2.04301071166992,-1.9463284286412097,Ir,2,19
1343,-1.6110849380493182,-1.5616289731339328,Ir,1,19
1344,-1.6787195205688468,-1.6068191920830528,Ir,1,19
1345,-2.0632824897766104,-2.084194248842046,Ir,3,19
1346,-1.6643190383911142,-1.7417829266826192,Ir,1,19
1347,-1.9712343215942347,-1.9246353355888408,Ir,2,19
1348,-1.89019060134888,-1.9068984351471396,Ir,2,19
1349,-1.7295980453491184,-1.7196657138779754,Ir,1,19
1350,-2.325516223907467,-2.167550099763788,Ir,2,19
1351,-1.878257274627684,-1.8954849269224447,Ir,2,19
1352,-1.9085798263549825,-1.885618720061996,Ir,1,19
1353,-2.142452716827392,-2.143228787414503,Ir,3,19
1354,-2.021443843841551,-1.9705025182775682,Ir,2,19
1355,-2.196587085723876,-2.0539702232004777,Ir,2,19
1356,-1.9012460708618133,-1.9183826028082112,Ir,2,19
1357,-1.895135879516597,-2.0102605869140615,Ir,2,19
1358,-1.967271804809568,-1.9278576454036511,Ir,2,19
1359,-1.6588745117187518,-1.7090506431779227,Ir,1,19
1360,-1.9056143760681128,-1.928393014256824,Ir,2,19
1361,-2.003161430358884,-2.104738762424104,Ir,3,19
1362,-1.902740478515625,-1.96427660878985,Ir,2,19
1363,-0.8599262237548801,-0.9215394930036939,Pd,1,19
1364,-1.2212414741516089,-1.2347489856982254,Pd,3,19
1365,-1.15159225463867,-1.121774841864718,Pd,1,19
1366,-1.2265014648437509,-1.196243082348982,Pd,2,19
1367,-1.2620034217834455,-1.2004862588395242,Pd,2,19
1368,-0.817868709564209,-0.8569009702969428,Pd,1,19
1369,-0.991590023040774,-1.0375156481107206,Pd,1,19
1370,-0.8681025505065918,-0.8469386950157664,Pd,1,19
1371,-1.1292605400085431,-1.0713576378603933,Pd,1,19
1372,-0.964524269104003,-0.9486014584808087,Pd,1,19
1373,-1.0366034507751456,-0.9746627181373321,Pd,1,19
1374,-1.394951343536376,-1.395977258984675,Pd,3,19
1375,-0.8661260604858398,-0.8801939098739743,Pd,1,19
1376,-1.365271568298339,-1.4021954412848892,Pd,3,19
1377,-1.0736784934997583,-1.0314011196227615,Pd,1,19
1378,-1.1706318855285636,-1.1804004904833922,Pd,2,19
1379,-0.9158492088317852,-0.9513807261407611,Pd,1,19
1380,-1.2975330352783168,-1.3509490483496067,Pd,3,19
1381,-1.1425514221191406,-1.160043741601903,Pd,2,19
1382,-0.9279608726501456,-0.9196288649852299,Pd,1,19
1383,-0.831493854522706,-0.8830285307332646,Pd,1,19
1384,-0.9793629646301224,-1.0729387494735636,Pd,1,19
1385,-1.394749641418456,-1.413280715830657,Pd,3,19
1386,-1.6267704963684064,-1.5365548647721545,Pt,2,19
1387,-1.7695450782775914,-1.739518489532278,Pt,3,19
1388,-1.20177936553955,-1.2513663496304233,Pt,1,19
1389,-1.5376152992248515,-1.5100132391483254,Pt,2,19
1390,-1.1116075515747044,-1.0718958762494302,Pt,1,19
1391,-1.6411981582641566,-1.6782137250255946,Pt,3,19
1392,-1.6705121994018537,-1.651720661687816,Pt,2,19
1393,-1.0940785408020046,-1.1313429265450279,Pt,1,19
1394,-1.0645928382873526,-1.148285932815535,Pt,1,19
1395,-1.2134976387023944,-1.1716977766889571,Pt,1,19
1396,-1.5222110748291031,-1.4891790430237979,Pt,2,19
1397,-1.4552392959594735,-1.4372470713444523,Pt,2,19
1398,-1.6002793312072772,-1.6385012901300866,Pt,3,19
1399,-1.1902990341186506,-1.1685533352728896,Pt,1,19
1400,-1.1778478622436488,-1.2094782704980114,Pt,1,19
1401,-1.5962829589843706,-1.6746182527453546,Pt,3,19
1402,-1.260033130645751,-1.26231407545648,Pt,1,19
1403,-1.206914901733401,-1.2243356841292927,Pt,1,19
1404,-1.1578407287597638,-1.1780319091016058,Pt,1,19
1405,-1.2182240486145035,-1.2450895522236267,Pt,1,19
1406,-1.1356964111328116,-1.1551073592973713,Pt,1,19
1407,-1.1508855819702148,-1.1510870011508305,Pt,1,19
1408,-1.6044807434082011,-1.639456896998818,Pt,3,19
1409,-1.627686977386472,-1.6291557788954045,Pt,2,19
1410,-1.4647669792175275,-1.5238988260168833,Pt,2,19
1411,-1.5057191848754865,-1.5572192788173964,Pt,3,19
1412,-1.6293225288391078,-1.6247058330133035,Rh,2,19
1413,-1.3655128479003888,-1.3855723479499824,Rh,1,19
1414,-1.5671386718749991,-1.530365513601665,Rh,1,19
1415,-1.3568491935729954,-1.4248699439803068,Rh,1,19
1416,-1.7341132164001438,-1.6773682597563435,Rh,2,19
1417,-1.480473518371583,-1.5362895910805454,Rh,2,19
1418,-1.77691316604614,-1.7826882485065845,Rh,3,19
1419,-1.4145994186401332,-1.4536559169279064,Rh,1,19
1420,-1.5568547248840332,-1.6426955298833397,Rh,3,19
1421,-1.6781735420227015,-1.613390473293249,Rh,2,19
1422,-1.5572309494018528,-1.5975056812163249,Rh,2,19
1423,-1.5905361175537074,-1.5335931223901371,Rh,1,19
1424,-1.416257381439208,-1.3947344299033289,Rh,1,19
1425,-1.5707955360412589,-1.6041806025778864,Rh,3,19
1426,-1.3950214385986284,-1.4404893437104653,Rh,1,19
1427,-1.3698859214782706,-1.3851768340039394,Rh,1,19
1428,-1.2960438728332484,-1.3201008973877626,Rh,1,19
1429,-1.403140544891352,-1.5010945484082896,Rh,1,19
1430,-1.6480689048767054,-1.662394478016267,Rh,2,19
1431,-1.3664212226867676,-1.350574071482532,Rh,1,19
1432,-1.500108718872073,-1.5149820751901641,Rh,1,19
1433,-1.7229270935058576,-1.7685401620728698,Rh,3,19
1434,-1.812254905700684,-1.9519591475074762,Ru,2,19
1435,-1.769953250885008,-1.7307842894163719,Ru,1,19
1436,-1.860549926757808,-2.012450316351194,Ru,3,19
1437,-1.7532916069030715,-1.951739114418548,Ru,2,19
1438,-1.815167427062984,-1.8800243862787982,Ru,1,19
1439,-1.8214888572692889,-1.8064008543528434,Ru,1,19
1440,-2.2968115806579545,-2.0039977788780683,Ru,1,19
1441,-1.7489705085754403,-1.754519043601406,Ru,1,19
1442,-1.7485313415527344,-1.9647515866984722,Ru,3,19
1443,-1.8673229217529328,-1.919457223896132,Ru,1,19
1444,-1.9962406158447257,-1.9900120166266144,Ru,2,19
1445,-1.7811522483825684,-1.748492753234561,Ru,1,19
1446,-1.899693965911864,-2.0579075287413766,Ru,3,19
1447,-2.067445278167725,-2.033766990951813,Ru,2,19
1448,-1.6318225860595694,-1.667674118775515,Ru,1,19
1449,-1.95148992538452,-1.9058590515662395,Ru,1,19
1450,-2.0061678886413574,-2.0626199637940417,Ru,3,19
1451,-1.7531256675720286,-1.8185790005266376,Ru,1,19
1452,-2.088615417480467,-2.0945629790696954,Ru,2,19
1453,-1.8044619560241648,-1.8728637214689503,Ru,1,19
1454,-2.029386043548583,-2.006270169429897,Ru,2,19
1455,-1.649374008178711,-1.6769640859130786,Ru,1,19
1456,-1.8029298782348635,-1.7990159487936714,Ru,1,19
1457,-1.896536350250245,-1.918603523325828,Ru,1,19
1458,-2.0879058837890616,-2.12186336898325,Ru,3,19
1459,-2.000308036804197,-1.9306317636697907,Ru,1,19
1460,-1.8798265457153287,-2.0387911125302094,Ru,3,19
1461,-1.7650580406188938,-1.8728723697482994,Ru,1,19
1462,-1.633683204650878,-1.6703940506883919,Ru,1,19
1463,-2.346968650817874,-2.182023059707398,Ru,2,19
1464,-1.917542934417724,-1.9154463807850146,Ir,1,20
1465,-1.8241348266601567,-1.7796526820025549,Ir,1,20
1466,-1.6358184814453107,-1.5768574095530876,Ir,1,20
1467,-1.7038769721984854,-1.692027271324132,Ir,1,20
1468,-2.014373302459717,-2.0259973669021245,Ir,3,20
1469,-1.9241943359374964,-1.8169096821483963,Ir,1,20
1470,-1.9702596664428729,-2.0326729448002463,Ir,3,20
1471,-1.4729118347167942,-1.4946706874049263,Ir,1,20
1472,-1.6591749191284153,-1.6519551250173914,Ir,1,20
1473,-1.728386402130126,-1.7256134293490857,Ir,1,20
1474,-1.5174908638000506,-1.5351345204184816,Ir,1,20
1475,-1.87475776672363,-1.8783291572578298,Ir,2,20
1476,-1.939028263092041,-1.895585257534839,Ir,2,20
1477,-2.0964193344116184,-1.9445849910413395,Ir,1,20
1478,-2.15804100036621,-2.1237079510311307,Ir,3,20
1479,-1.6753263473510724,-1.6677217380994152,Ir,1,20
1480,-1.996831893920897,-2.070137765982406,Ir,3,20
1481,-2.067726612091062,-2.077411995795615,Ir,3,20
1482,-1.8281178474426223,-1.835454051531131,Ir,1,20
1483,-1.5935115814208969,-1.664942000162327,Ir,1,20
1484,-1.6360678672790536,-1.6969112092982288,Ir,1,20
1485,-1.751636505126955,-1.7639391268733164,Ir,1,20
1486,-2.1774506568908656,-2.2156874693455424,Ir,3,20
1487,-2.1415410041809047,-2.044201996677997,Ir,2,20
1488,-1.1602630615234375,-1.1845879917623976,Pd,2,20
1489,-1.118790626525879,-1.1536083670959647,Pd,2,20
1490,-0.9768052101135244,-0.9523547950177423,Pd,1,20
1491,-1.398468017578126,-1.2852041008241504,Pd,2,20
1492,-1.562461853027342,-1.442257317122975,Pd,3,20
1493,-1.0335350036621076,-1.026048517174608,Pd,1,20
1494,-1.5261178016662589,-1.442257317122975,Pd,3,20
1495,-1.321202754974359,-1.2360517207639106,Pd,2,20
1496,-1.1281123161315882,-1.1724378195102074,Pd,2,20
1497,-0.8281145095825178,-0.860646101226492,Pd,1,20
1498,-0.9340562820434553,-0.9271238615208366,Pd,1,20
1499,-0.9508080482482876,-0.9241771193181947,Pd,1,20
1500,-1.4161739349365217,-1.4115715055788771,Pd,3,20
1501,-1.1201052665710425,-1.1874359901707445,Pd,2,20
1502,-0.946623802185055,-0.9773366374033085,Pd,1,20
1503,-0.9068121910095196,-0.9685144265211726,Pd,1,20
1504,-1.0889105796813947,-1.1338264932107063,Pd,2,20
1505,-0.9762630462646484,-0.9977402232955729,Pd,1,20
1506,-1.0798988342285138,-1.092102966554788,Pd,1,20
1507,-1.0612254142761204,-1.05664756296928,Pd,1,20
1508,-1.0133905410766575,-1.0525368871678826,Pd,1,20
1509,-0.9708290100097638,-0.974876456592385,Pd,1,20
1510,-1.5159616470336923,-1.442257317122975,Pd,3,20
1511,-1.361225128173828,-1.3771052597514586,Pd,3,20
1512,-1.1392602920532209,-1.1549700939440577,Pt,1,20
1513,-1.963528633117676,-1.777700621277628,Pt,3,20
1514,-1.0486350059509268,-1.1001883727297253,Pt,1,20
1515,-1.364484786987303,-1.3756265319673147,Pt,2,20
1516,-1.1602516174316353,-1.1078738941562798,Pt,1,20
1517,-1.2914843559265083,-1.3087575219954746,Pt,1,20
1518,-1.3378667831420934,-1.3518253238064473,Pt,2,20
1519,-1.1928110122680655,-1.2109623917481651,Pt,1,20
1520,-1.335791587829589,-1.364694743681687,Pt,2,20
1521,-1.3509588241577148,-1.2278803951917394,Pt,1,20
1522,-1.1890816688537598,-1.266583955119635,Pt,1,20
1523,-1.1683359146118135,-1.2120932699131983,Pt,1,20
1524,-1.2909140586853018,-1.3742597662405462,Pt,1,20
1525,-1.068622112274169,-1.148839809034455,Pt,1,20
1526,-1.040259838104249,-1.1006558256140648,Pt,1,20
1527,-1.6963391304016104,-1.7628983024342466,Pt,3,20
1528,-1.168817520141599,-1.138005461711861,Pt,1,20
1529,-1.1359310150146475,-1.1860630969342714,Pt,1,20
1530,-1.5740432739257804,-1.4874689812129156,Pt,2,20
1531,-1.5848073959350542,-1.5953616071467844,Pt,3,20
1532,-1.5814218521118155,-1.6436202144033478,Pt,3,20
1533,-1.6830673217773384,-1.723903630959986,Rh,3,20
1534,-1.643743515014651,-1.627651301846582,Rh,2,20
1535,-1.647613525390624,-1.5807765614673335,Rh,2,20
1536,-1.5330548286437988,-1.5057558625020802,Rh,1,20
1537,-1.5398383140563956,-1.5430054605977355,Rh,2,20
1538,-1.4692659378051784,-1.4341512997431736,Rh,1,20
1539,-1.4751811027526829,-1.4405974613440646,Rh,1,20
1540,-1.2610206604003888,-1.295361478966735,Rh,1,20
1541,-1.573863506317137,-1.5914221924552168,Rh,3,20
1542,-1.6335601806640625,-1.6353196919855695,Rh,2,20
1543,-1.491334915161132,-1.507153595542647,Rh,1,20
1544,-1.5573053359985298,-1.573837995196873,Rh,2,20
1545,-1.2912979125976545,-1.423024613043814,Rh,1,20
1546,-1.5970110893249512,-1.6120069819286484,Rh,2,20
1547,-1.641560554504392,-1.719819317834966,Rh,3,20
1548,-1.631659507751463,-1.6141027797456213,Rh,2,20
1549,-1.7266969680786115,-1.6828882373205771,Rh,2,20
1550,-1.7546882629394505,-1.7869847442688747,Rh,3,20
1551,-1.6064758300781223,-1.6265443489093694,Rh,2,20
1552,-2.0635256767272905,-1.927779903604976,Rh,2,20
1553,-1.408857345581053,-1.473799642543628,Rh,1,20
1554,-1.6564173698425275,-1.7394530332203513,Rh,3,20
1555,-1.493494033813472,-1.4610674435098558,Rh,1,20
1556,-1.5300679206848136,-1.5468775184288452,Rh,2,20
1557,-1.4688153266906694,-1.4685887961423651,Rh,1,20
1558,-1.7611446380615217,-1.6954718813147407,Rh,2,20
1559,-1.7619438171386737,-1.9353068405015208,Ru,2,20
1560,-1.90179109573364,-1.90329508093557,Ru,1,20
1561,-1.7535743713378888,-1.763980969716455,Ru,1,20
1562,-1.853077411651612,-1.895599394423479,Ru,1,20
1563,-1.967535972595216,-2.0436428074826907,Ru,3,20
1564,-2.038053035736084,-2.030805769366438,Ru,2,20
1565,-2.1573147773742622,-1.953756125268613,Ru,1,20
1566,-2.025627136230466,-1.9422731046706108,Ru,1,20
1567,-1.7197990417480442,-1.7873525229709903,Ru,1,20
1568,-1.8141961097717267,-1.9385371614007896,Ru,2,20
1569,-1.7222881317138643,-1.7484480988673328,Ru,1,20
1570,-1.8694067001342736,-1.9556565169637585,Ru,2,20
1571,-1.856651782989502,-1.9466671716174384,Ru,2,20
1572,-1.7662220001220694,-1.7384002890231665,Ru,1,20
1573,-2.0489368438720668,-2.052859293979404,Ru,2,20
1574,-2.0517721176147417,-1.9429787036784723,Ru,1,20
1575,-1.944051265716551,-2.0554541998368707,Ru,3,20
1576,-1.8890142440795847,-2.0282939124801733,Ru,3,20
1577,-2.0606126785278267,-2.0450792408582403,Ru,2,20
1578,-1.7098479270935032,-1.907424860470652,Ru,1,20
1579,-1.933320999145507,-1.9805332817100674,Ru,2,20
1580,-2.076781272888181,-1.958643462418225,Ru,1,20
1581,-2.225722312927246,-2.2168684870415296,Ru,3,20
1582,-2.056572437286375,-2.0311478361684516,Ru,2,20
1583,-1.8428964614868133,-1.847925025014817,Ru,1,20
1584,-2.076430320739746,-2.007680516139981,Ru,2,20
1585,-1.9419183731079093,-1.9531450100337324,Ru,1,20
1586,-2.0034623146057147,-2.028761782708181,Ir,3,21
1587,-1.6663484573364276,-1.6623905264222842,Ir,1,21
1588,-1.9823746681213352,-1.9488942312973676,Ir,2,21
1589,-1.7354879379272443,-1.717787693943175,Ir,1,21
1590,-1.682262897491455,-1.6560020260485557,Ir,1,21
1591,-1.5492348670959464,-1.6165310378491247,Ir,1,21
1592,-1.657196044921875,-1.7116487180171436,Ir,1,21
1593,-1.6379852294921848,-1.6351692727804448,Ir,1,21
1594,-1.9682130813598635,-1.973013658740088,Ir,2,21
1595,-1.7696738243103027,-1.8082806138388983,Ir,1,21
1596,-1.9755859374999984,-1.854278844739366,Ir,1,21
1597,-1.9431304931640607,-1.8900325941689218,Ir,2,21
1598,-2.097744941711423,-2.125974589547311,Ir,3,21
1599,-2.112129688262941,-2.1099431807498434,Ir,3,21
1600,-1.6705441474914533,-1.729037315684861,Ir,1,21
1601,-2.0303521156311,-1.8998455689514255,Ir,1,21
1602,-2.1676893234252894,-2.1677165983639237,Ir,3,21
1603,-1.919243335723872,-1.8861514008777935,Ir,1,21
1604,-1.898163318634032,-1.9471938357613978,Ir,2,21
1605,-1.191700458526613,-1.169257865662228,Pd,2,21
1606,-1.331027984619138,-1.2608792362821728,Pd,2,21
1607,-1.2709484100341806,-1.2599290974655741,Pd,2,21
1608,-1.508065700531006,-1.442257317122975,Pd,3,21
1609,-0.8310165405273446,-0.8569009702969428,Pd,1,21
1610,-1.1262450218200677,-1.1342792844174947,Pd,2,21
1611,-0.8203444480895996,-0.8582955951314291,Pd,1,21
1612,-1.2688622474670392,-1.2342508987845577,Pd,2,21
1613,-1.088484287261962,-1.022338395953487,Pd,1,21
1614,-1.2979922294616673,-1.18290495043274,Pd,2,21
1615,-1.353752136230466,-1.3063358678195363,Pd,3,21
1616,-1.3871726989746067,-1.375055796077887,Pd,3,21
1617,-1.1435236930847168,-1.1549131543842492,Pd,2,21
1618,-0.8780155181884721,-0.9123051414687989,Pd,1,21
1619,-0.9601964950561525,-0.960551642444105,Pd,1,21
1620,-0.9396142959594708,-0.8924441749898664,Pd,1,21
1621,-1.292360782623291,-1.242478338470428,Pd,3,21
1622,-1.387446403503418,-1.337433741131257,Pd,2,21
1623,-1.215070724487303,-1.1244493908434916,Pd,1,21
1624,-1.3035311698913583,-1.2772869608574628,Pd,2,21
1625,-0.9196567535400364,-0.9640204167617188,Pd,1,21
1626,-1.0709304809570277,-1.057652444970959,Pd,1,21
1627,-0.9060573577880824,-0.9303162093384585,Pd,1,21
1628,-0.9029650688171368,-0.9293093803836686,Pd,1,21
1629,-1.5561795234680167,-1.442257317122975,Pd,3,21
1630,-1.1412076950073198,-1.1608487860655554,Pd,2,21
1631,-1.196522235870361,-1.178888953184366,Pd,2,21
1632,-1.4670557975769043,-1.4822107254089807,Pt,2,21
1633,-1.0525302886962873,-1.1409459136624744,Pt,1,21
1634,-1.814136028289795,-1.7773784313924272,Pt,3,21
1635,-1.5400171279907235,-1.5735186216168646,Pt,2,21
1636,-1.237601280212404,-1.2986235122642835,Pt,1,21
1637,-1.1890788078308132,-1.2593476946668525,Pt,1,21
1638,-1.5241184234619132,-1.428641155957281,Pt,1,21
1639,-1.8085980415344265,-1.7548267401471136,Pt,3,21
1640,-1.1912312507629412,-1.1311621347937992,Pt,1,21
1641,-1.5679721832275382,-1.5956429023234653,Pt,2,21
1642,-1.178311347961424,-1.2656428360282101,Pt,1,21
1643,-1.1655187606811523,-1.213915804476205,Pt,1,21
1644,-1.585820198059083,-1.5182480515024512,Pt,2,21
1645,-1.140427589416502,-1.2048940383691207,Pt,1,21
1646,-1.179965972900387,-1.2358120910407027,Pt,1,21
1647,-1.0495562553405735,-1.1087034776491254,Pt,1,21
1648,-1.4122319221496564,-1.3844207671688122,Pt,2,21
1649,-1.1250834465026849,-1.1162069258482457,Pt,1,21
1650,-1.5358157157897958,-1.4587621380684266,Pt,2,21
1651,-1.4254488945007342,-1.377810259141139,Pt,2,21
1652,-1.089507102966305,-1.071621386169788,Pt,1,21
1653,-1.235111713409422,-1.1558050777106659,Pt,1,21
1654,-1.5951747894287092,-1.5294928643621712,Pt,3,21
1655,-1.472747802734375,-1.3968505246511076,Pt,2,21
1656,-1.119716644287104,-1.1174391462322706,Pt,1,21
1657,-1.2226467132568324,-1.1802264473143171,Pt,1,21
1658,-1.1607460975646955,-1.2215193051664657,Pt,1,21
1659,-1.2233467102050746,-1.1928161557351338,Pt,1,21
1660,-1.1195483207702654,-1.1257816406804297,Pt,1,21
1661,-1.1535167694091797,-1.1600506845966516,Pt,1,21
1662,-1.8063416481018049,-1.758178382044444,Pt,3,21
1663,-1.618498325347896,-1.665151265054505,Pt,3,21
1664,-1.564682483673093,-1.585213241968248,Rh,2,21
1665,-1.4419646263122523,-1.4376772548917824,Rh,1,21
1666,-1.5306806564331028,-1.4888880655429562,Rh,1,21
1667,-1.5679426193237278,-1.4880702760771942,Rh,1,21
1668,-1.6988244056701634,-1.7507204512569612,Rh,3,21
1669,-1.5829801559448224,-1.5056973081037905,Rh,1,21
1670,-1.5758700370788556,-1.5696250407562773,Rh,2,21
1671,-1.3730640411376935,-1.3600258174595556,Rh,1,21
1672,-1.6826338768005336,-1.6883533630562382,Rh,3,21
1673,-1.3767461776733372,-1.3015618556710487,Rh,1,21
1674,-1.500031948089596,-1.549109043601236,Rh,2,21
1675,-1.8018465042114256,-1.783452006664175,Rh,3,21
1676,-1.408682346343994,-1.344101311440562,Rh,1,21
1677,-1.83439874649048,-1.7797101562292525,Rh,3,21
1678,-1.3490734100341788,-1.4017663684744415,Rh,1,21
1679,-1.4285759925842283,-1.3973632181772968,Rh,1,21
1680,-1.3930001258850109,-1.3784675050876714,Rh,1,21
1681,-1.3784456253051722,-1.3586730829365137,Rh,1,21
1682,-1.5483031272888157,-1.5130340601562609,Rh,1,21
1683,-1.3840661048889151,-1.4337701559137226,Rh,1,21
1684,-1.6848731040954572,-1.7059260727724044,Rh,2,21
1685,-1.6719403266906676,-1.6035997051321058,Rh,2,21
1686,-1.6930055618286115,-1.7554324552447516,Rh,3,21
1687,-1.850347042083735,-1.956933824790622,Ru,2,21
1688,-1.888143539428712,-1.9227754250050277,Ru,1,21
1689,-2.002846240997316,-1.9310898838433057,Ru,1,21
1690,-1.9355149269103973,-2.0298516155199917,Ru,3,21
1691,-1.8431601524353027,-1.951037530175671,Ru,2,21
1692,-1.7181358337402308,-1.7547880568109213,Ru,1,21
1693,-1.6924819946289,-1.7614850918699085,Ru,1,21
1694,-2.041725635528564,-2.0846953663011787,Ru,3,21
1695,-2.1307072639465297,-2.011761154269796,Ru,2,21
1696,-1.799671649932861,-1.9181224606029479,Ru,1,21
1697,-2.048040866851804,-2.013883375885332,Ru,2,21
1698,-1.932334423065185,-1.9772736177039734,Ru,2,21
1699,-1.9465026855468777,-1.900086107149213,Ru,1,21
1700,-2.038172721862794,-2.0982575132408505,Ru,3,21
1701,-1.9227800369262689,-2.028460738668387,Ru,3,21
1702,-1.9499197006225604,-2.001706563504332,Ru,2,21
1703,-1.661610603332513,-1.6993230063764513,Ru,1,21
1704,-1.930469512939455,-1.9158816866441855,Ru,1,21
1705,-1.8452806472778287,-1.9900502156806437,Ru,3,21
1706,-2.000917911529536,-1.9882920455432045,Ru,2,21
1707,-2.054296016693117,-2.0080744593737045,Ru,2,21
